,AAVE,ADA,ALGO,ATOM,AVAX,BCH,BNB,BTC,DOT,ETC,ETH,FIL,LINK,LTC,NEO,SOL,TRX,UNI,XLM,XRP
AAVE,1.0,0.6126941465055614,0.5813761755286748,0.5524420592359699,0.5426179808961048,0.5067428849171969,0.40684672501420205,0.31916438232579675,0.44337705801193655,0.46609962665242377,0.5036741993231079,0.47834767343740814,0.6135230823028077,0.6329022374570936,0.5131213744542045,0.25126257693590853,0.44879974521207094,0.6970070209969036,0.591943836440898,0.4184919561813505
ADA,0.6126941465055614,1.0,0.5848871528393643,0.5585831765620048,0.5220719567692488,0.5202798457019334,0.474221328689083,0.39587212754772,0.4740818567433444,0.49010774688842496,0.593883805752956,0.48686402000512774,0.6720812008863345,0.690397887912789,0.5021395687982545,0.24341225440269246,0.44335680927741583,0.6572714027994702,0.6474820707869415,0.5151143869331921
ALGO,0.5813761755286748,0.5848871528393643,1.0,0.595736299084883,0.4954787155693892,0.4817895487163256,0.35795511902525123,0.31304334046835547,0.4301984109041585,0.4749993923942526,0.4906564530477677,0.4717769419639444,0.6338290812982043,0.6245530849384893,0.5003434264164648,0.25339271424626236,0.45307999500299356,0.6549419525548545,0.5824102949059567,0.39302741537699293
ATOM,0.5524420592359699,0.5585831765620048,0.595736299084883,1.0,0.47360677340940915,0.45894368085363013,0.3796981609636847,0.3126601041449685,0.4308141168047638,0.4549159008725533,0.5104715300700661,0.438674953659505,0.6299359501466669,0.6131791467034112,0.4881467549978885,0.25119559840930894,0.4421663832544911,0.6096826427506724,0.5650272254491734,0.3935440165864767
AVAX,0.5426179808961048,0.5220719567692488,0.4954787155693892,0.47360677340940915,1.0,0.407704033606982,0.33407105699779366,0.24992691807138528,0.3816370505845046,0.4069752686044529,0.4300342510863377,0.45360676606258254,0.5399945576990943,0.5437320080626342,0.4669338444933023,0.2493398092627811,0.38832587947070496,0.5642319843953322,0.5043473528941369,0.3778420106200351
BCH,0.5067428849171969,0.5202798457019334,0.4817895487163256,0.45894368085363013,0.407704033606982,1.0,0.36560310925560285,0.3792313757024694,0.36535422419579755,0.42041661226776433,0.5003660110204641,0.38766326593714906,0.5761725911954643,0.591456050977846,0.4341206967542323,0.20096905771395487,0.39661912033873364,0.5609129586110534,0.5211177586750447,0.38241888777722804
BNB,0.40684672501420205,0.474221328689083,0.35795511902525123,0.3796981609636847,0.33407105699779366,0.36560310925560285,1.0,0.33325469376107464,0.34779662045318577,0.36499892272478435,0.4096665395975691,0.3115326489644928,0.463827891987822,0.46454647083826933,0.35933286651770563,0.15576410242618172,0.33718956453471505,0.4299379626539307,0.38916437901722245,0.3765149940466991
BTC,0.31916438232579675,0.39587212754772,0.31304334046835547,0.3126601041449685,0.24992691807138528,0.3792313757024694,0.33325469376107464,1.0,0.3755495066671622,0.27755805841998515,0.5611910446127053,0.21117456111087626,0.46055149586024263,0.48994771786655045,0.29293535913034163,0.18859197790788626,0.24941314157455405,0.38741799257393883,0.36750105395475147,0.3420913100548313
DOT,0.44337705801193655,0.4740818567433444,0.4301984109041585,0.4308141168047638,0.3816370505845046,0.36535422419579755,0.34779662045318577,0.3755495066671622,1.0,0.37923706204412877,0.427372282391499,0.29191124909082516,0.5005890634386876,0.44806277626286556,0.3399958520349351,0.1943786455821618,0.3829873950092495,0.42866200681447586,0.4701658038486042,0.3796538011418729
ETC,0.46609962665242377,0.49010774688842496,0.4749993923942526,0.4549159008725533,0.4069752686044529,0.42041661226776433,0.36499892272478435,0.27755805841998515,0.37923706204412877,1.0,0.41682885776085593,0.38210542956549975,0.5016732197641122,0.5418156338334917,0.4170093223546418,0.16046400057477933,0.3881301312305509,0.513796966609554,0.48575904065502057,0.37726845971752443
ETH,0.5036741993231079,0.593883805752956,0.4906564530477677,0.5104715300700661,0.4300342510863377,0.5003660110204641,0.4096665395975691,0.5611910446127053,0.427372282391499,0.41682885776085593,1.0,0.41643686824892073,0.6436413084336601,0.6739246623228283,0.4417344409758733,0.2386225034070445,0.36038320271658997,0.5858688101458567,0.5305076366996775,0.42304231928136216
FIL,0.47834767343740814,0.48686402000512774,0.4717769419639444,0.438674953659505,0.45360676606258254,0.38766326593714906,0.3115326489644928,0.21117456111087626,0.29191124909082516,0.38210542956549975,0.41643686824892073,1.0,0.5182329532991459,0.5270567037514313,0.4087613051989956,0.19531264680828975,0.3829865601140845,0.5120420045647741,0.46389950224584603,0.3641124864791163
LINK,0.6135230823028077,0.6720812008863345,0.6338290812982043,0.6299359501466669,0.5399945576990943,0.5761725911954643,0.463827891987822,0.46055149586024263,0.5005890634386876,0.5016732197641122,0.6436413084336601,0.5182329532991459,1.0,0.7244759059906057,0.5516125805136589,0.26650722623112705,0.48257478244326923,0.6975322156242812,0.6358601310814873,0.48918409296770354
LTC,0.6329022374570936,0.690397887912789,0.6245530849384893,0.6131791467034112,0.5437320080626342,0.591456050977846,0.46454647083826933,0.48994771786655045,0.44806277626286556,0.5418156338334917,0.6739246623228283,0.5270567037514313,0.7244759059906057,1.0,0.5601763070241484,0.2405979254641685,0.47867214768589916,0.7300486492345686,0.6524330239444481,0.5154361624506402
NEO,0.5131213744542045,0.5021395687982545,0.5003434264164648,0.4881467549978885,0.4669338444933023,0.4341206967542323,0.35933286651770563,0.29293535913034163,0.3399958520349351,0.4170093223546418,0.4417344409758733,0.4087613051989956,0.5516125805136589,0.5601763070241484,1.0,0.19874069052958823,0.374866067115925,0.5797166732985549,0.4974509683019122,0.35402057210779697
SOL,0.25126257693590853,0.24341225440269246,0.25339271424626236,0.25119559840930894,0.2493398092627811,0.20096905771395487,0.15576410242618172,0.18859197790788626,0.1943786455821618,0.16046400057477933,0.2386225034070445,0.19531264680828975,0.26650722623112705,0.2405979254641685,0.19874069052958823,1.0,0.16352413242527183,0.27263082580021414,0.2523299343737947,0.17735385798118775
TRX,0.44879974521207094,0.44335680927741583,0.45307999500299356,0.4421663832544911,0.38832587947070496,0.39661912033873364,0.33718956453471505,0.24941314157455405,0.3829873950092495,0.3881301312305509,0.36038320271658997,0.3829865601140845,0.48257478244326923,0.47867214768589916,0.374866067115925,0.16352413242527183,1.0,0.49241835982234283,0.4597393757365751,0.33272203585796106
UNI,0.6970070209969036,0.6572714027994702,0.6549419525548545,0.6096826427506724,0.5642319843953322,0.5609129586110534,0.4299379626539307,0.38741799257393883,0.42866200681447586,0.513796966609554,0.5858688101458567,0.5120420045647741,0.6975322156242812,0.7300486492345686,0.5797166732985549,0.27263082580021414,0.49241835982234283,1.0,0.646491766220908,0.41520072284034487
XLM,0.591943836440898,0.6474820707869415,0.5824102949059567,0.5650272254491734,0.5043473528941369,0.5211177586750447,0.38916437901722245,0.36750105395475147,0.4701658038486042,0.48575904065502057,0.5305076366996775,0.46389950224584603,0.6358601310814873,0.6524330239444481,0.4974509683019122,0.2523299343737947,0.4597393757365751,0.646491766220908,1.0,0.5182872414043203
XRP,0.4184919561813505,0.5151143869331921,0.39302741537699293,0.3935440165864767,0.3778420106200351,0.38241888777722804,0.3765149940466991,0.3420913100548313,0.3796538011418729,0.37726845971752443,0.42304231928136216,0.3641124864791163,0.48918409296770354,0.5154361624506402,0.35402057210779697,0.17735385798118775,0.33272203585796106,0.41520072284034487,0.5182872414043203,1.0
