date,action,price
2015-03-17 00:00:00-04:00,BUY,46.55328581739358
2015-07-15 00:00:00-04:00,SELL,49.89591140311137
2015-10-19 00:00:00-04:00,BUY,48.43488263262435
2015-12-10 00:00:00-05:00,SELL,46.091970219894726
2016-03-08 00:00:00-05:00,BUY,45.90544344299969
2016-05-12 00:00:00-04:00,SELL,45.88903486183275
2016-06-15 00:00:00-04:00,BUY,47.29628406028516
2016-06-30 00:00:00-04:00,SELL,46.04903239771775
2016-07-15 00:00:00-04:00,BUY,49.76599710539637
2016-09-21 00:00:00-04:00,SELL,52.0497219065954
2016-10-10 00:00:00-04:00,BUY,53.862316296551946
2017-04-18 00:00:00-04:00,SELL,63.753720736547876
2017-06-01 00:00:00-04:00,BUY,72.53951717200036
2017-07-10 00:00:00-04:00,SELL,66.37984690999262
2017-09-05 00:00:00-04:00,BUY,70.8017817219826
2017-12-07 00:00:00-05:00,SELL,73.1641352423195
2018-01-10 00:00:00-05:00,BUY,77.83893268085015
2018-02-20 00:00:00-05:00,SELL,74.5913567490295
2018-03-16 00:00:00-04:00,BUY,80.83826957910092
2018-04-26 00:00:00-04:00,SELL,75.98456617904485
2018-05-23 00:00:00-04:00,BUY,81.27638299827456
2018-07-23 00:00:00-04:00,SELL,84.05981582861743
2018-09-05 00:00:00-04:00,BUY,85.09765684572301
2018-09-10 00:00:00-04:00,SELL,82.01013831380858
2018-11-28 00:00:00-05:00,BUY,77.97880914623656
2019-01-04 00:00:00-05:00,SELL,71.02937651986079
2019-01-28 00:00:00-05:00,BUY,82.7920150317737
2019-05-23 00:00:00-04:00,SELL,87.18641464237886
2019-07-02 00:00:00-04:00,BUY,100.89684606244698
2019-08-23 00:00:00-04:00,SELL,94.27846431666256
2019-09-26 00:00:00-04:00,BUY,99.95117706091727
2019-10-21 00:00:00-04:00,SELL,97.59520770693236
2019-11-26 00:00:00-05:00,BUY,96.20465655989646
2020-02-07 00:00:00-05:00,SELL,102.3385576373354
2020-05-01 00:00:00-04:00,BUY,95.17252238376072
2020-07-31 00:00:00-04:00,SELL,104.82970064401516
2020-09-03 00:00:00-04:00,BUY,109.73030055585608
2020-09-25 00:00:00-04:00,SELL,101.067631594102
2020-10-14 00:00:00-04:00,BUY,111.86431968074251
2021-03-17 00:00:00-04:00,SELL,137.20414500858985
2021-04-07 00:00:00-04:00,BUY,147.47488073200185
2021-05-17 00:00:00-04:00,SELL,135.33428060755693
2021-06-08 00:00:00-04:00,BUY,152.52270089808016
2021-08-02 00:00:00-04:00,SELL,154.47378036541184
2021-08-16 00:00:00-04:00,BUY,155.38066832760987
2021-09-09 00:00:00-04:00,SELL,150.18676216908466
2021-09-14 00:00:00-04:00,BUY,159.63381092097677
2021-12-23 00:00:00-05:00,SELL,159.56193711556156
2022-04-05 00:00:00-04:00,BUY,150.7925553798591
2022-05-02 00:00:00-04:00,SELL,144.1395291918775
2022-06-03 00:00:00-04:00,BUY,155.298019883198
2022-06-27 00:00:00-04:00,SELL,140.8580388005349
2022-08-02 00:00:00-04:00,BUY,158.73789547952467
2022-09-13 00:00:00-04:00,SELL,141.442283900552
2022-11-15 00:00:00-05:00,BUY,156.86042222186333
2023-01-24 00:00:00-05:00,SELL,157.98210365803607
2023-01-27 00:00:00-05:00,BUY,159.07354416837
2023-05-04 00:00:00-04:00,SELL,172.03595109681433
2023-06-27 00:00:00-04:00,BUY,177.41891459581404
2023-08-18 00:00:00-04:00,SELL,165.1667143022019
2023-11-28 00:00:00-05:00,BUY,174.88403757746383
2024-02-22 00:00:00-05:00,SELL,189.01605981832702
2024-03-14 00:00:00-04:00,BUY,191.75631436015183
2024-08-05 00:00:00-04:00,SELL,199.2600498027539
2024-09-18 00:00:00-04:00,BUY,222.22010864932503
2024-11-13 00:00:00-05:00,SELL,210.471657863706
2025-01-23 00:00:00-05:00,BUY,216.34537965812547
2025-02-05 00:00:00-05:00,SELL,200.3057074290867
2025-02-26 00:00:00-05:00,BUY,229.17710094780347
2025-03-27 00:00:00-04:00,SELL,204.35990541982952
2025-05-16 00:00:00-04:00,BUY,222.45735412275957
2025-08-11 00:00:00-04:00,SELL,221.3452913286607
2025-09-02 00:00:00-04:00,BUY,243.45511404764684
2025-10-16 00:00:00-04:00,SELL,237.36133117414377
2025-12-03 00:00:00-05:00,BUY,271.09936130723554
2026-03-27 00:00:00-04:00,SELL,309.0791172527528
2026-04-21 00:00:00-04:00,BUY,380.79360351478715
2026-07-07 00:00:00-04:00,SELL,375.1868817250306
