entry_date,exit_date,entry_px,exit_px,ret_pct,days
2015-03-17 00:00:00-04:00,2015-07-15 00:00:00-04:00,46.55328581739358,49.89591140311137,7.180214085917203,120
2015-10-19 00:00:00-04:00,2015-12-10 00:00:00-05:00,48.43488263262435,46.091970219894726,-4.8372418500535534,52
2016-03-08 00:00:00-05:00,2016-05-12 00:00:00-04:00,45.90544344299969,45.88903486183275,-0.035744303804219335,64
2016-06-15 00:00:00-04:00,2016-06-30 00:00:00-04:00,47.29628406028516,46.04903239771775,-2.6371028662159235,15
2016-07-15 00:00:00-04:00,2016-09-21 00:00:00-04:00,49.76599710539637,52.0497219065954,4.5889260419367695,68
2016-10-10 00:00:00-04:00,2017-04-18 00:00:00-04:00,53.862316296551946,63.753720736547876,18.364238896701778,190
2017-06-01 00:00:00-04:00,2017-07-10 00:00:00-04:00,72.53951717200036,66.37984690999262,-8.491468515571142,39
2017-09-05 00:00:00-04:00,2017-12-07 00:00:00-05:00,70.8017817219826,73.1641352423195,3.3365735478425806,93
2018-01-10 00:00:00-05:00,2018-02-20 00:00:00-05:00,77.83893268085015,74.5913567490295,-4.17217428344776,41
2018-03-16 00:00:00-04:00,2018-04-26 00:00:00-04:00,80.83826957910092,75.98456617904485,-6.004214866705782,41
2018-05-23 00:00:00-04:00,2018-07-23 00:00:00-04:00,81.27638299827456,84.05981582861743,3.424651451826999,61
2018-09-05 00:00:00-04:00,2018-09-10 00:00:00-04:00,85.09765684572301,82.01013831380858,-3.6282062824736894,5
2018-11-28 00:00:00-05:00,2019-01-04 00:00:00-05:00,77.97880914623656,71.02937651986079,-8.911950185521867,37
2019-01-28 00:00:00-05:00,2019-05-23 00:00:00-04:00,82.7920150317737,87.18641464237886,5.3077577697785205,114
2019-07-02 00:00:00-04:00,2019-08-23 00:00:00-04:00,100.89684606244698,94.27846431666256,-6.559552656074274,52
2019-09-26 00:00:00-04:00,2019-10-21 00:00:00-04:00,99.95117706091727,97.59520770693236,-2.3571201693292965,25
2019-11-26 00:00:00-05:00,2020-02-07 00:00:00-05:00,96.20465655989646,102.3385576373354,6.375887921412615,73
2020-05-01 00:00:00-04:00,2020-07-31 00:00:00-04:00,95.17252238376072,104.82970064401516,10.1470235508881,91
2020-09-03 00:00:00-04:00,2020-09-25 00:00:00-04:00,109.73030055585608,101.067631594102,-7.8945094635410324,22
2020-10-14 00:00:00-04:00,2021-03-17 00:00:00-04:00,111.86431968074251,137.20414500858985,22.652285733437118,154
2021-04-07 00:00:00-04:00,2021-05-17 00:00:00-04:00,147.47488073200185,135.33428060755693,-8.232317303247981,40
2021-06-08 00:00:00-04:00,2021-08-02 00:00:00-04:00,152.52270089808016,154.47378036541184,1.2792059515359888,55
2021-08-16 00:00:00-04:00,2021-09-09 00:00:00-04:00,155.38066832760987,150.18676216908466,-3.3426977850128714,24
2021-09-14 00:00:00-04:00,2021-12-23 00:00:00-05:00,159.63381092097677,159.56193711556156,-0.045024174390462246,100
2022-04-05 00:00:00-04:00,2022-05-02 00:00:00-04:00,150.7925553798591,144.1395291918775,-4.412038890926717,27
2022-06-03 00:00:00-04:00,2022-06-27 00:00:00-04:00,155.298019883198,140.8580388005349,-9.298239020383924,24
2022-08-02 00:00:00-04:00,2022-09-13 00:00:00-04:00,158.73789547952467,141.442283900552,-10.89570422155659,42
2022-11-15 00:00:00-05:00,2023-01-24 00:00:00-05:00,156.86042222186333,157.98210365803607,0.7150825047418374,70
2023-01-27 00:00:00-05:00,2023-05-04 00:00:00-04:00,159.07354416837,172.03595109681433,8.148688077713517,96
2023-06-27 00:00:00-04:00,2023-08-18 00:00:00-04:00,177.41891459581404,165.1667143022019,-6.90580275588114,52
2023-11-28 00:00:00-05:00,2024-02-22 00:00:00-05:00,174.88403757746383,189.01605981832702,8.080795958638308,86
2024-03-14 00:00:00-04:00,2024-08-05 00:00:00-04:00,191.75631436015183,199.2600498027539,3.913162112882884,144
2024-09-18 00:00:00-04:00,2024-11-13 00:00:00-05:00,222.22010864932503,210.471657863706,-5.286853137201319,56
2025-01-23 00:00:00-05:00,2025-02-05 00:00:00-05:00,216.34537965812547,200.3057074290867,-7.413919471904162,13
2025-02-26 00:00:00-05:00,2025-03-27 00:00:00-04:00,229.17710094780347,204.35990541982952,-10.828828633112963,28
2025-05-16 00:00:00-04:00,2025-08-11 00:00:00-04:00,222.45735412275957,221.3452913286607,-0.4998993171002164,87
2025-09-02 00:00:00-04:00,2025-10-16 00:00:00-04:00,243.45511404764684,237.36133117414377,-2.5030416376098152,44
2025-12-03 00:00:00-05:00,2026-03-27 00:00:00-04:00,271.09936130723554,309.0791172527528,14.009533538692098,113
2026-04-21 00:00:00-04:00,2026-07-07 00:00:00-04:00,380.79360351478715,375.1868817250306,-1.4723781434366479,77
