资产,成本bps,Sharpe@0,CAGR@0,Sharpe@30,CAGR@30,Sharpe@50,CAGR@50,Sharpe@70,CAGR@70,Sharpe@100,CAGR@100
SPY,0.0,0.775759694218484,10.815890596144207,0.8269789955577175,10.24257860333444,0.8439427735386198,9.75548761133469,0.8364597238210443,9.186017611858466,0.7666227470566641,8.180568075565752
SPY,5.0,0.7756579513232312,10.81424270761977,0.8178736605383307,10.12764901319243,0.8275160731001091,9.569777038645144,0.8121824176151796,8.933445297036325,0.7319741604738152,7.835247337448026
SPY,10.0,0.775555935365119,10.812594019055899,0.8087753331924915,10.012823093142554,0.8111346637481998,9.384336945755113,0.7880565246138826,8.681372224327276,0.6977893036474319,7.490856926747291
SPY,20.0,0.7753510846901168,10.8092942386524,0.790602821151793,9.783481945830076,0.7785238174569532,9.014266874340349,0.7403021149574551,8.178720523786765,0.6308980533635881,6.804858920488943
SPY,50.0,0.7747299904865202,10.799375614185092,0.7363327033011106,9.09793834045396,0.6821732160070999,7.910513783988193,0.6016731700532697,6.6826621091263805,0.44311480034420325,4.7689810376761566
QQQ,0.0,0.5469590638579244,10.727062799630405,0.5974345495121357,10.42887027703192,0.6236603305612116,9.978497799915953,0.6317585912789797,9.32962752681421,0.5821703627669301,7.991793111462009
QQQ,5.0,0.5469590638579227,10.725050822792914,0.5913840603384715,10.300719023872862,0.6125461808037933,9.773951162960959,0.6149648229417505,9.055233693142583,0.5577309289188775,7.625467014519627
QQQ,10.0,0.546959063857923,10.723037875798225,0.5853349842939569,10.172699241790095,0.6014442109273328,9.569738371245107,0.5982202430448227,8.781438126623664,0.5334724250730851,7.26020118813413
QQQ,20.0,0.5469590638579228,10.71900906752077,0.5732419810737224,9.917053619493732,0.5792822659229032,9.162312441220033,0.5648961546947013,8.235637354735248,0.4855441705836814,6.53284019019198
QQQ,50.0,0.5469590638579223,10.70689925943542,0.53702028183027,9.15325981946713,0.5132267021203777,7.947998097989339,0.46653416854407576,6.612478310034775,0.3471538109021972,4.375940477673357
IWM,0.0,0.5029097619506022,8.585346675083706,0.5132022765173916,7.725492241493659,0.5042008666647552,6.962782306967608,0.473228757778691,6.05261570877178,0.3761684156198297,4.419899853490183
IWM,5.0,0.5029097619506013,8.583282661590275,0.5045507325013866,7.568191425368731,0.48849993975242273,6.710022273055949,0.4499814673958891,5.711139858544034,0.3433869097835334,3.958451341053637
IWM,10.0,0.5029097619506017,8.5812176545782,0.49590623801202555,7.411098532729787,0.47284078553512404,6.457800627691013,0.4268733399514004,5.370649423789353,0.31103132668076194,3.498812676479135
IWM,20.0,0.5029097619506031,8.577084656093037,0.47864051285830594,7.097535531319621,0.44165951699042993,5.9549684120599355,0.3811078153946144,4.692614737187251,0.24766632359491594,2.5849401174440345
IWM,50.0,0.5029097619506018,8.564661714401044,0.4270665756468693,6.161811086192848,0.3494093325812364,4.459287044001936,0.24793609830792124,2.681900003979365,0.06920810584893033,-0.11388206748256247
EEM,0.0,0.5503484979716468,9.945527865317704,0.5702962018042455,9.08530400723173,0.5676207056362768,8.314745575765281,0.5425182855303263,7.390840838304591,0.45262126039518374,5.726738801730447
EEM,5.0,0.5503484979716464,9.943180826748987,0.5618915546320744,8.923389696953521,0.5523950664959338,8.054604794151675,0.5199612287481074,7.03934071471608,0.42040584512422563,5.251582109685549
EEM,10.0,0.5503484979716475,9.940832663920695,0.5534859644624784,8.76169315232409,0.5371812168938038,7.795027931178988,0.49746959981615146,6.688873373946547,0.3884573003566344,4.778324709747572
EEM,20.0,0.5503484979716453,9.93613296107696,0.5366739505241366,8.438952307502511,0.5068003964005852,7.27756159417865,0.452717606464823,5.99102628096253,0.325446946920611,3.8374812184143625
EEM,50.0,0.5503484979716468,9.92200675540853,0.48626674268166686,7.4759288342743035,0.4162325728752758,5.738583424623012,0.32089024228195,3.9219931326992308,0.14477521191555462,1.0598465715488725
