代码,说明,状态,起始,结束,天数,累计收益%,年化%
FRC,First Republic Bank（2023 倒闭）,无数据,-,-,0,,
SIVB,SVB Financial（2023 倒闭）,无数据,-,-,0,,
SBNY,Signature Bank（2023 倒闭）,有数据,2024-08-15,2026-09-16,523,-82.32558240111673,-56.42580233569922
FTR,Frontier Communications（2020 破产）,无数据,-,-,0,,
WLL,Whiting Petroleum（2020 破产）,无数据,-,-,0,,
CHK,Chesapeake Energy（2020 破产）,无数据,-,-,0,,
CS,Credit Suisse（2023 被收购）,无数据,-,-,0,,
BBBY,Bed Bath & Beyond（2023 破产）,有数据,2026-07-17,2026-09-16,43,-33.59841401882227,-91.38496501581277
WCG,WellCare（2020 被收购）,无数据,-,-,0,,
LB,L Brands（重组）,有数据,2024-06-28,2026-09-16,556,261.6992633228827,78.55557698429523
CTL,CenturyLink/Lumen,无数据,-,-,0,,
XRX,Xerox,有数据,2010-01-04,2026-09-16,4201,-66.30784979670466,-6.307424810810192
NOK,Nokia,有数据,2010-01-04,2026-09-16,4201,27.91480159153612,1.485302784597864
ERIC,Ericsson,有数据,2010-01-04,2026-09-16,4201,65.76929227019886,3.0731175167362013
XLNX,Xilinx（2022 被 AMD 收购）,无数据,-,-,0,,
MXIM,Maxim（2021 被 ADI 收购）,无数据,-,-,0,,
CELG,Celgene（2019 被 BMY 收购）,无数据,-,-,0,,
AGN,Allergan（2020 被 ABBV 收购）,无数据,-,-,0,,
ALXN,Alexion（2021 被 AZN 收购）,无数据,-,-,0,,
SGEN,Seagen（2023 被 PFE 收购）,无数据,-,-,0,,
ATVI,Activision（2023 被 MSFT 收购）,无数据,-,-,0,,
TWTR,Twitter（2022 私有化）,无数据,-,-,0,,
PXD,Pioneer（2024 被 XOM 收购）,无数据,-,-,0,,
HES,Hess（2024 被 CVX 收购）,无数据,-,-,0,,
MRO,Marathon Oil（2024 被 COP 收购）,无数据,-,-,0,,
JNPR,Juniper（2025 被 HPE 收购）,无数据,-,-,0,,
X,US Steel（2025 被 Nippon 收购）,无数据,-,-,0,,
ETFC,E*Trade（2020 被 MS 收购）,无数据,-,-,0,,
STI,SunTrust（2019 并入 TFC）,有数据,2022-05-02,2026-09-16,1098,-98.68737471127558,-62.85766879016467
RTN,Raytheon（2020 合并）,无数据,-,-,0,,
UTX,United Technologies（2020 合并）,无数据,-,-,0,,
VAR,Varian（2021 被西门子收购）,无数据,-,-,0,,
ABMD,Abiomed（2022 被 JNJ 收购）,无数据,-,-,0,,
NBL,Noble Energy（2020 被 CVX 收购）,无数据,-,-,0,,
CXO,Concho（2021 被 COP 收购）,无数据,-,-,0,,
INFO,IHS Markit（2022 并入 SPGI）,有数据,2024-10-10,2026-09-16,484,38.495288993443545,18.350903573871236
TIF,Tiffany（2021 被 LVMH 收购）,无数据,-,-,0,,
ADS,Alliance Data（更名）,无数据,-,-,0,,
FLIR,FLIR（2021 被 Teledyne 收购）,无数据,-,-,0,,
ANSS,Ansys（2025 被 SNPS 收购）,无数据,-,-,0,,
