资产,减仓比例,CAGR%,波动%,Sharpe,Sortino,最大回撤%,恢复天数,最差年%,换手,平均暴露%
SPY,0,10.812594019055899,18.43116447086397,0.775555935365119,0.8266074257101063,-55.42291211691508,1772,-37.984954998240006,0.0,100.0
SPY,10,10.565304458395985,17.40933665772075,0.7892423519022052,0.8551079130574681,-52.101902631176735,1629,-34.7533304115349,0.6392767014001952,97.55138199858257
SPY,20,10.29865584056855,16.44190065800932,0.8006241216168679,0.8829579319270371,-48.630503534047435,1618,-31.466597171701927,1.2785534028003904,95.10276399716513
SPY,30,10.012823093142554,15.53902058741723,0.8087753331924915,0.9082331546257262,-45.02071888011584,1700,-28.132690715572295,1.9178301042005867,92.65414599574771
SPY,40,9.707987567128562,14.712588075171645,0.8126460881771105,0.9281922720042692,-41.572094835469564,1700,-24.7601624761133,2.5571068056007817,90.20552799433025
SPY,50,9.384336945755113,13.97617304943894,0.8111346637481998,0.939263674540576,-38.024522831916165,1383,-21.358157779680653,3.196383507000977,87.75690999291282
SPY,60,9.042065147599686,13.344688517416802,0.8032072156847059,0.9375871751934508,-34.385510834948704,1383,-17.936388269477888,3.8356602084011726,85.3082919914954
SPY,70,8.681372224327276,12.833635452183415,0.7880565246138826,0.9199788736878799,-31.27857201846609,2403,-15.190569907123407,4.474936909801367,82.85967399007795
SPY,80,8.302464253274454,12.457846157154643,0.7652697538104122,0.8853502917885828,-30.288843828060273,2404,-14.838808750195842,5.1142136112015635,80.41105598866054
SPY,90,7.905553225104445,12.229798190501677,0.7349567112395425,0.835470337257738,-30.13649949444056,2677,-15.48814749773425,5.753490312601759,77.96243798724309
SPY,100,7.490856926747291,12.157810424477637,0.6977893036474319,0.7462096616411389,-30.127001355223946,2706,-16.38179601488642,6.392767014001954,75.51381998582566
QQQ,0,10.723037875798225,27.410524030290823,0.546959063857923,0.658767411616889,-83.10169812966318,5446,-42.66755248096798,0.0,100.0
QQQ,10,10.587207126597885,25.767777740947835,0.5604997608491339,0.6782437483902319,-80.58442924385099,5331,-39.78008832618743,0.6794165920620708,97.17937608318891
QQQ,20,10.403673199921926,24.204128779582128,0.5735115308963756,0.6967247888325041,-77.83059564255255,5215,-36.84645751518797,1.3588331841241417,94.35875216637781
QQQ,30,10.172699241790095,22.73590139574289,0.5853349842939569,0.7125841740213607,-74.84311470999297,5092,-33.87352820049304,2.0382497761862135,91.53812824956673
QQQ,40,9.894599441034323,21.38275944221487,0.5950499373027627,0.7235098960783243,-71.62994653872774,5023,-30.86866719995389,2.7176663682482847,88.71750433275562
QQQ,50,9.569738371245107,20.16787948484889,0.6014442109273328,0.7265997289834283,-68.20457960155622,4995,-27.839719376075568,3.397082960310355,85.89688041594454
QQQ,60,9.198530251392256,19.117636975421213,0.6030392203350011,0.7188352105841758,-64.58640297546874,4960,-24.979627467516487,4.076499552372425,83.07625649913346
QQQ,70,8.781438126623664,18.26045976135995,0.5982202430448227,0.6978635747897427,-61.57685856831725,4956,-23.87784784499449,4.755916144434496,80.25563258232236
QQQ,80,8.31897297086417,17.624538372791225,0.5855072345002534,0.6631786282268439,-58.97679565519161,4953,-22.88291255899575,5.435332736496569,77.43500866551128
QQQ,90,7.811692712949969,17.234380735439885,0.563942689962309,0.6172264611947678,-56.690299302185835,4953,-21.999282082461114,6.11474932855864,74.61438474870018
QQQ,100,7.26020118813413,17.1068091819746,0.5334724250730851,0.5296319759892479,-54.75066917503568,4957,-21.230965665535816,6.79416592062071,71.79376083188909
IWM,0,8.5812176545782,24.10149785087498,0.5029097619506017,0.6315046932275268,-58.26058900464288,1316,-35.96899558419848,0.0,100.0
IWM,10,8.226447498737688,22.638362395512164,0.5031266620989928,0.6405448996532368,-55.3857943076514,1290,-33.64082706166813,0.8855697190426637,96.703446191052
IWM,20,7.836257563489957,21.24463037045699,0.5010460504880357,0.6471248731114909,-52.449798465450215,1289,-31.391238220721796,1.7711394380853274,93.40689238210402
IWM,30,7.411098532729787,19.934867764713317,0.49590623801202555,0.6493267982509032,-49.46545778821707,1284,-29.233068994046864,2.6567091571279917,90.11033857315597
IWM,40,6.951446152376728,18.726705624709936,0.4868210920330879,0.644493553847894,-46.44685715678945,1289,-27.17894531860898,3.5422788761706556,86.813784764208
IWM,50,6.457800627691013,17.641035244087078,0.47284078553512404,0.6295675368863052,-43.40923346930579,1022,-25.241165607324657,4.4278485952133195,83.51723095525998
IWM,60,5.930685988496309,16.701765442613215,0.453073910243429,0.6015875880725817,-40.36887909185099,1019,-23.431587477365856,5.313418314255983,80.22067714631197
IWM,70,5.370649423789353,15.934810661217757,0.4268733399514004,0.5590193440784216,-37.34302561444726,1019,-21.76151608852748,6.198988033298647,76.92412333736397
IWM,80,4.778260587203009,15.365999638771433,0.3940536968746777,0.5029764910203625,-34.389298712942285,1011,-20.241595456877516,7.084557752341311,73.62756952841596
IWM,90,4.154110874777239,15.017868908225553,0.35506526176586917,0.43758636479634383,-34.96659823713129,1445,-18.881704100706497,7.970127471383974,70.33101571946796
IWM,100,3.498812676479135,14.905893861401584,0.31103132668076194,0.35714677760344227,-36.69285536577368,3375,-17.690856347324058,8.855697190426639,67.03446191051995
EEM,0,9.940832663920695,24.709216744005598,0.5503484979716475,0.6710452823194886,-64.18498727613098,3606,-50.681714656745605,0.0,100.0
EEM,10,9.584566263694017,23.244774345773486,0.5538756163587361,0.6823852557117167,-60.86666208321766,1253,-47.235665737375555,0.9006398270421874,96.42408821034778
EEM,20,9.19135902451269,21.85182927264432,0.5551923290822104,0.691474587872567,-57.339163829159645,1103,-43.72720445328421,1.8012796540843747,92.8481764206955
EEM,30,8.76169315232409,20.54492942239522,0.5534859644624784,0.6965004111561613,-53.60011761501556,1082,-40.17468270527491,2.7019194811265637,89.27226463104326
EEM,40,8.296073702191809,19.34152503539414,0.5478165677005783,0.6950155377584726,-49.64842275779977,805,-36.59811930075051,3.602559308168751,85.696352841391
EEM,50,7.795027931178988,18.262087765160842,0.5371812168938038,0.6841497958163792,-45.48438957414421,766,-33.01907243347703,4.503199135210938,82.12044105173875
EEM,60,7.259104621353218,17.329798384815774,0.5206354662531285,0.6610737100974856,-41.10987518726573,716,-29.46048120735336,5.4038389622531255,78.54452926208651
EEM,70,6.688873373946547,16.56951385889212,0.49746959981615146,0.6241244745288023,-36.52841666272363,710,-25.94647679705142,6.304478789295313,74.96861747243426
EEM,80,6.0849238756320645,16.005764397183285,0.46740692063174644,0.5736925248139768,-37.161676491133186,3574,-22.502164454316333,7.205118616337502,71.39270568278202
EEM,90,5.447865137813901,15.65979048572311,0.43075819685485595,0.512996471266558,-38.686001037898635,5291,-19.153378199977833,8.10575844337969,67.81679389312978
EEM,100,4.778324709747572,15.54613892106724,0.3884573003566344,0.4262650563588601,-40.745988531921796,5746,-15.926410674966684,9.006398270421876,64.24088210347753
