层,资产,臂,事件数,中位时长,实际假警报率%,随机基线%,超出基线pp
Research,SPY,Close<MA200,76,3,94.73684210526316,56.821888023192614,37.91495408207055
Research,SPY,MA50<MA200,9,87,66.66666666666666,71.13155473781049,-4.464888071143832
Research,QQQ,Close<MA200,64,2,89.0625,53.619909502262445,35.442590497737555
Research,QQQ,MA50<MA200,10,76,80.0,65.3688524590164,14.631147540983605
Research,IWM,Close<MA200,70,2,91.42857142857144,53.950953678474114,37.47761775009733
Research,IWM,MA50<MA200,11,64,90.9090909090909,62.72172949002217,28.187361419068736
Research,EEM,Close<MA200,57,3,91.2280701754386,55.325644504748986,35.90242567068962
Research,EEM,MA50<MA200,10,68,80.0,65.83420048560528,14.16579951439472
Validation,SPY,Close<MA200,16,3,87.5,61.40583554376657,26.09416445623343
Validation,SPY,MA50<MA200,4,66,100.0,76.47058823529412,23.529411764705884
Validation,QQQ,Close<MA200,19,6,94.73684210526316,63.9202657807309,30.816576324532264
Validation,QQQ,MA50<MA200,4,44,100.0,75.52828902522154,24.47171097477846
Validation,IWM,Close<MA200,27,3,85.18518518518519,56.03448275862068,29.150702426564507
Validation,IWM,MA50<MA200,4,104,75.0,65.95593461265103,9.044065387348965
Validation,EEM,Close<MA200,32,2,87.5,52.75016567263088,34.74983432736912
Validation,EEM,MA50<MA200,5,86,60.0,59.578947368421055,0.4210526315789451
Holdout,SPY,Close<MA200,15,6,80.0,59.845830413454806,20.154169586545194
Holdout,SPY,MA50<MA200,2,133,50.0,80.61538461538461,-30.615384615384613
Holdout,QQQ,Close<MA200,10,10,90.0,60.01405481377372,29.98594518622628
Holdout,QQQ,MA50<MA200,2,152,50.0,77.90788446526152,-27.907884465261517
Holdout,IWM,Close<MA200,20,2,80.0,51.29280223619846,28.70719776380154
Holdout,IWM,MA50<MA200,4,71,75.0,61.7474302496329,13.252569750367101
Holdout,EEM,Close<MA200,17,6,94.11764705882352,53.538892782060266,40.578754276763256
Holdout,EEM,MA50<MA200,3,63,66.66666666666666,59.854014598540154,6.8126520681265035
