层,资产,臂,成本bps,CAGR%,Sharpe,Sortino,最大回撤%,恢复天数,换手,risk-off事件数,状态切换次数,平均事件时长,中位事件时长,假警报数,假警报率%,risk-off时间占比%
Research,SPY,Close<MA200,10.0,8.569282177123295,0.7604169505749748,0.8792221387084252,-38.024522831916094,1383.0,3.467274544091931,76,152,18.039473684210527,3.0,72,94.73684210526315,24.827960883737777
Research,SPY,MA50<MA200,10.0,10.24187914544048,0.9258704461167101,0.989863546430101,-33.707084409564445,895.0,0.41059830127404445,9,18,150.77777777777777,87.0,6,66.66666666666666,24.574429554509237
Research,SPY,Close<MA200,20.0,8.16758236135049,0.7244289988480453,0.8421786863353691,-38.75415551687528,1877.0,3.467274544091931,76,152,18.039473684210527,3.0,72,94.73684210526315,24.827960883737777
Research,SPY,MA50<MA200,20.0,10.170384478391492,0.9196981567681798,0.9838293515768687,-33.82810794407528,896.0,0.41059830127404445,9,18,150.77777777777777,87.0,6,66.66666666666666,24.574429554509237
Research,SPY,Close<MA200,50.0,6.970238031316289,0.6184029224914416,0.7318096602295628,-41.06404444326232,4727.0,3.467274544091931,76,152,18.039473684210527,3.0,72,94.73684210526315,24.827960883737777
Research,SPY,MA50<MA200,50.0,9.956012034016236,0.9011099581091956,0.9657077131354829,-34.18995832177026,907.0,0.41059830127404445,9,18,150.77777777777777,87.0,6,66.66666666666666,24.574429554509237
Research,SPY,BH(一直持有),0.0,9.312666513526624,0.6847654031809478,0.7351293072843482,-55.189450039341594,1773.0,0.0,0,0,0.0,0.0,0,0.0,0.0
Research,QQQ,Close<MA200,10.0,6.888299721781999,0.4229177710155277,0.5639359818506714,-68.20457960155628,4995.0,4.047792207792208,64,128,19.4375,2.0,57,89.0625,31.256281407035175
Research,QQQ,MA50<MA200,10.0,9.070918970755848,0.5303979105724356,0.6767345499557611,-60.66855018332304,4336.0,0.6324675324675325,10,20,127.6,76.0,8,80.0,32.06030150753769
Research,QQQ,Close<MA200,20.0,6.410257641950778,0.3994798534216698,0.5359771477668054,-68.64409453454934,5090.0,4.047792207792208,64,128,19.4375,2.0,57,89.0625,31.256281407035175
Research,QQQ,MA50<MA200,20.0,8.953166801031687,0.525010077179382,0.670152791260605,-60.82139427259274,4342.0,0.6324675324675325,10,20,127.6,76.0,8,80.0,32.06030150753769
Research,QQQ,Close<MA200,50.0,4.987609091667111,0.32993588712245964,0.45228511216048994,-69.92746511811481,,4.047792207792208,64,128,19.4375,2.0,57,89.0625,31.256281407035175
Research,QQQ,MA50<MA200,50.0,8.600421976029438,0.5088405839958746,0.6503964667679364,-61.276439000507274,4371.0,0.6324675324675325,10,20,127.6,76.0,8,80.0,32.06030150753769
Research,QQQ,BH(一直持有),0.0,5.126246893498876,0.3187115463205743,0.4304230701602058,-82.96391073219365,,0.0,0,0,0.0,0.0,0,0.0,0.0
Research,IWM,Close<MA200,10.0,5.561993572407964,0.40297682423662146,0.5502161433847925,-43.40923346930607,1022.0,4.795105026256564,70,140,15.285714285714286,2.5,64,91.42857142857143,29.13943355119826
Research,IWM,MA50<MA200,10.0,5.3715820091466915,0.3855832087539174,0.4848347138281907,-47.17830696611075,881.0,0.7535165041260315,11,22,103.9090909090909,64.0,10,90.9090909090909,31.127450980392158
Research,IWM,Close<MA200,20.0,5.021188475130334,0.3709294189317093,0.5101728911456126,-44.035063868381094,1316.0,4.795105026256564,70,140,15.285714285714286,2.5,64,91.42857142857143,29.13943355119826
Research,IWM,MA50<MA200,20.0,5.254456213884495,0.37930179744019615,0.4772109220848312,-47.2456092534147,882.0,0.7535165041260315,11,22,103.9090909090909,64.0,10,90.9090909090909,31.127450980392158
Research,IWM,Close<MA200,50.0,3.41381509926848,0.27649738984723693,0.39069630172939995,-45.87286599326197,1393.0,4.795105026256564,70,140,15.285714285714286,2.5,64,91.42857142857143,29.13943355119826
Research,IWM,MA50<MA200,50.0,4.903576853859426,0.36048687009006103,0.4543635613102169,-47.447084181122904,923.0,0.7535165041260315,11,22,103.9090909090909,64.0,10,90.9090909090909,31.127450980392158
Research,IWM,BH(一直持有),0.0,8.211418477367305,0.4841560360813916,0.6200885644587212,-58.64001469649833,1306.0,0.0,0,0,0.0,0.0,0,0.0,0.0
Research,EEM,Close<MA200,10.0,11.988605872490421,0.6813425853853198,0.9282433571495385,-45.48438957414426,766.0,4.822768170133209,57,113,14.43859649122807,3.0,52,91.22807017543859,27.888851236868856
Research,EEM,MA50<MA200,10.0,12.455915729338795,0.6919904208775853,0.9107712779585594,-47.30114226318713,1066.0,0.8109079224117784,10,19,86.0,68.0,8,80.0,29.142663503896983
Research,EEM,Close<MA200,20.0,11.40803146179512,0.6527086800132932,0.8920863314170635,-45.99589296327559,798.0,4.822768170133209,57,113,14.43859649122807,3.0,52,91.22807017543859,27.888851236868856
Research,EEM,MA50<MA200,20.0,12.322803686723137,0.6860293942239313,0.903101627947734,-47.42352731952035,1067.0,0.8109079224117784,10,19,86.0,68.0,8,80.0,29.142663503896983
Research,EEM,Close<MA200,50.0,9.682661231633105,0.5672578148102192,0.7834697340670542,-47.503133666353236,805.0,4.822768170133209,57,113,14.43859649122807,3.0,52,91.22807017543859,27.888851236868856
Research,EEM,MA50<MA200,50.0,11.924078731790422,0.6681381285901056,0.880110189013286,-47.78921922570788,1068.0,0.8109079224117784,10,19,86.0,68.0,8,80.0,29.142663503896983
Research,EEM,BH(一直持有),0.0,13.1477571758289,0.6292514436505495,0.7278944411353778,-66.43427652396447,,0.0,0,0,0.0,0.0,0,0.0,0.0
Validation,SPY,Close<MA200,10.0,9.530704768656895,0.7993224110096907,0.852953888358243,-25.606866134203145,196.0,2.668493150684932,16,32,14.3125,3.0,14,87.5,15.155526141628062
Validation,SPY,MA50<MA200,10.0,8.244287864367795,0.7005437050698824,0.6171664257368306,-32.04894993577581,,0.667123287671233,4,8,67.0,66.5,4,100.0,17.736598279285243
Validation,SPY,Close<MA200,20.0,9.208003419182266,0.7743219891652035,0.8262431277455394,-25.80130288510949,196.0,2.668493150684932,16,32,14.3125,3.0,14,87.5,15.155526141628062
Validation,SPY,MA50<MA200,20.0,8.142567283029113,0.6942246381873513,0.6107252081117502,-32.048949935775795,,0.667123287671233,4,8,67.0,66.5,4,100.0,17.736598279285243
Validation,SPY,Close<MA200,50.0,8.244619616440696,0.7003084487675407,0.7463638205448923,-26.382120065952652,197.0,2.668493150684932,16,32,14.3125,3.0,14,87.5,15.155526141628062
Validation,SPY,MA50<MA200,50.0,7.837653374492337,0.6752401882773168,0.5912460017964509,-32.048949935775795,,0.667123287671233,4,8,67.0,66.5,4,100.0,17.736598279285243
Validation,SPY,BH(一直持有),0.0,12.680642100761697,0.9227229660622704,0.8419657643443345,-33.71725445822261,173.0,0.0,0,0,0.0,0.0,0,0.0,0.0
Validation,QQQ,Close<MA200,10.0,15.970244507012321,0.9770508362030301,1.0088965078902445,-24.99191900676706,124.0,3.1688356164383564,19,38,10.578947368421053,6.0,18,94.73684210526315,13.302448709463931
Validation,QQQ,MA50<MA200,10.0,17.83645875354196,1.0812847423155139,1.039282007370419,-27.563141970000803,120.0,0.667123287671233,4,8,44.75,44.0,4,100.0,11.846459298477829
Validation,QQQ,Close<MA200,20.0,15.571795008076084,0.9557740560834472,0.9864725841099583,-25.109181223641798,124.0,3.1688356164383564,19,38,10.578947368421053,6.0,18,94.73684210526315,13.302448709463931
Validation,QQQ,MA50<MA200,20.0,17.730083919010966,1.0767979352789787,1.034056519485611,-27.563141970000803,120.0,0.667123287671233,4,8,44.75,44.0,4,100.0,11.846459298477829
Validation,QQQ,Close<MA200,50.0,14.383440818204063,0.8919759622660408,0.919726408257037,-25.460206744089376,133.0,3.1688356164383564,19,38,10.578947368421053,6.0,18,94.73684210526315,13.302448709463931
Validation,QQQ,MA50<MA200,50.0,17.41118111225777,1.0632461212993576,1.0185362613757911,-27.563141970000814,124.0,0.667123287671233,4,8,44.75,44.0,4,100.0,11.846459298477829
Validation,QQQ,BH(一直持有),0.0,21.485348388473604,1.242509835820239,1.2013411387828232,-28.55938719100787,105.0,0.0,0,0,0.0,0.0,0,0.0,0.0
Validation,IWM,Close<MA200,10.0,7.933660500383111,0.5600012699048007,0.7417952553534073,-33.90665097177946,825.0,4.503082191780822,27,54,16.666666666666668,3.0,23,85.18518518518519,29.781601588352085
Validation,IWM,MA50<MA200,10.0,5.813105590302636,0.40666960914955214,0.49206135126518596,-45.09537481648298,,0.667123287671233,4,8,102.0,104.5,3,75.0,27.00198544010589
Validation,IWM,Close<MA200,20.0,7.405064406896944,0.529035866732882,0.6995410266016929,-34.9561857538682,827.0,4.503082191780822,27,54,16.666666666666668,3.0,23,85.18518518518519,29.781601588352085
Validation,IWM,MA50<MA200,20.0,5.703426523783328,0.401932108311955,0.48506526033512026,-45.2198333621668,,0.667123287671233,4,8,102.0,104.5,3,75.0,27.00198544010589
Validation,IWM,Close<MA200,50.0,5.833222133259119,0.437273930307207,0.5741476286123641,-38.008728517508985,,4.503082191780822,27,54,16.666666666666668,3.0,23,85.18518518518519,29.781601588352085
Validation,IWM,MA50<MA200,50.0,5.374753348800443,0.3877223854501392,0.4638752904411047,-45.59184526008018,,0.667123287671233,4,8,102.0,104.5,3,75.0,27.00198544010589
Validation,IWM,BH(一直持有),0.0,10.20291709029606,0.6067691952489446,0.6522408308541069,-41.133283832805375,801.0,0.0,0,0,0.0,0.0,0,0.0,0.0
Validation,EEM,Close<MA200,10.0,5.749011889283495,0.47926704495462835,0.5602309100792534,-31.187970095870654,1069.0,5.253595890410959,32,63,19.125,2.0,28,87.5,40.50297816015884
Validation,EEM,MA50<MA200,10.0,4.923375396741725,0.3928295533726213,0.40792127910787,-37.31060797386176,,0.7505136986301371,5,9,120.4,86.0,3,60.0,39.84116479152879
Validation,EEM,Close<MA200,20.0,5.155748470872168,0.43589396506338557,0.5138857968323042,-32.22685160743352,,5.253595890410959,32,63,19.125,2.0,28,87.5,40.50297816015884
Validation,EEM,MA50<MA200,20.0,4.807235402848353,0.3856573369783184,0.4009324247771929,-37.469726649312605,,0.7505136986301371,5,9,120.4,86.0,3,60.0,39.84116479152879
Validation,EEM,Close<MA200,50.0,3.3941979275162515,0.3071927349998038,0.37480111546210415,-35.253152755174085,,5.253595890410959,32,63,19.125,2.0,28,87.5,40.50297816015884
Validation,EEM,MA50<MA200,50.0,4.459323654065672,0.36418274859214544,0.3796143944917951,-37.94503611833362,,0.7505136986301371,5,9,120.4,86.0,3,60.0,39.84116479152879
Validation,EEM,BH(一直持有),0.0,7.169981484161547,0.47510413404114715,0.5403437169071652,-38.20209754240553,1033.0,0.0,0,0,0.0,0.0,0,0.0,0.0
Holdout,SPY,Close<MA200,10.0,13.686372816347792,1.1166632236280734,1.4441112209142823,-18.999274854511118,748.0,2.631484149855908,15,30,18.266666666666666,6.0,12,80.0,19.120725750174458
Holdout,SPY,MA50<MA200,10.0,14.137306741612043,1.1252575667477307,1.2997274062172217,-19.766235832571823,207.0,0.35086455331412103,2,4,133.0,133.0,1,50.0,18.562456385205863
Holdout,SPY,Close<MA200,20.0,13.351331478981642,1.0881351018649037,1.4097491999104523,-19.813968461857414,750.0,2.631484149855908,15,30,18.266666666666666,6.0,12,80.0,19.120725750174458
Holdout,SPY,MA50<MA200,20.0,14.062906117698004,1.121261181845339,1.2941399925666042,-19.766235832571777,207.0,0.35086455331412103,2,4,133.0,133.0,1,50.0,18.562456385205863
Holdout,SPY,Close<MA200,50.0,12.351114516354222,1.0033085076016122,1.3064985088673915,-22.211429660295913,779.0,2.631484149855908,15,30,18.266666666666666,6.0,12,80.0,19.120725750174458
Holdout,SPY,MA50<MA200,50.0,13.83975436124214,1.1091901030230282,1.276748838678817,-19.766235832571798,210.0,0.35086455331412103,2,4,133.0,133.0,1,50.0,18.562456385205863
Holdout,SPY,BH(一直持有),0.0,15.03819807397928,1.007056597890075,1.2811451927643072,-24.49639898720688,709.0,0.0,0,0,0.0,0.0,0,0.0,0.0
Holdout,QQQ,Close<MA200,10.0,16.528623717124024,0.9850574304470723,1.2971948038842334,-27.898902562573436,604.0,1.7543227665706054,10,20,30.9,10.0,9,90.0,21.56315422191207
Holdout,QQQ,MA50<MA200,10.0,17.10261433858453,0.9691188763228442,1.2306731564836337,-25.60319970755407,568.0,0.35086455331412103,2,4,152.0,152.0,1,50.0,21.2142358688067
Holdout,QQQ,Close<MA200,20.0,16.278882964929874,0.9718088045099257,1.280062545530393,-28.27350776289581,723.0,1.7543227665706054,10,20,30.9,10.0,9,90.0,21.56315422191207
Holdout,QQQ,MA50<MA200,20.0,17.01888038208601,0.9662193004613788,1.2257430272459164,-25.68520989725317,568.0,0.35086455331412103,2,4,152.0,152.0,1,50.0,21.2142358688067
Holdout,QQQ,Close<MA200,50.0,15.532136448561173,0.9319606171211509,1.2290724352685054,-29.38664194946018,751.0,1.7543227665706054,10,20,30.9,10.0,9,90.0,21.56315422191207
Holdout,QQQ,MA50<MA200,50.0,16.76778994897481,0.9574698195954868,1.2107476109859956,-25.930811421419175,570.0,0.35086455331412103,2,4,152.0,152.0,1,50.0,21.2142358688067
Holdout,QQQ,BH(一直持有),0.0,16.508516636231608,0.8536367299938785,1.135731179278197,-35.11871954086314,716.0,0.0,0,0,0.0,0.0,0,0.0,0.0
Holdout,IWM,Close<MA200,10.0,7.5793888341206594,0.45580632818997274,0.7164484148123152,-27.27706526720297,1094.0,3.5086455331412107,20,40,23.1,2.0,16,80.0,32.2400558269365
Holdout,IWM,MA50<MA200,10.0,6.49934907921319,0.39306949692243337,0.6167130118971389,-29.691694941412084,1495.0,0.7017291066282421,4,8,110.0,71.5,3,75.0,30.704815073272858
Holdout,IWM,Close<MA200,20.0,7.156996182230091,0.43101502525589114,0.6848670974037477,-28.260731440229513,1094.0,3.5086455331412107,20,40,23.1,2.0,16,80.0,32.2400558269365
Holdout,IWM,MA50<MA200,20.0,6.379706838153365,0.3867947207374668,0.6081642493869276,-29.938675613741516,1523.0,0.7017291066282421,4,8,110.0,71.5,3,75.0,30.704815073272858
Holdout,IWM,Close<MA200,50.0,5.8985184404397595,0.3568893494482942,0.590067891242038,-31.13519633470264,1437.0,3.5086455331412107,20,40,23.1,2.0,16,80.0,32.2400558269365
Holdout,IWM,MA50<MA200,50.0,6.021249476198198,0.3679747031506683,0.5826253113828126,-30.67494607229433,1529.0,0.7017291066282421,4,8,110.0,71.5,3,75.0,30.704815073272858
Holdout,IWM,BH(一直持有),0.0,8.451989360004353,0.45603318021515854,0.765186943358613,-31.911648473514443,1094.0,0.0,0,0,0.0,0.0,0,0.0,0.0
Holdout,EEM,Close<MA200,10.0,6.437492661090682,0.4647166798662115,0.634232939725693,-28.068337611287387,1673.0,2.982348703170029,17,34,27.88235294117647,6.0,16,94.11764705882352,33.07745987438939
Holdout,EEM,MA50<MA200,10.0,7.036017389290827,0.5106537873103566,0.6581313701700082,-27.340724262005978,1667.0,0.5262968299711815,3,6,143.33333333333334,63.0,2,66.66666666666666,30.00697836706211
Holdout,EEM,Close<MA200,20.0,6.07992134573645,0.44274812207619774,0.6059334369323396,-28.23051757849412,1689.0,2.982348703170029,17,34,27.88235294117647,6.0,16,94.11764705882352,33.07745987438939
Holdout,EEM,MA50<MA200,20.0,6.94160070629255,0.5055905602198534,0.651311994475414,-27.55957177424454,1667.0,0.5262968299711815,3,6,143.33333333333334,63.0,2,66.66666666666666,30.00697836706211
Holdout,EEM,Close<MA200,50.0,5.013346297358323,0.3771813277426592,0.5213113997178976,-30.386027763794743,1784.0,2.982348703170029,17,34,27.88235294117647,6.0,16,94.11764705882352,33.07745987438939
Holdout,EEM,MA50<MA200,50.0,6.658568056834291,0.49039767238750415,0.6307585650456452,-28.212600990517956,1669.0,0.5262968299711815,3,6,143.33333333333334,63.0,2,66.66666666666666,30.00697836706211
Holdout,EEM,BH(一直持有),0.0,6.768814943143497,0.4455053034633152,0.6358485347258297,-39.8223318457332,1671.0,0.0,0,0,0.0,0.0,0,0.0,0.0
