层,资产,臂,换手,risk-off事件数,状态切换次数,平均事件时长,中位事件时长,假警报数,假警报率%,risk-off时间占比%
Research,SPY,Close<MA200,3.467274544091931,76,152,18.039473684210527,3.0,72,94.73684210526315,24.827960883737777
Research,SPY,MA50<MA200,0.41059830127404445,9,18,150.77777777777777,87.0,6,66.66666666666666,24.574429554509237
Research,QQQ,Close<MA200,4.047792207792208,64,128,19.4375,2.0,57,89.0625,31.256281407035175
Research,QQQ,MA50<MA200,0.6324675324675325,10,20,127.6,76.0,8,80.0,32.06030150753769
Research,IWM,Close<MA200,4.795105026256564,70,140,15.285714285714286,2.5,64,91.42857142857143,29.13943355119826
Research,IWM,MA50<MA200,0.7535165041260315,11,22,103.9090909090909,64.0,10,90.9090909090909,31.127450980392158
Research,EEM,Close<MA200,4.822768170133209,57,113,14.43859649122807,3.0,52,91.22807017543859,27.888851236868856
Research,EEM,MA50<MA200,0.8109079224117784,10,19,86.0,68.0,8,80.0,29.142663503896983
Validation,SPY,Close<MA200,2.668493150684932,16,32,14.3125,3.0,14,87.5,15.155526141628062
Validation,SPY,MA50<MA200,0.667123287671233,4,8,67.0,66.5,4,100.0,17.736598279285243
Validation,QQQ,Close<MA200,3.1688356164383564,19,38,10.578947368421053,6.0,18,94.73684210526315,13.302448709463931
Validation,QQQ,MA50<MA200,0.667123287671233,4,8,44.75,44.0,4,100.0,11.846459298477829
Validation,IWM,Close<MA200,4.503082191780822,27,54,16.666666666666668,3.0,23,85.18518518518519,29.781601588352085
Validation,IWM,MA50<MA200,0.667123287671233,4,8,102.0,104.5,3,75.0,27.00198544010589
Validation,EEM,Close<MA200,5.253595890410959,32,63,19.125,2.0,28,87.5,40.50297816015884
Validation,EEM,MA50<MA200,0.7505136986301371,5,9,120.4,86.0,3,60.0,39.84116479152879
Holdout,SPY,Close<MA200,2.631484149855908,15,30,18.266666666666666,6.0,12,80.0,19.120725750174458
Holdout,SPY,MA50<MA200,0.35086455331412103,2,4,133.0,133.0,1,50.0,18.562456385205863
Holdout,QQQ,Close<MA200,1.7543227665706054,10,20,30.9,10.0,9,90.0,21.56315422191207
Holdout,QQQ,MA50<MA200,0.35086455331412103,2,4,152.0,152.0,1,50.0,21.2142358688067
Holdout,IWM,Close<MA200,3.5086455331412107,20,40,23.1,2.0,16,80.0,32.2400558269365
Holdout,IWM,MA50<MA200,0.7017291066282421,4,8,110.0,71.5,3,75.0,30.704815073272858
Holdout,EEM,Close<MA200,2.982348703170029,17,34,27.88235294117647,6.0,16,94.11764705882352,33.07745987438939
Holdout,EEM,MA50<MA200,0.5262968299711815,3,6,143.33333333333334,63.0,2,66.66666666666666,30.00697836706211
