资产,Episode,BH_首次减仓滞后,BH_谷底暴露%,BH_回撤%,Close→50%_首次减仓滞后,Close→50%_谷底暴露%,Close→50%_回撤%,MA50→50%_首次减仓滞后,MA50→50%_谷底暴露%,MA50→50%_回撤%,H2分层_首次减仓滞后,H2分层_谷底暴露%,H2分层_回撤%
SPY,2000-2002 互联网泡沫,,100.0,-47.74646113264753,15,50.0,-36.18074630388545,155.0,50.0,-29.877044278842078,15,50.0,-34.214082398053904
SPY,2007-2009 金融危机,,100.0,-55.42291211691507,22,50.0,-37.34207296406683,56.0,50.0,-33.70708440956436,22,50.0,-36.245407459831235
SPY,2020 新冠,,100.0,-32.106834031878584,6,50.0,-25.67023791883344,,100.0,-32.106834031878584,6,75.0,-28.89412200728948
SPY,2022 加息熊市,,100.0,-24.470054788057272,13,50.0,-17.677335417896877,50.0,50.0,-17.144073419158733,13,50.0,-17.490346248106658
QQQ,2000-2002 互联网泡沫,,100.0,-83.1185964315335,32,50.0,-68.2363750219547,126.0,50.0,-60.70788163313971,32,50.0,-66.2542308030291
QQQ,2007-2009 金融危机,,100.0,-52.28014802133283,60,50.0,-36.19197418963339,80.0,50.0,-38.260853497003225,60,50.0,-38.322320508225715
QQQ,2020 新冠,,100.0,-27.635578828030805,13,50.0,-25.06692708776026,,100.0,-27.635578828030805,13,75.0,-26.336139176608185
QQQ,2022 加息熊市,,100.0,-34.25748786525145,12,50.0,-26.314219644631788,40.0,50.0,-23.968060399511437,12,50.0,-25.919423366562732
IWM,2007-2009 金融危机,,100.0,-58.179748436386625,8,50.0,-42.07346855345631,0.0,50.0,-47.178306966110775,8,50.0,-45.57896315054325
IWM,2020 新冠,,100.0,-40.73150375198695,5,50.0,-26.709638364653564,21.0,50.0,-40.73150375198695,5,50.0,-34.024893626673645
IWM,2022 加息熊市,,100.0,-26.95911185299884,2,50.0,-16.591363094984157,12.0,50.0,-19.388643000505212,2,50.0,-18.38133601350923
EEM,2007-2009 金融危机,,100.0,-64.18498727613098,68,50.0,-45.484389574144316,104.0,50.0,-47.30114226318708,68,50.0,-45.91462101760797
EEM,2020 新冠,,100.0,-29.85599140863997,4,50.0,-19.134260119220116,23.0,50.0,-29.85599140863997,4,50.0,-24.565196541964042
EEM,2022 加息熊市,,100.0,-31.05412540049125,0,50.0,-16.570094053044304,0.0,50.0,-16.570094053044304,0,50.0,-16.570094053044304
