层,资产,臂,成本bps,CAGR%,Sharpe,Sortino,波动%,最大回撤%,恢复天数,换手,暴露变化次数,状态段数,平均状态持续,中位状态持续,平均暴露%,减仓时间占比%
Research,SPY,BH(一直持有),10.0,9.312666513526624,0.6847654031809478,0.7351293072843482,19.04274616024746,-55.189450039341594,1773.0,0.0,0,1,5522.0,5522.0,100.0,0.0
Research,SPY,Close→50%,10.0,8.569282177123295,0.7604169505749748,0.8792221387084252,14.371127632741759,-38.024522831916094,1383.0,3.467274544091931,152,153,36.091503267973856,4.0,87.58601955813111,24.827960883737777
Research,SPY,MA50→50%,10.0,10.24187914544048,0.9258704461167101,0.989863546430101,14.879736757447674,-33.707084409564445,895.0,0.41059830127404445,18,19,290.63157894736844,264.0,87.71278522274538,24.574429554509237
Research,SPY,H2分层,10.0,9.320504792520023,0.8280186629053876,0.9313897929790584,14.67836198759118,-36.245407459831256,1212.0,2.463589807644267,159,160,34.5125,4.0,88.78123868163709,24.827960883737777
Research,QQQ,BH(一直持有),10.0,5.126246893498876,0.3187115463205743,0.4304230701602058,30.06648164717124,-82.96391073219365,,0.0,0,1,3980.0,3980.0,100.0,0.0
Research,QQQ,Close→50%,10.0,6.888299721781999,0.4229177710155277,0.5639359818506714,22.333434590381206,-68.20457960155628,4995.0,4.047792207792208,128,129,30.852713178294575,3.0,84.37185929648241,31.256281407035175
Research,QQQ,MA50→50%,10.0,9.070918970755848,0.5303979105724356,0.6767345499557611,22.963107557716377,-60.66855018332304,4336.0,0.6324675324675325,20,21,189.52380952380952,118.0,83.96984924623115,32.06030150753769
Research,QQQ,H2分层,10.0,7.498163312337303,0.45037570318075276,0.5967272830380563,22.77056428365089,-66.2204512542834,4915.0,3.099090909090909,138,139,28.633093525179856,4.0,85.678391959799,31.256281407035175
Research,IWM,BH(一直持有),10.0,8.211418477367305,0.4841560360813916,0.6200885644587212,24.99025207684774,-58.64001469649833,1306.0,0.0,0,1,3672.0,3672.0,100.0,0.0
Research,IWM,Close→50%,10.0,5.561993572407964,0.40297682423662146,0.5502161433847925,18.828289530798347,-43.40923346930607,1022.0,4.795105026256564,140,141,26.04255319148936,3.0,85.43028322440087,29.13943355119826
Research,IWM,MA50→50%,10.0,5.3715820091466915,0.3855832087539174,0.4848347138281907,19.975776618179275,-47.17830696611075,881.0,0.7535165041260315,22,23,159.65217391304347,129.0,84.43627450980392,31.127450980392158
Research,IWM,H2分层,10.0,5.742916778882035,0.40823847216372594,0.5419691736296633,19.553326825224136,-46.96662666668273,1361.0,3.356573518379595,149,150,24.48,3.0,87.07107843137256,29.13943355119826
Research,EEM,BH(一直持有),10.0,13.1477571758289,0.6292514436505495,0.7278944411353778,32.06074258182151,-66.43427652396447,,0.0,0,1,2951.0,2951.0,100.0,0.0
Research,EEM,Close→50%,10.0,11.988605872490421,0.6813425853853198,0.9282433571495385,20.63482816883776,-45.48438957414426,766.0,4.822768170133209,113,114,25.885964912280702,3.0,86.05557438156556,27.888851236868856
Research,EEM,MA50→50%,10.0,12.455915729338795,0.6919904208775853,0.9107712779585594,21.470460583469453,-47.30114226318713,1066.0,0.8109079224117784,19,20,147.55,88.5,85.42866824805151,29.142663503896983
Research,EEM,H2分层,10.0,12.48121572139329,0.6955470155222238,0.9452212523310445,21.22861279983971,-45.91462101760789,767.0,3.627745968684272,122,123,23.991869918699187,3.0,88.01253812267028,27.888851236868856
Validation,SPY,BH(一直持有),10.0,12.680642100761697,0.9227229660622704,0.8419657643443345,18.34129789499557,-33.71725445822261,173.0,0.0,0,1,1511.0,1511.0,100.0,0.0
Validation,SPY,Close→50%,10.0,9.530704768656895,0.7993224110096907,0.852953888358243,13.655261620488849,-25.606866134203145,196.0,2.668493150684932,32,33,45.78787878787879,4.0,92.42223692918597,15.155526141628062
Validation,SPY,MA50→50%,10.0,8.244287864367795,0.7005437050698824,0.6171664257368306,15.308903184375284,-32.04894993577581,,0.667123287671233,8,9,167.88888888888889,70.0,91.13170086035738,17.736598279285243
Validation,SPY,H2分层,10.0,9.279768423280132,0.7755246906042038,0.7571036507336555,14.61429498288099,-28.833498829440686,264.0,1.8345890410958905,36,37,40.83783783783784,5.0,93.72931833223032,15.155526141628062
Validation,QQQ,BH(一直持有),10.0,21.485348388473604,1.242509835820239,1.2013411387828232,21.393588998880766,-28.55938719100787,105.0,0.0,0,1,1511.0,1511.0,100.0,0.0
Validation,QQQ,Close→50%,10.0,15.970244507012321,0.9770508362030301,1.0088965078902445,18.666139512643007,-24.99191900676706,124.0,3.1688356164383564,38,39,38.743589743589745,6.0,93.34877564526803,13.302448709463931
Validation,QQQ,MA50→50%,10.0,17.83645875354196,1.0812847423155139,1.039282007370419,20.187986151256613,-27.563141970000803,120.0,0.667123287671233,8,9,167.88888888888889,79.0,94.07677035076108,11.846459298477829
Validation,QQQ,H2分层,10.0,17.32800895258673,1.04708279727416,1.0565006113364284,19.445581097070324,-26.262401578186378,111.0,2.251541095890411,41,42,35.976190476190474,5.5,95.25148908007942,13.302448709463931
Validation,IWM,BH(一直持有),10.0,10.20291709029606,0.6067691952489446,0.6522408308541069,22.225244639458204,-41.133283832805375,801.0,0.0,0,1,1511.0,1511.0,100.0,0.0
Validation,IWM,Close→50%,10.0,7.933660500383111,0.5600012699048007,0.7417952553534073,15.847430131597626,-33.90665097177946,825.0,4.503082191780822,54,55,27.472727272727273,3.0,85.10919920582396,29.781601588352085
Validation,IWM,MA50→50%,10.0,5.813105590302636,0.40666960914955214,0.49206135126518596,17.50053160456831,-45.09537481648298,,0.667123287671233,8,9,167.88888888888889,109.0,86.49900727994707,27.00198544010589
Validation,IWM,H2分层,10.0,6.701436990862453,0.46857000011136063,0.5965222013718277,16.694021183170054,-39.53185594309132,,3.419006849315069,58,59,25.610169491525422,3.0,87.04500330906684,29.781601588352085
Validation,EEM,BH(一直持有),10.0,7.169981484161547,0.47510413404114715,0.5403437169071652,22.059115806891853,-38.20209754240553,1033.0,0.0,0,1,1511.0,1511.0,100.0,0.0
Validation,EEM,Close→50%,10.0,5.749011889283495,0.47926704495462835,0.5602309100792534,15.641168635880549,-31.187970095870654,1069.0,5.253595890410959,63,64,23.609375,3.5,79.74851091992058,40.50297816015884
Validation,EEM,MA50→50%,10.0,4.923375396741725,0.3928295533726213,0.40792127910787,17.58318250463743,-37.31060797386176,,0.7505136986301371,9,10,151.1,100.0,80.0794176042356,39.84116479152879
Validation,EEM,H2分层,10.0,5.254106151442328,0.42804465923639146,0.47546338698340046,16.744299637003387,-34.57847410324951,,3.9193493150684935,67,68,22.220588235294116,4.0,82.04831237590999,40.50297816015884
Holdout,SPY,BH(一直持有),10.0,15.03819807397928,1.007056597890075,1.2811451927643072,16.677820958943194,-24.49639898720688,709.0,0.0,0,1,1433.0,1433.0,100.0,0.0
Holdout,SPY,Close→50%,10.0,13.686372816347792,1.1166632236280734,1.4441112209142823,13.027395337426048,-18.999274854511118,748.0,2.631484149855908,30,31,46.225806451612904,6.0,90.43963712491278,19.120725750174458
Holdout,SPY,MA50→50%,10.0,14.137306741612043,1.1252575667477307,1.2997274062172217,14.518893011234896,-19.766235832571823,207.0,0.35086455331412103,4,5,286.6,302.0,90.71877180739708,18.562456385205863
Holdout,SPY,H2分层,10.0,13.959112744758983,1.1097975285798758,1.3843436242765663,13.762348177376754,-18.794982030478458,709.0,1.9297550432276658,32,33,43.42424242424242,6.0,91.64340544312631,19.120725750174458
Holdout,QQQ,BH(一直持有),10.0,16.508516636231608,0.8536367299938785,1.135731179278197,22.44189490938876,-35.11871954086314,716.0,0.0,0,1,1433.0,1433.0,100.0,0.0
Holdout,QQQ,Close→50%,10.0,16.528623717124024,0.9850574304470723,1.2971948038842334,17.824252349032257,-27.898902562573436,604.0,1.7543227665706054,20,21,68.23809523809524,8.0,89.21842288904396,21.56315422191207
Holdout,QQQ,MA50→50%,10.0,17.10261433858453,0.9691188763228442,1.2306731564836337,19.27460109859355,-25.60319970755407,568.0,0.35086455331412103,4,5,286.6,292.0,89.39288206559665,21.2142358688067
Holdout,QQQ,H2分层,10.0,16.715473818661586,0.9697661403919838,1.2651196946462748,18.595653298931193,-27.5125967546455,602.0,1.315742074927954,22,23,62.30434782608695,12.0,90.33496161898115,21.56315422191207
Holdout,IWM,BH(一直持有),10.0,8.451989360004353,0.45603318021515854,0.765186943358613,22.407416776283785,-31.911648473514443,1094.0,0.0,0,1,1433.0,1433.0,100.0,0.0
Holdout,IWM,Close→50%,10.0,7.5793888341206594,0.45580632818997274,0.7164484148123152,18.721446189674555,-27.27706526720297,1094.0,3.5086455331412107,40,41,34.951219512195124,3.0,83.87997208653175,32.2400558269365
Holdout,IWM,MA50→50%,10.0,6.49934907921319,0.39306949692243337,0.6167130118971389,19.086629186529528,-29.691694941412084,1495.0,0.7017291066282421,8,9,159.22222222222223,91.0,84.64759246336358,30.704815073272858
Holdout,IWM,H2分层,10.0,7.25490409097187,0.42959863515333313,0.6862155508416758,19.091783741171948,-29.437801634832606,1099.0,2.8069164265129682,44,45,31.844444444444445,4.0,85.74668527564549,32.2400558269365
Holdout,EEM,BH(一直持有),10.0,6.768814943143497,0.4455053034633152,0.6358485347258297,19.813508215267824,-39.8223318457332,1671.0,0.0,0,1,1433.0,1433.0,100.0,0.0
Holdout,EEM,Close→50%,10.0,6.437492661090682,0.4647166798662115,0.634232939725693,16.412726411255615,-28.068337611287387,1673.0,2.982348703170029,34,35,40.94285714285714,6.0,83.4612700628053,33.07745987438939
Holdout,EEM,MA50→50%,10.0,7.036017389290827,0.5106537873103566,0.6581313701700082,17.112179707751775,-27.340724262005978,1667.0,0.5262968299711815,6,7,204.71428571428572,175.0,84.99651081646896,30.00697836706211
Holdout,EEM,H2分层,10.0,7.268548890471771,0.5190509668380491,0.6928141862888505,16.7716361550704,-27.748900228708784,1651.0,1.8420389048991355,36,37,38.729729729729726,6.0,85.2407536636427,33.07745987438939
