资产,信号,触发天数,未触发天数,样本充足,触发_未来63日收益%,未触发_未来63日收益%,收益差pp,触发_未来63日回撤%,未触发_未来63日回撤%,回撤差pp,触发_未来21日收益%,未触发_未来21日收益%
SPY,H3-A 波动率,862,1012,是,3.3834562882146417,0.23993817184851438,3.143518116366127,-7.796122798179148,-8.720911904066892,0.9247891058877435,1.507312909688613,0.03747945114327995
SPY,H3-B 信用,658,1216,是,3.1433427650975823,0.8972345484518985,2.2461082166456836,-8.563046584181471,-8.15076977512723,-0.4122768090542408,1.5541462010242137,0.25872099706796964
SPY,H3-C 广度,417,1457,是,6.685232373827617,0.25505480471214964,6.430177569115467,-5.00090647588917,-9.23846444646557,4.2375579705764,3.1604574317538208,0.013261622283624146
QQQ,H3-A 波动率,793,961,是,2.3006387897030423,-0.733014208287682,3.0336529979907243,-11.694094911525712,-12.352992581805818,0.6588976702801066,1.3342083811472443,-0.661490946717271
QQQ,H3-B 信用,559,1195,是,6.577613055628149,-2.139670118850281,8.71728317447843,-7.876648428437834,-14.009704321722621,6.133055893284787,2.8962285808835335,-1.0013868872463836
QQQ,H3-C 广度,370,1384,是,6.942953808390792,-1.0469024588399878,7.989856267230779,-6.136589899323969,-13.637359012431657,7.500769113107689,3.6487893758288132,-0.670316201302163
IWM,H3-A 波动率,880,1102,是,4.577725422264696,4.537880530637719,0.03984489162697713,-8.5899951629731,-7.1590077726122985,-1.4309873903608015,1.2498526132847132,1.788096068002635
IWM,H3-B 信用,923,1059,是,4.252434831976203,4.819778438566256,-0.567343606590053,-8.064421888989084,-7.558981024833009,-0.5054408641560757,2.1096050660246033,1.0606106616513145
IWM,H3-C 广度,397,1585,是,7.972107232165483,3.6998209117892764,4.272286320376207,-6.20757798672056,-8.191806844231557,1.9842288575109972,3.4203855827825036,1.0804158298200612
EEM,H3-A 波动率,826,1083,是,2.5148974887226294,2.5096959362244453,0.005201552498184103,-8.704636410731522,-8.284946529700315,-0.4196898810312071,1.1552642837812215,0.6663088921959351
EEM,H3-B 信用,995,914,是,3.0614979500305117,1.9136931776100727,1.147804772420439,-8.937566059389784,-7.953773017326959,-0.9837930420628247,1.303227239600221,0.4148246446928525
EEM,H3-C 广度,401,1508,是,5.325537697414875,1.7637701644248014,3.5617675329900735,-6.364723849699321,-9.025445957029344,2.660722107330023,2.6184323963362686,0.4150327836343787
