lookback,skip,每边只数,做空成本bps,CAGR%,扣做空成本后CAGR%,Sharpe,最大回撤%,空头腿年换手
252,21,10,0.0,11.813244797451805,11.813244797451805,1.0244819950669732,-18.072705604739024,14.408780127889818
252,21,10,50.0,11.813244797451805,4.608854733506895,1.0244819950669732,-18.072705604739024,14.408780127889818
252,21,10,100.0,11.813244797451805,-2.5955353304380147,1.0244819950669732,-18.072705604739024,14.408780127889818
252,21,10,200.0,11.813244797451805,-17.004315458327834,1.0244819950669732,-18.072705604739024,14.408780127889818
252,21,20,0.0,9.964828160176564,9.964828160176564,1.126799637226489,-16.883749793909274,11.911497786522384
252,21,20,50.0,9.964828160176564,4.009079266915372,1.126799637226489,-16.883749793909274,11.911497786522384
252,21,20,100.0,9.964828160176564,-1.9466696263458196,1.126799637226489,-16.883749793909274,11.911497786522384
252,21,20,200.0,9.964828160176564,-13.858167412868204,1.126799637226489,-16.883749793909274,11.911497786522384
126,0,10,0.0,14.013670613295947,14.013670613295947,1.2395040693286743,-19.949454230017682,21.972491392031483
126,0,10,50.0,14.013670613295947,3.0274249172802037,1.2395040693286743,-19.949454230017682,21.972491392031483
126,0,10,100.0,14.013670613295947,-7.958820778735539,1.2395040693286743,-19.949454230017682,21.972491392031483
126,0,10,200.0,14.013670613295947,-29.931312170767026,1.2395040693286743,-19.949454230017682,21.972491392031483
189,21,10,0.0,13.173857671609968,13.173857671609968,1.1125898104956324,-17.26132080977981,17.750467289719627
189,21,10,50.0,13.173857671609968,4.298624026750154,1.1125898104956324,-17.26132080977981,17.750467289719627
189,21,10,100.0,13.173857671609968,-4.576609618109659,1.1125898104956324,-17.26132080977981,17.750467289719627
189,21,10,200.0,13.173857671609968,-22.327076907829287,1.1125898104956324,-17.26132080977981,17.750467289719627
