p_lookback,p_skip,p_top_n,策略,Sharpe,CAGR%,回撤%,总收益%,参数,p_vol_window,p_ma_window,p_w_mom
126.0,0.0,5,XS动量12-1,1.310968601106597,37.48839674685951,-44.08089322914487,20260.454755272745,"{""lookback"": 126, ""skip"": 0, ""top_n"": 5}",,,
126.0,0.0,10,XS动量12-1,1.2366423186590028,28.207990034251896,-37.39009836495739,6238.443128105876,"{""lookback"": 126, ""skip"": 0, ""top_n"": 10}",,,
126.0,0.0,15,XS动量12-1,1.3439150544924732,27.172738337432143,-32.49480996090143,5435.887495696321,"{""lookback"": 126, ""skip"": 0, ""top_n"": 15}",,,
126.0,0.0,20,XS动量12-1,1.371979974857184,25.248749218519762,-31.869873688276662,4191.756254468202,"{""lookback"": 126, ""skip"": 0, ""top_n"": 20}",,,
126.0,21.0,5,XS动量12-1,1.198996174568219,36.652276088606285,-37.91396579878431,18288.70296884404,"{""lookback"": 126, ""skip"": 21, ""top_n"": 5}",,,
126.0,21.0,10,XS动量12-1,1.2130516456575566,27.322727928577972,-31.935970214376596,5545.926787094286,"{""lookback"": 126, ""skip"": 21, ""top_n"": 10}",,,
126.0,21.0,15,XS动量12-1,1.2870107170094274,25.027663784489505,-29.23563321168553,4066.993936961471,"{""lookback"": 126, ""skip"": 21, ""top_n"": 15}",,,
126.0,21.0,20,XS动量12-1,1.3563702507281075,24.294212083139442,-31.25078175075151,3677.074702124527,"{""lookback"": 126, ""skip"": 21, ""top_n"": 20}",,,
189.0,0.0,5,XS动量12-1,1.1517362485551381,34.59350064153512,-42.92204921943641,14171.310024092463,"{""lookback"": 189, ""skip"": 0, ""top_n"": 5}",,,
189.0,0.0,10,XS动量12-1,1.1759773214182878,27.591556278775453,-36.460001190382016,5748.314852672425,"{""lookback"": 189, ""skip"": 0, ""top_n"": 10}",,,
189.0,0.0,15,XS动量12-1,1.2168759930362756,23.703325152630118,-32.106667536122366,3388.174593843189,"{""lookback"": 189, ""skip"": 0, ""top_n"": 15}",,,
189.0,0.0,20,XS动量12-1,1.3296819740305525,24.08504779959266,-30.406484614094907,3572.3296220340367,"{""lookback"": 189, ""skip"": 0, ""top_n"": 20}",,,
189.0,21.0,5,XS动量12-1,1.0321590254519946,30.43895871569884,-43.6428501563478,8354.521232483617,"{""lookback"": 189, ""skip"": 21, ""top_n"": 5}",,,
189.0,21.0,10,XS动量12-1,1.1094432203997227,26.2997445729364,-32.387738661212055,4834.394747179257,"{""lookback"": 189, ""skip"": 21, ""top_n"": 10}",,,
189.0,21.0,15,XS动量12-1,1.1516111400436868,22.854968553038944,-32.316170681697756,3009.519659383002,"{""lookback"": 189, ""skip"": 21, ""top_n"": 15}",,,
189.0,21.0,20,XS动量12-1,1.141896709284625,20.59441529778734,-32.17139599684191,2180.414950468443,"{""lookback"": 189, ""skip"": 21, ""top_n"": 20}",,,
252.0,0.0,5,XS动量12-1,1.1624410881415204,33.120617540055086,-39.25481725287372,11775.92081006146,"{""lookback"": 252, ""skip"": 0, ""top_n"": 5}",,,
252.0,0.0,10,XS动量12-1,1.1377617481765898,26.778021577312614,-34.10214689586448,5155.861000589112,"{""lookback"": 252, ""skip"": 0, ""top_n"": 10}",,,
252.0,0.0,15,XS动量12-1,1.1746166919751864,24.395711025931966,-32.697947553810295,3728.9093857802704,"{""lookback"": 252, ""skip"": 0, ""top_n"": 15}",,,
252.0,0.0,20,XS动量12-1,1.2030800668200061,22.227865080038068,-31.59434679340798,2754.839397164852,"{""lookback"": 252, ""skip"": 0, ""top_n"": 20}",,,
252.0,21.0,5,XS动量12-1,1.0511040476094886,28.111252360088955,-36.58797406505736,6159.053937066058,"{""lookback"": 252, ""skip"": 21, ""top_n"": 5}",,,
252.0,21.0,10,XS动量12-1,1.0220333660687273,23.374802045468112,-33.952174759116225,3236.6714000721445,"{""lookback"": 252, ""skip"": 21, ""top_n"": 10}",,,
252.0,21.0,15,XS动量12-1,1.05267127417609,20.74085463115509,-32.894757018143885,2227.0977712593,"{""lookback"": 252, ""skip"": 21, ""top_n"": 15}",,,
252.0,21.0,20,XS动量12-1,1.1254639433708264,19.921109411895777,-31.905430650592624,1976.8797161874563,"{""lookback"": 252, ""skip"": 21, ""top_n"": 20}",,,
315.0,0.0,5,XS动量12-1,1.1167974344290217,33.5043999370449,-39.010706090229974,12360.751889543271,"{""lookback"": 315, ""skip"": 0, ""top_n"": 5}",,,
315.0,0.0,10,XS动量12-1,1.1067650099641075,24.76734844241153,-35.713659591841285,3924.4653394275483,"{""lookback"": 315, ""skip"": 0, ""top_n"": 10}",,,
315.0,0.0,15,XS动量12-1,1.1369740086296316,21.99514140296419,-33.25904454104581,2665.417870064413,"{""lookback"": 315, ""skip"": 0, ""top_n"": 15}",,,
315.0,0.0,20,XS动量12-1,1.1584093933168171,20.740436437644515,-33.52844570921425,2226.963186997697,"{""lookback"": 315, ""skip"": 0, ""top_n"": 20}",,,
315.0,21.0,5,XS动量12-1,1.1177096264900923,32.286745019659094,-38.59618750055331,10592.965168556417,"{""lookback"": 315, ""skip"": 21, ""top_n"": 5}",,,
315.0,21.0,10,XS动量12-1,1.128900382447886,24.27431170591481,-34.04476407770783,3666.989405014889,"{""lookback"": 315, ""skip"": 21, ""top_n"": 10}",,,
315.0,21.0,15,XS动量12-1,1.1291399404998093,22.72424282909622,-32.99048301649757,2954.7289887679117,"{""lookback"": 315, ""skip"": 21, ""top_n"": 15}",,,
315.0,21.0,20,XS动量12-1,1.0924977825054012,20.000861676836344,-32.328188442232694,2000.0641024409597,"{""lookback"": 315, ""skip"": 21, ""top_n"": 20}",,,
126.0,,5,时序动量12M,1.310968601106597,37.48839674685951,-44.08089322914487,20260.454755272745,"{""lookback"": 126, ""top_n"": 5}",,,
126.0,,10,时序动量12M,1.2392608983381852,28.401665961673174,-37.39009836495739,6400.239436912474,"{""lookback"": 126, ""top_n"": 10}",,,
126.0,,15,时序动量12M,1.3470479353806852,27.428919010967157,-32.49480996090143,5625.073179838577,"{""lookback"": 126, ""top_n"": 15}",,,
126.0,,20,时序动量12M,1.376013464709904,25.60681865587988,-31.869873688276662,4401.297593818379,"{""lookback"": 126, ""top_n"": 20}",,,
189.0,,5,时序动量12M,1.1517362485551381,34.59350064153512,-42.92204921943641,14171.310024092463,"{""lookback"": 189, ""top_n"": 5}",,,
189.0,,10,时序动量12M,1.1759773214182878,27.591556278775453,-36.460001190382016,5748.314852672425,"{""lookback"": 189, ""top_n"": 10}",,,
189.0,,15,时序动量12M,1.2169274214088703,23.695983513718488,-32.106667536122366,3384.719371708261,"{""lookback"": 189, ""top_n"": 15}",,,
189.0,,20,时序动量12M,1.33083060844979,24.149871728110405,-30.406484614094907,3604.4964088142606,"{""lookback"": 189, ""top_n"": 20}",,,
252.0,,5,时序动量12M,1.1624410881415204,33.120617540055086,-39.25481725287372,11775.92081006146,"{""lookback"": 252, ""top_n"": 5}",,,
252.0,,10,时序动量12M,1.1377617481765898,26.778021577312614,-34.10214689586448,5155.861000589112,"{""lookback"": 252, ""top_n"": 10}",,,
252.0,,15,时序动量12M,1.1746166919751864,24.395711025931966,-32.697947553810295,3728.9093857802704,"{""lookback"": 252, ""top_n"": 15}",,,
252.0,,20,时序动量12M,1.2030800668200061,22.227865080038068,-31.59434679340798,2754.839397164852,"{""lookback"": 252, ""top_n"": 20}",,,
315.0,,5,时序动量12M,1.1167974344290217,33.5043999370449,-39.010706090229974,12360.751889543271,"{""lookback"": 315, ""top_n"": 5}",,,
315.0,,10,时序动量12M,1.1067650099641075,24.76734844241153,-35.713659591841285,3924.4653394275483,"{""lookback"": 315, ""top_n"": 10}",,,
315.0,,15,时序动量12M,1.1369740086296316,21.99514140296419,-33.25904454104581,2665.417870064413,"{""lookback"": 315, ""top_n"": 15}",,,
315.0,,20,时序动量12M,1.1584093933168171,20.740436437644515,-33.52844570921425,2226.963186997697,"{""lookback"": 315, ""top_n"": 20}",,,
3.0,,5,短期反转,0.7258427813315285,15.189213799493317,-50.95134539210131,960.3855560321371,"{""lookback"": 3, ""top_n"": 5}",,,
3.0,,10,短期反转,0.8723419178405409,16.493225760677422,-46.002644750711596,1179.67204738011,"{""lookback"": 3, ""top_n"": 10}",,,
3.0,,15,短期反转,0.986179208291639,17.52973672946019,-43.324995306129274,1383.6723764406017,"{""lookback"": 3, ""top_n"": 15}",,,
3.0,,20,短期反转,1.049186071171082,18.10622136840532,-39.74650694118188,1509.9848192586976,"{""lookback"": 3, ""top_n"": 20}",,,
5.0,,5,短期反转,0.6329468657972331,14.007694719455245,-51.33151920928456,792.6790123621582,"{""lookback"": 5, ""top_n"": 5}",,,
5.0,,10,短期反转,0.7997387124018228,15.70111476517091,-46.974516755270116,1041.8785711371092,"{""lookback"": 5, ""top_n"": 10}",,,
5.0,,15,短期反转,0.8915276181341283,16.07884835933635,-43.241214669887775,1105.7491052463065,"{""lookback"": 5, ""top_n"": 15}",,,
5.0,,20,短期反转,0.911861531480878,15.887711081223955,-42.79118301826341,1073.0215406011687,"{""lookback"": 5, ""top_n"": 20}",,,
10.0,,5,短期反转,0.6630225374150774,13.999531419650957,-53.40208243543372,791.6122903640336,"{""lookback"": 10, ""top_n"": 5}",,,
10.0,,10,短期反转,0.8528634576883519,17.36895244351315,-45.53856644460554,1350.1414826922446,"{""lookback"": 10, ""top_n"": 10}",,,
10.0,,15,短期反转,0.9204574989481717,17.219153937439778,-43.76057406760477,1319.5438532778687,"{""lookback"": 10, ""top_n"": 15}",,,
10.0,,20,短期反转,0.9917007358036289,17.699521252335316,-40.88634192412969,1419.8706682191978,"{""lookback"": 10, ""top_n"": 20}",,,
21.0,,5,短期反转,0.7457501178719228,16.821999879526107,-43.488278500265345,1241.3331053279946,"{""lookback"": 21, ""top_n"": 5}",,,
21.0,,10,短期反转,0.773164652739597,15.400796627314683,-43.1161849015329,993.3824759570529,"{""lookback"": 21, ""top_n"": 10}",,,
21.0,,15,短期反转,0.8908272808711426,16.627626687557175,-38.784146767936846,1204.5495010064474,"{""lookback"": 21, ""top_n"": 15}",,,
21.0,,20,短期反转,0.9357469684764729,16.453510190665167,-40.27159591486951,1172.4065482460385,"{""lookback"": 21, ""top_n"": 20}",,,
,,5,低波动,0.9198975297481833,10.353078290945161,-23.897617831539918,418.1091775904865,"{""vol_window"": 21, ""top_n"": 5}",21.0,,
,,10,低波动,1.1043444789030934,11.64126900224003,-23.333925073405247,528.9051955517137,"{""vol_window"": 21, ""top_n"": 10}",21.0,,
,,15,低波动,1.1639759903117943,11.737338198911917,-24.12668370463943,538.0032552709071,"{""vol_window"": 21, ""top_n"": 15}",21.0,,
,,20,低波动,1.1652959399655363,11.976162143953095,-25.7639164551163,561.1596998543483,"{""vol_window"": 21, ""top_n"": 20}",21.0,,
,,5,低波动,0.934394747180827,10.531088275151745,-20.25265619774035,432.2429133768518,"{""vol_window"": 60, ""top_n"": 5}",60.0,,
,,10,低波动,1.1191183690488773,11.958323872786059,-25.534468618132223,559.4031559382244,"{""vol_window"": 60, ""top_n"": 10}",60.0,,
,,15,低波动,1.167440482792066,12.221156203330107,-24.21632081743962,585.7338667565023,"{""vol_window"": 60, ""top_n"": 15}",60.0,,
,,20,低波动,1.186940843219459,12.452517876172164,-26.136594427581137,609.7267575171439,"{""vol_window"": 60, ""top_n"": 20}",60.0,,
,,5,低波动,0.9299403890515563,9.925211868271845,-22.86657201212341,385.56698431471193,"{""vol_window"": 120, ""top_n"": 5}",120.0,,
,,10,低波动,1.1351158372292047,11.703218140460026,-23.6659528737729,534.7579007505158,"{""vol_window"": 120, ""top_n"": 10}",120.0,,
,,15,低波动,1.119340469987871,11.622564106965672,-26.367975722892034,527.1480284107572,"{""vol_window"": 120, ""top_n"": 15}",120.0,,
,,20,低波动,1.1719219672676793,12.193724167414889,-27.685183679015545,582.9402023331924,"{""vol_window"": 120, ""top_n"": 20}",120.0,,
,,5,低波动,0.9661326230843743,9.789975471645107,-26.493155294625858,375.68770743524385,"{""vol_window"": 252, ""top_n"": 5}",252.0,,
,,10,低波动,1.0407026775970274,10.556625041397671,-25.527343240752487,434.2999758905428,"{""vol_window"": 252, ""top_n"": 10}",252.0,,
,,15,低波动,1.1121233665725818,11.280288798255466,-26.02414406245258,495.7977968559321,"{""vol_window"": 252, ""top_n"": 15}",252.0,,
,,20,低波动,1.1771163709694012,12.04905760942987,-26.452396645564214,568.3835749710158,"{""vol_window"": 252, ""top_n"": 20}",252.0,,
189.0,21.0,10,动量+趋势过滤,1.1460305150246106,25.339395546493336,-32.07168011950727,4243.917634686836,"{""lookback"": 189, ""skip"": 21, ""top_n"": 10, ""ma_window"": 100}",,100.0,
189.0,21.0,10,动量+趋势过滤,1.10210671113355,25.43279114856791,-34.07354191615099,4298.284051559012,"{""lookback"": 189, ""skip"": 21, ""top_n"": 10, ""ma_window"": 200}",,200.0,
189.0,21.0,15,动量+趋势过滤,1.1500371787717072,21.210906592708746,-30.667108916058083,2383.087324784863,"{""lookback"": 189, ""skip"": 21, ""top_n"": 15, ""ma_window"": 100}",,100.0,
189.0,21.0,15,动量+趋势过滤,1.1509746360946689,22.328416675903952,-33.36314762590181,2794.3101454598755,"{""lookback"": 189, ""skip"": 21, ""top_n"": 15, ""ma_window"": 200}",,200.0,
252.0,21.0,10,动量+趋势过滤,1.0229289512956496,21.574736529724127,-33.404786538421526,2510.519455613687,"{""lookback"": 252, ""skip"": 21, ""top_n"": 10, ""ma_window"": 100}",,100.0,
252.0,21.0,10,动量+趋势过滤,0.9968524202145204,21.907432086894694,-33.498135066119005,2632.404999208975,"{""lookback"": 252, ""skip"": 21, ""top_n"": 10, ""ma_window"": 200}",,200.0,
252.0,21.0,15,动量+趋势过滤,1.0818565965435567,19.49987459323208,-29.647992616437403,1858.364050196187,"{""lookback"": 252, ""skip"": 21, ""top_n"": 15, ""ma_window"": 100}",,100.0,
252.0,21.0,15,动量+趋势过滤,1.0411775078488141,19.45588566049583,-32.82059817480396,1846.3612258466783,"{""lookback"": 252, ""skip"": 21, ""top_n"": 15, ""ma_window"": 200}",,200.0,
252.0,21.0,10,动量+低波动复合,1.1251755908297736,12.220683025076484,-23.684235372416783,585.6855876001383,"{""lookback"": 252, ""skip"": 21, ""vol_window"": 60, ""top_n"": 10, ""w_mom"": 0.3}",60.0,,0.3
252.0,21.0,10,动量+低波动复合,1.1735414377860707,14.073258829605262,-27.50421239079721,801.2900838352585,"{""lookback"": 252, ""skip"": 21, ""vol_window"": 60, ""top_n"": 10, ""w_mom"": 0.5}",60.0,,0.5
252.0,21.0,10,动量+低波动复合,1.1369053001950504,15.185056827928257,-28.303270713908724,959.7467420130963,"{""lookback"": 252, ""skip"": 21, ""vol_window"": 60, ""top_n"": 10, ""w_mom"": 0.7}",60.0,,0.7
252.0,21.0,15,动量+低波动复合,1.1640914180561905,12.644632832951386,-25.643624053970793,630.2471141744251,"{""lookback"": 252, ""skip"": 21, ""vol_window"": 60, ""top_n"": 15, ""w_mom"": 0.3}",60.0,,0.3
252.0,21.0,15,动量+低波动复合,1.198992062819256,13.935825419806314,-27.868510519925806,783.3287149827665,"{""lookback"": 252, ""skip"": 21, ""vol_window"": 60, ""top_n"": 15, ""w_mom"": 0.5}",60.0,,0.5
252.0,21.0,15,动量+低波动复合,1.1955948753782621,16.50911371576651,-27.586662603897018,1182.5894703479373,"{""lookback"": 252, ""skip"": 21, ""vol_window"": 60, ""top_n"": 15, ""w_mom"": 0.7}",60.0,,0.7
252.0,21.0,10,动量+低波动复合,1.1592126769208484,12.47886513672729,-25.3856371342419,612.5085499770283,"{""lookback"": 252, ""skip"": 21, ""vol_window"": 120, ""top_n"": 10, ""w_mom"": 0.3}",120.0,,0.3
252.0,21.0,10,动量+低波动复合,1.2544103314282198,14.66570352134453,-27.62633495495338,882.7211011339657,"{""lookback"": 252, ""skip"": 21, ""vol_window"": 120, ""top_n"": 10, ""w_mom"": 0.5}",120.0,,0.5
252.0,21.0,10,动量+低波动复合,1.163445536237699,14.889237046414472,-28.133636051149224,915.2048150251599,"{""lookback"": 252, ""skip"": 21, ""vol_window"": 120, ""top_n"": 10, ""w_mom"": 0.7}",120.0,,0.7
252.0,21.0,15,动量+低波动复合,1.2005496375698836,12.761658381274078,-27.85897430054246,643.0189522933388,"{""lookback"": 252, ""skip"": 21, ""vol_window"": 120, ""top_n"": 15, ""w_mom"": 0.3}",120.0,,0.3
252.0,21.0,15,动量+低波动复合,1.2241118961035122,14.326268638915728,-29.853358938635367,835.2575708954795,"{""lookback"": 252, ""skip"": 21, ""vol_window"": 120, ""top_n"": 15, ""w_mom"": 0.5}",120.0,,0.5
252.0,21.0,15,动量+低波动复合,1.2039648086713586,16.086172117931994,-28.124145405986745,1107.0200344883883,"{""lookback"": 252, ""skip"": 21, ""vol_window"": 120, ""top_n"": 15, ""w_mom"": 0.7}",120.0,,0.7
