环境,年数,一直持有_收益%,一直持有_回撤%,全清仓_收益%,全清仓_回撤%,减半_收益%,减半_回撤%
1990s 牛市,6.91854893908282,281.6717080788601,-19.03002007037381,162.7288488078417,-15.026622293063241,217.91509168820028,-17.31433110501257
2000-02 互联网崩盘,2.9924709103353866,-36.92846986743857,-47.51584881716446,-20.261933177350787,-23.875955229474688,-27.535817102185334,-36.11686316705267
2003-07 复苏牛,4.826830937713894,84.68442708988026,-13.72550828006518,39.29723463172803,-11.21821938211135,60.51254655432694,-9.660472648951313
2008-09 金融危机,2.1656399726214923,-22.277771531253222,-53.89297518671564,6.256538900716757,-18.197583988406784,-6.376271278081624,-35.17406050997447
2010-19 长牛,9.987679671457906,246.87510260811334,-19.348920628494927,89.32466433430375,-25.133786359533282,158.12797218547811,-19.283250363743655
2020 新冠 V型,0.9965776865160849,17.23523004693288,-33.71725445822261,5.761779438866066,-20.32756313257006,12.296379222824893,-25.606866134203088
2021 高位震荡,0.9883641341546886,30.505482902418525,-5.11415884373585,30.806385151268433,-5.0019362892912085,30.806385151268433,-5.0019362892912085
2022 加息熊市,0.9883641341546886,-18.646393694844775,-24.49639898720688,-14.975789286268515,-14.975789286268515,-16.71736307458054,-18.707542340330143
2023-26 反弹牛,3.704312114989733,108.99298781313114,-18.75522626062268,69.23717997188103,-11.32125386895676,88.36892295116962,-14.980867848219614
