final,total_pct,cagr,vol,sharpe,sharpe_lo,sharpe_hi,sharpe_se,n_months,sortino,max_dd,max_dd_date,max_dd_peak,max_dd_trough,calmar,years,n_trades,win_rate,expectancy,avg_win,avg_loss,profit_factor,avg_days,exposure,n_assets_traded,bench_final,bench_total_pct,bench_cagr,bench_sharpe,bench_max_dd,excess_cagr,turnover,name,cost_pct_of_final,n_rebal
21.303226558563964,2030.3226558563963,20.103712433799735,17.028552816847252,1.3385223179741605,0.8408246891603937,1.8362199467879274,0.253927361639677,200.0,1.4574508110863216,-31.939812637111075,2020-03-23,6.73097291064998,4.581112774333675,0.6294248705279223,16.698151950718685,91,100.0,2928.1026643040227,2928.1026643040227,0.0,inf,4137.208791208791,99.54772673173055,91.0,8.915387080060098,791.5387080060098,13.998967977724575,1.0144031017457806,-33.717262742332,6.10474445607516,0.6636369051758559,等权持有全部,1.1081509882731106,200.0
9.012900838352586,801.2900838352585,14.073258829605262,14.742162423734584,1.1735414377860707,0.6798587218059036,1.6672241537662378,0.25187893672457506,200.0,1.1593952574140276,-27.50421239079721,2020-03-23,3.8137608557690297,2.7648159699212305,0.511676489028063,16.698151950718685,685,61.16788321167883,3.70367252776988,9.527365846047617,-5.469739127712723,2.7437125821469235,57.08029197080292,93.07307783860985,84.0,8.915387080060098,791.5387080060098,13.998967977724575,1.0144031017457806,-33.717262742332,0.0742908518806864,8.367700462701444,动量+低波动复合,13.972513380428772,187.0
52.558610005891126,5155.861000589112,26.778021577312614,26.552796899962992,1.1377617481765898,0.6448840805499512,1.6306394158032285,0.2514681977686932,200.0,1.2795976754164884,-34.10214689586448,2020-03-19,8.788027409206544,5.791121392870094,0.7852297879978913,16.698151950718685,510,57.45098039215686,12.058822173843415,26.35950726834327,-7.250397792462838,4.908890443011109,77.03921568627452,93.52535110687931,87.0,8.915387080060098,791.5387080060098,13.998967977724575,1.0144031017457806,-33.717262742332,12.779053599588039,6.380333231062959,时序动量12M,10.65397737885092,188.0
6.594031559382244,559.4031559382244,11.958323872786059,12.17906149084037,1.1191183690488773,0.6266508081135961,1.6115859299841584,0.25125895966085776,200.0,1.2082835924578936,-25.534468618132223,2020-03-23,4.11031100070877,3.060764928125153,0.4683208431560765,16.698151950718685,508,62.20472440944882,4.242226974923613,9.814424816410275,-4.928681972523187,3.277328015967035,77.73622047244095,94.00142823137348,63.0,8.915387080060098,791.5387080060098,13.998967977724575,1.0144031017457806,-33.717262742332,-2.040644104938517,6.218829700030551,低波动60D,10.384296328675251,189.0
4.359863710334162,335.9863710334162,9.218455098751388,11.037730972766054,1.0368360913385006,0.5461013572028157,1.5275708254741855,0.2503748643549413,200.0,1.0788585227229668,-15.97606767295584,2020-03-23,2.3420226338349517,1.9678595129375371,0.5770165279379929,16.698151950718685,500,56.99999999999999,10.838808506998536,24.532484093134492,-7.313273083925875,4.446682644331566,78.2,93.07307783860985,86.0,8.915387080060098,791.5387080060098,13.998967977724575,1.0144031017457806,-33.717262742332,-4.780512878973187,3.9271893627091297,XS动量12-1(波动缩放),6.557680471776313,187.0
33.366714000721444,3236.6714000721445,23.374802045468112,26.330981848427466,1.0220333660687273,0.5315969488423553,1.5124697832950993,0.25022266185018976,200.0,1.172337768700981,-33.952174759116225,2020-03-23,5.9032668054083866,3.8989793431392337,0.6884625863087587,16.698151950718685,500,56.99999999999999,10.838808506998536,24.532484093134492,-7.313273083925875,4.446682644331566,78.2,93.07307783860985,86.0,8.915387080060098,791.5387080060098,13.998967977724575,1.0144031017457806,-33.717262742332,9.375834067743536,6.387336696986281,XS动量12-1,10.665671872667854,187.0
8.915387080060098,791.5387080060098,13.998967977724575,,1.0144031017457806,0.524118850395818,1.5046873530957434,,,,-33.717262742332,,,,,16.698151950718685,1,,,,,,,100.0,,,,,,,,0.0,SPY 买入持有,,
27.32404999208975,2632.404999208975,21.907432086894694,25.71009443304357,0.9968524202145204,0.5069140195591,1.4867908208699407,0.24996857176296955,200.0,1.129725380702685,-33.498135066119005,2020-03-23,5.520795569254429,3.6714320127412665,0.6539896040079113,16.698151950718685,532,57.5187969924812,9.690492144837673,22.34259128616474,-7.440226161560925,4.065934623555433,73.45676691729324,93.07307783860985,86.0,8.915387080060098,791.5387080060098,13.998967977724575,1.0144031017457806,-33.717262742332,7.908464109170119,6.708403573009721,动量+趋势过滤,11.201794220886049,187.0
11.418785711371093,1041.8785711371092,15.70111476517091,23.716289477794263,0.7997387124018228,0.31328363163287043,1.2861937931707752,0.24819136773926143,200.0,0.9778896736465541,-46.974516755270116,2020-03-19,5.083337722648139,2.695464392395823,0.33424749948937765,16.698151950718685,1664,59.13461538461539,1.8516988028075845,7.762190619430845,-6.701130531835487,1.676186782573838,24.879807692307693,98.54796477029278,91.0,8.915387080060098,791.5387080060098,13.998967977724575,1.0144031017457806,-33.717262742332,1.7021467874463347,20.09059834769563,短期反转5D,33.54758639906795,198.0
10.933824759570529,993.3824759570529,15.400796627314683,24.05881448142418,0.773164652739597,0.28712235673575953,1.2592069487434345,0.247980763267264,200.0,0.9581498916446998,-43.1161849015329,2020-03-19,4.724860084478641,2.6876806741161063,0.35719293491496146,16.698151950718685,1682,59.45303210463734,1.820158798485073,7.599417834205922,-6.653828057410601,1.6746512388036157,24.61355529131986,98.54796477029278,91.0,8.915387080060098,791.5387080060098,13.998967977724575,1.0144031017457806,-33.717262742332,1.401828649590108,20.441480252147226,短期反转21D,34.133494334797,198.0
3.129549776768911,212.95497767689108,7.071245920619962,15.33962834421503,0.6251832912600241,0.141189734242754,1.1091768482772943,0.24693548827411743,200.0,0.6346570401534785,-29.46185492020724,2020-03-19,2.170583682582058,1.5310894670980404,0.24001360198708838,16.698151950718685,213,58.68544600938967,1.999958810416177,6.440397599923594,-4.307482651952314,2.1238140195874413,55.13145539906103,94.00142823137348,18.0,8.915387080060098,791.5387080060098,13.998967977724575,1.0144031017457806,-33.717262742332,-6.927722057104614,8.725529383646824,行业轮动6M,14.570021549859547,191.0
4.38025197412041,338.02519741204094,9.248974930768927,23.89997806493392,0.5378065307031087,0.05482224395835317,1.0207908174478642,0.24642055446160996,200.0,0.6264526695923937,-39.14049838896118,2020-07-24,2.6662395461856963,1.622660099565038,0.23630192029893576,16.698151950718685,10,80.0,19.042881822877387,26.564852728702277,-11.045001800422181,9.620587921565344,315.8,75.17257795762914,1.0,8.915387080060098,791.5387080060098,13.998967977724575,1.0144031017457806,-33.717262742332,-4.749993046955648,1.1378504672897196,ADI择时 MA50/200,1.900000000000001,19.0
2.605497545931024,160.54975459310242,5.9025430565113,21.10819754527579,0.41250355490350343,-0.06929537493309168,0.8943024847400985,0.24581578052887507,200.0,0.4339287914219766,-33.34955547975157,2020-02-28,1.8698750673092879,1.2462800443349349,0.1769901568881502,16.698151950718685,42,54.761904761904766,2.9062605522475984,8.996262050619993,-4.465846524729512,2.438554906826601,60.30952380952381,60.29516781718638,1.0,8.915387080060098,791.5387080060098,13.998967977724575,1.0144031017457806,-33.717262742332,-8.096424921213275,5.03049680275455,ADI择时 MA20/50,8.400000000000006,84.0
