资产,窗口,Sharpe@0,CAGR@0,回撤@0,Sharpe@50,CAGR@50,回撤@50,Sharpe@100,CAGR@100,回撤@100
SPY,1995-1998,2.2464500099323845,30.288179781670223,-20.255048563772537,1.8548439709878435,24.1773679159742,-17.31433110501265,1.3787075060873908,18.117140840869396,-15.02662229306333
SPY,1999-2002,-0.3468971212878253,-6.915247030102667,-47.746461132647575,-0.4016023432615539,-5.066157583881436,-36.11686316705263,-0.36749267482853754,-4.146276034886931,-23.875955229474677
SPY,2003-2006,1.869500518171358,13.818713673242588,-14.068830797897336,1.2867121245851392,9.095172969001307,-7.239986804373421,0.5566250126157669,4.377924313096915,-8.90587497179246
SPY,2007-2010,0.048952640560427314,-0.8592771386207287,-55.42291211691509,0.046572443355356326,-0.18304520862792995,-36.66493844183595,-0.022695172132160855,-0.9485413876219928,-25.133786359533296
SPY,2011-2014,1.3169576393516982,15.39959025669817,-20.149934408239446,1.3972103205491053,13.669191123421154,-10.325693082318299,1.2405680248742492,11.671637601054229,-9.799663276807735
SPY,2015-2018,0.6873714210534246,7.247399597726045,-19.018735805364926,0.6769841317574781,5.9580160501552015,-16.13903453405833,0.5457494618685638,4.452476994826116,-13.31168964961873
SPY,2019-2022,0.674569902732713,13.148078238030969,-32.04894993577584,0.6703301196717821,9.920138436782722,-25.606866134203145,0.529210372591257,6.090766935605929,-20.327563132570038
QQQ,1999-2002,-0.261361935175075,-17.671214104532694,-83.10169812966318,-0.37852753177005694,-12.143675606384384,-68.20457960155622,-0.5223378256676315,-10.64259718593834,-50.72682851350518
QQQ,2003-2006,1.1339821946183601,14.608761662105142,-16.846001320120262,0.6931318671582298,6.780504937605092,-14.671436138819939,-0.046325590560083896,-0.9855743080020463,-21.311786699238176
QQQ,2007-2010,0.38274809030395635,6.517411835431086,-52.28014802133287,0.3844177145840499,5.231311160206542,-36.19197418963337,0.2569501292661502,2.605694658611868,-23.48120828433291
QQQ,2011-2014,1.3834332810494976,18.577460555737968,-15.174991671639548,1.3196010227420925,16.158239602409186,-11.31606268330646,1.1335793257608135,13.479551300196334,-13.931876235911556
QQQ,2015-2018,0.8211817829637985,11.864914650522685,-22.141058417690683,0.7665637852711267,9.513395171458082,-20.196948210014032,0.6008239304769718,6.759426163081872,-18.505231835980908
QQQ,2019-2022,0.6713089338587362,15.398861013989752,-36.69303368974675,0.7641151536588974,13.823860365206508,-27.898902562573557,0.7625986258044722,11.374297458137761,-23.52229999479507
IWM,1999-2002,-0.18148022745613773,-6.205958048760484,-38.75384476805546,-0.4071479962192155,-6.3509008430037035,-29.754083360842742,-0.733359361366734,-7.895015024357155,-24.28944165602904
IWM,2003-2006,1.5138710879473898,20.606406912127206,-14.283597901138434,0.8915076023623528,10.33511246654455,-14.902608544345142,0.11541741652046396,0.6456984579493064,-19.675569973856057
IWM,2007-2010,0.17701020339279486,1.5041308539323062,-58.26058900464288,0.16980936794550805,1.5978615942054741,-41.07514149358905,0.054222182696888575,-0.5175406579055353,-28.914126816220453
IWM,2011-2014,0.881703233995185,12.608650242872542,-30.01163116535127,0.8006487530325269,9.036167795474626,-15.7890171028771,0.4834547909800949,4.9393249961141805,-18.731577317282223
IWM,2015-2018,0.3684123214522046,4.5370677140702975,-26.477893822324795,0.5346464216852224,6.03011117366965,-18.380481579286123,0.678329675144508,7.1941901321948,-9.678110972850273
IWM,2019-2022,0.3435210490153349,8.031877116478636,-41.4728751453342,0.386415611117933,6.540136297508536,-27.626404960133844,0.3342869195658501,3.794668868305706,-21.37406422530177
EEM,2003-2006,1.8679290997990605,40.4101012980933,-26.142482559393443,1.2907240537432059,24.94003842436554,-23.725646330575533,0.626967683952653,10.778823919486591,-27.707593866065338
EEM,2007-2010,0.4084323439031246,7.480893612342121,-64.184987276131,0.46846456051492125,7.586269815609481,-45.484389574144245,0.35934614053946995,4.670156739132403,-22.33323202188754
EEM,2011-2014,0.01048510649609039,-2.963857390626945,-31.829506171110154,-0.20162881592975931,-3.7137202752242415,-18.662026738972028,-0.6004988642882485,-5.141557523829721,-21.56911146419479
EEM,2015-2018,0.2174208652446293,2.722097806312407,-34.555203148029655,0.3716346247367615,3.8135132614300016,-19.731692079323572,0.49459656693665965,4.3417138997769555,-13.691821047221708
EEM,2019-2022,0.06081458217330414,1.7987151935929813,-40.3166273434193,0.21734919606281639,3.278326131225917,-28.068337611287397,0.42309624263382467,3.770790807233837,-14.466526666243384
