week,held_to,gross_ret,cost,net_ret,turnover,n_held,year
2023-09-15,2023-09-22,-0.0037384101998991174,0.0016,-0.005338410199899117,1.0,64,2023
2023-09-22,2023-09-29,-0.01141180758641224,0.00042727272727272726,-0.011839080313684967,0.26704545454545453,66,2023
2023-09-29,2023-10-06,0.0017633210899720634,0.000509090909090909,0.0012542301808811545,0.3181818181818181,66,2023
2023-10-06,2023-10-13,-0.011532080003852084,0.0005575757575757576,-0.012089655761427842,0.3484848484848485,66,2023
2023-10-13,2023-10-20,0.019013094600486054,0.0005333333333333335,0.01847976126715272,0.33333333333333337,66,2023
2023-10-20,2023-10-27,-0.0409768836987717,0.0005048128342245989,-0.0414816965329963,0.3155080213903743,68,2023
2023-10-27,2023-11-03,-0.02871824939692765,0.0008470588235294117,-0.029565308220457064,0.5294117647058822,70,2023
2023-11-03,2023-11-10,-0.03760877151919186,0.0007085714285714286,-0.03831734294776329,0.4428571428571429,70,2023
2023-11-10,2023-11-17,0.0011843594289640972,0.000662857142857143,0.0005215022861069542,0.4142857142857143,70,2023
2023-11-17,2023-11-24,-0.008367822294583011,0.00064,-0.009007822294583011,0.4,70,2023
2023-11-24,2023-12-01,-0.016836616797927882,0.0005942857142857143,-0.017430902512213596,0.37142857142857144,70,2023
2023-12-01,2023-12-08,-0.001360719357245646,0.00041142857142857143,-0.0017721479286742176,0.2571428571428571,70,2023
2023-12-08,2023-12-15,0.02382187695573315,0.00064,0.02318187695573315,0.4,70,2023
2023-12-15,2023-12-22,0.05227568743927734,0.0005866666666666668,0.05168902077261067,0.3666666666666667,72,2023
2023-12-22,2023-12-29,0.0027713606525519275,0.0003333333333333333,0.002438027319218594,0.20833333333333331,72,2023
2023-12-29,2024-01-05,-0.033377826304128326,0.00037777777777777777,-0.0337556040819061,0.2361111111111111,72,2023
2024-01-05,2024-01-12,0.009143933622207109,0.0005777777777777779,0.008566155844429331,0.36111111111111116,72,2024
2024-01-12,2024-01-19,-0.02120821579805817,0.0003777777777777778,-0.02158599357583595,0.23611111111111113,72,2024
2024-01-19,2024-01-26,0.0019597327855013173,0.0004648648648648648,0.0014948679206364525,0.29054054054054046,74,2024
2024-01-26,2024-02-02,0.02159637325069525,0.0004756756756756756,0.021120697575019574,0.29729729729729726,74,2024
2024-02-02,2024-02-09,-0.0006133648425444707,0.0004938833570412518,-0.0011072481995857224,0.30867709815078237,76,2024
2024-02-09,2024-02-16,0.01595265265837168,0.0004421052631578947,0.015510547395213787,0.2763157894736842,76,2024
2024-02-16,2024-02-23,0.017693490533125453,0.0005263157894736842,0.01716717474365177,0.3289473684210526,76,2024
2024-02-23,2024-03-01,0.03536039480110139,0.0005473684210526316,0.03481302638004876,0.34210526315789475,76,2024
2024-03-01,2024-03-08,0.06423908182392021,0.0005263157894736842,0.06371276603444653,0.3289473684210526,76,2024
2024-03-08,2024-03-15,-0.019732087298667933,0.0005894736842105263,-0.020321560982878458,0.3684210526315789,76,2024
2024-03-15,2024-03-22,-0.014365427158514233,0.0006412955465587044,-0.015006722705072938,0.40080971659919024,78,2024
2024-03-22,2024-03-29,0.006166943968057128,0.0004307692307692308,0.005736174737287897,0.2692307692307692,78,2024
2024-03-29,2024-04-05,-0.006332988621088071,0.0003487179487179487,-0.00668170656980602,0.21794871794871795,78,2024
2024-04-05,2024-04-12,0.0034946289976190174,0.0004697435897435897,0.0030248854078754276,0.29358974358974355,80,2024
2024-04-12,2024-04-19,-0.0012164195755787035,0.00046000000000000007,-0.0016764195755787036,0.28750000000000003,80,2024
2024-04-19,2024-04-26,0.014321460888567873,0.00038,0.013941460888567873,0.23750000000000002,80,2024
2024-04-26,2024-05-03,-0.011961987775727767,0.00044000000000000007,-0.012401987775727766,0.275,80,2024
2024-05-03,2024-05-10,0.018270733614572668,0.00045999999999999996,0.01781073361457267,0.2875,80,2024
2024-05-10,2024-05-17,0.016163018927158438,0.0005600000000000001,0.015603018927158438,0.35000000000000003,80,2024
2024-05-17,2024-05-24,-0.0343771271706138,0.00044000000000000007,-0.034817127170613804,0.275,80,2024
2024-05-24,2024-05-31,0.0008294867005690324,0.0006000000000000001,0.00022948670056903236,0.375,80,2024
2024-05-31,2024-06-07,0.0031597265038993626,0.0005200000000000001,0.0026397265038993626,0.325,80,2024
2024-06-07,2024-06-14,-0.0033172749688903345,0.00064,-0.0039572749688903345,0.4,80,2024
2024-06-14,2024-06-21,0.008205875441956433,0.00064,0.007565875441956433,0.4,80,2024
2024-06-21,2024-06-28,-0.0001496847767013731,0.00052,-0.0006696847767013731,0.32499999999999996,80,2024
2024-06-28,2024-07-05,0.04534212953992472,0.0004,0.04494212953992472,0.25,80,2024
2024-07-05,2024-07-12,-0.03900384641628066,0.00044000000000000007,-0.03944384641628066,0.275,80,2024
2024-07-12,2024-07-19,-0.039385083464191784,0.00032,-0.039705083464191784,0.2,80,2024
2024-07-19,2024-07-26,-0.001598341334805387,0.0005400000000000001,-0.002138341334805387,0.3375,80,2024
2024-07-26,2024-08-02,0.00270237987109633,0.0004800000000000001,0.00222237987109633,0.30000000000000004,80,2024
2024-08-02,2024-08-09,0.013217400360163768,0.0005800000000000001,0.012637400360163767,0.36250000000000004,80,2024
2024-08-09,2024-08-16,0.00745024452598516,0.0004800000000000001,0.0069702445259851595,0.30000000000000004,80,2024
2024-08-16,2024-08-23,-0.09045598077267301,0.00036,-0.09081598077267301,0.225,80,2024
2024-08-23,2024-08-30,-0.0007132147384190709,0.00072,-0.001433214738419071,0.45,80,2024
2024-08-30,2024-09-06,-0.00330008012685995,0.0006800000000000002,-0.00398008012685995,0.42500000000000004,80,2024
2024-09-06,2024-09-13,-0.03667954264453394,0.00042,-0.03709954264453394,0.2625,80,2024
2024-09-13,2024-09-20,-0.00801822468457455,0.00038,-0.00839822468457455,0.23750000000000002,80,2024
2024-09-20,2024-09-27,-0.025002156397817926,0.00076,-0.025762156397817926,0.47500000000000003,80,2024
2024-09-27,2024-10-04,-0.015973348677317617,0.0006800000000000002,-0.016653348677317617,0.42500000000000004,80,2024
2024-10-04,2024-10-11,0.009317107655242698,0.0009000000000000001,0.008417107655242699,0.5625,80,2024
2024-10-11,2024-10-18,0.010792216502961409,0.00038,0.010412216502961409,0.23750000000000002,80,2024
2024-10-18,2024-10-25,-0.012689140363718786,0.0003800000000000001,-0.013069140363718786,0.23750000000000004,80,2024
2024-10-25,2024-11-01,0.005699930477607297,0.0005600000000000001,0.0051399304776072975,0.35000000000000003,80,2024
2024-11-01,2024-11-08,-0.009094139813280593,0.00042,-0.009514139813280593,0.2625,80,2024
2024-11-08,2024-11-15,0.023006289632040662,0.00042,0.022586289632040662,0.2625,80,2024
2024-11-15,2024-11-22,0.033483300004895224,0.00076,0.03272330000489523,0.47500000000000003,80,2024
2024-11-22,2024-11-29,0.0111236795426229,0.0006000000000000001,0.0105236795426229,0.375,80,2024
2024-11-29,2024-12-06,0.09787765698651138,0.0005800000000000001,0.09729765698651138,0.36250000000000004,80,2024
2024-12-06,2024-12-13,-0.018328008508862556,0.0003600000000000001,-0.018688008508862555,0.22500000000000003,80,2024
2024-12-13,2024-12-20,-0.0479601499479005,0.00026000000000000003,-0.048220149947900505,0.1625,80,2024
2024-12-20,2024-12-27,-0.005086322493616756,0.0005400000000000001,-0.005626322493616756,0.3375,80,2024
2024-12-27,2025-01-03,0.008988991125134025,0.0003400000000000001,0.008648991125134025,0.21250000000000002,80,2024
2025-01-03,2025-01-10,-0.012620581118623669,0.00032,-0.01294058111862367,0.2,80,2025
2025-01-10,2025-01-17,0.021010590733312767,0.00044000000000000007,0.020570590733312768,0.275,80,2025
2025-01-17,2025-01-24,0.01908071260695221,0.0004800000000000001,0.01860071260695221,0.30000000000000004,80,2025
2025-01-24,2025-01-31,0.007808573612933717,0.00046000000000000007,0.0073485736129337165,0.28750000000000003,80,2025
2025-01-31,2025-02-07,0.05075589315068843,0.00036,0.05039589315068843,0.225,80,2025
2025-02-07,2025-02-14,-0.13258672919735315,0.00058,-0.13316672919735315,0.3625,80,2025
2025-02-14,2025-02-21,0.0385901734908995,0.00028000000000000003,0.0383101734908995,0.17500000000000002,80,2025
2025-02-21,2025-02-28,0.012459459716147064,0.00030000000000000003,0.012159459716147064,0.1875,80,2025
2025-02-28,2025-03-07,0.033590265066871565,0.00032,0.033270265066871564,0.2,80,2025
2025-03-07,2025-03-14,0.025008072676200834,0.0003400000000000001,0.024668072676200834,0.21250000000000002,80,2025
2025-03-14,2025-03-21,0.009669322928707908,0.0003400000000000001,0.009329322928707908,0.21250000000000002,80,2025
2025-03-21,2025-03-28,0.010657190571518529,0.00024000000000000006,0.010417190571518528,0.15000000000000002,80,2025
2025-03-28,2025-04-04,0.07006371821180893,0.0003400000000000001,0.06972371821180892,0.21250000000000002,80,2025
2025-04-04,2025-04-11,0.007268132316725941,0.00028,0.006988132316725941,0.175,80,2025
2025-04-11,2025-04-18,0.007132948172464147,0.00026000000000000003,0.006872948172464147,0.1625,80,2025
2025-04-18,2025-04-25,-0.1698833958096439,0.00028,-0.1701633958096439,0.175,80,2025
2025-04-25,2025-05-02,-0.010879524205848388,0.0008399999999999999,-0.011719524205848389,0.5249999999999999,80,2025
2025-05-02,2025-05-09,-0.010440901435586908,0.00048,-0.010920901435586907,0.3,80,2025
2025-05-09,2025-05-16,0.0093542554057406,0.0005400000000000001,0.008814255405740599,0.3375,80,2025
2025-05-16,2025-05-23,0.02397517730738123,0.0005600000000000001,0.023415177307381227,0.35000000000000003,80,2025
2025-05-23,2025-05-30,0.022767232587878584,0.0004,0.022367232587878583,0.25,80,2025
2025-05-30,2025-06-06,-0.004323686360904387,0.0005400000000000001,-0.004863686360904387,0.3375,80,2025
2025-06-06,2025-06-13,0.02112261851388391,0.00044000000000000007,0.02068261851388391,0.275,80,2025
2025-06-13,2025-06-20,0.01641661775583434,0.00024000000000000006,0.01617661775583434,0.15000000000000002,80,2025
2025-06-20,2025-06-27,0.005633590287430155,0.0003000000000000001,0.005333590287430155,0.18750000000000003,80,2025
2025-06-27,2025-07-04,-0.004152611217608403,0.0002600000000000001,-0.004412611217608403,0.16250000000000003,80,2025
2025-07-04,2025-07-11,-0.09252775250603444,0.00038,-0.09290775250603445,0.2375,80,2025
2025-07-11,2025-07-18,0.03039286361976824,0.00098,0.02941286361976824,0.6124999999999999,80,2025
2025-07-18,2025-07-25,0.0013326749892259024,0.00042,0.0009126749892259024,0.2625,80,2025
2025-07-25,2025-08-01,-0.0035976753040012337,0.00045999999999999996,-0.004057675304001234,0.2875,80,2025
2025-08-01,2025-08-08,0.0015036408954139484,0.00044000000000000007,0.0010636408954139483,0.275,80,2025
2025-08-08,2025-08-15,0.0013872721712134557,0.00038,0.0010072721712134558,0.23750000000000002,80,2025
2025-08-15,2025-08-22,-0.010361682041212182,0.00045999999999999996,-0.010821682041212182,0.2875,80,2025
2025-08-22,2025-08-29,-0.05686081287591552,0.00072,-0.057580812875915516,0.45,80,2025
2025-08-29,2025-09-05,-0.0006538680958851888,0.00076,-0.0014138680958851889,0.475,80,2025
2025-09-05,2025-09-12,-0.12251680129459118,0.0004,-0.12291680129459118,0.25,80,2025
2025-09-12,2025-09-19,-0.016269550596268504,0.00086,-0.017129550596268504,0.5375,80,2025
2025-09-19,2025-09-26,-0.011581332271679914,0.00058,-0.012161332271679915,0.3625,80,2025
2025-09-26,2025-10-03,-0.0006122927647954752,0.0006000000000000001,-0.0012122927647954752,0.375,80,2025
2025-10-03,2025-10-10,0.05851553171182983,0.0005600000000000001,0.05795553171182983,0.35000000000000003,80,2025
2025-10-10,2025-10-17,-0.030969444518735716,0.0009800000000000002,-0.031949444518735715,0.6125,80,2025
2025-10-17,2025-10-24,-0.008626013613693733,0.00026000000000000003,-0.008886013613693733,0.1625,80,2025
2025-10-24,2025-10-31,0.053979396951662956,0.00014,0.053839396951662954,0.0875,80,2025
2025-10-31,2025-11-07,-0.07113139599084038,0.00024000000000000006,-0.07137139599084039,0.15000000000000002,80,2025
2025-11-07,2025-11-14,0.017918303701466538,0.00062,0.01729830370146654,0.3875,80,2025
2025-11-14,2025-11-21,0.05469951184537426,0.00048,0.05421951184537426,0.3,80,2025
2025-11-21,2025-11-28,-0.024445214199734975,0.00026000000000000003,-0.024705214199734975,0.1625,80,2025
2025-11-28,2025-12-05,0.020505254273549413,0.0004,0.020105254273549412,0.25,80,2025
2025-12-05,2025-12-12,0.0053863474216145416,0.00030000000000000003,0.005086347421614542,0.1875,80,2025
2025-12-12,2025-12-19,0.04508753846978596,0.00026000000000000003,0.04482753846978595,0.1625,80,2025
2025-12-19,2025-12-26,-0.0025399165244458077,0.00022000000000000003,-0.002759916524445808,0.1375,80,2025
2025-12-26,2026-01-02,-0.04467892158030363,0.00024000000000000006,-0.044918921580303625,0.15000000000000002,80,2025
2026-01-02,2026-01-09,-0.033031888361276435,0.00046000000000000007,-0.03349188836127644,0.28750000000000003,80,2026
2026-01-09,2026-01-16,0.007972931118494163,0.00064,0.007332931118494163,0.4,80,2026
2026-01-16,2026-01-23,0.029253763352714852,0.0006600000000000001,0.02859376335271485,0.41250000000000003,80,2026
2026-01-23,2026-01-30,0.017059589568370354,0.0007400000000000001,0.016319589568370353,0.4625,80,2026
2026-01-30,2026-02-06,0.054373983498546954,0.00044000000000000007,0.05393398349854695,0.275,80,2026
2026-02-06,2026-02-13,0.02189546013314121,0.00044000000000000007,0.02145546013314121,0.275,80,2026
2026-02-13,2026-02-20,0.022295710118144903,0.00014000000000000001,0.022155710118144902,0.08750000000000001,80,2026
2026-02-20,2026-02-27,0.006698177654367643,0.00018,0.006518177654367643,0.1125,80,2026
2026-02-27,2026-03-06,-0.0005381899972606049,0.00030000000000000003,-0.000838189997260605,0.1875,80,2026
2026-03-06,2026-03-13,-0.02371035655053328,0.00032,-0.02403035655053328,0.2,80,2026
2026-03-13,2026-03-20,0.017278927149052915,0.00028000000000000003,0.016998927149052916,0.17500000000000002,80,2026
2026-03-20,2026-03-27,0.02407805126108036,0.00044000000000000007,0.02363805126108036,0.275,80,2026
2026-03-27,2026-04-03,0.005778199640837406,0.0003400000000000001,0.005438199640837406,0.21250000000000002,80,2026
2026-04-03,2026-04-10,-0.031022722503548955,0.00032,-0.031342722503548956,0.2,80,2026
2026-04-10,2026-04-17,-0.022310061222599167,0.00042,-0.022730061222599168,0.2625,80,2026
2026-04-17,2026-04-24,0.0032024227004099964,0.0007,0.0025024227004099963,0.4375,80,2026
2026-04-24,2026-05-01,-0.00021204041384741829,0.0005400000000000001,-0.0007520404138474184,0.3375,80,2026
2026-05-01,2026-05-08,-0.024339139398066652,0.0004,-0.024739139398066653,0.25,80,2026
2026-05-08,2026-05-15,-0.023360850049739697,0.00064,-0.0240008500497397,0.4,80,2026
2026-05-15,2026-05-22,0.006332252829843947,0.00064,0.005692252829843947,0.4,80,2026
2026-05-22,2026-05-29,-0.0074904810363769355,0.00056,-0.008050481036376936,0.35,80,2026
2026-05-29,2026-06-05,0.0487776835573036,0.0008,0.0479776835573036,0.5,80,2026
2026-06-05,2026-06-12,0.022268590978044546,0.0004800000000000001,0.021788590978044545,0.30000000000000004,80,2026
2026-06-12,2026-06-19,-0.00990276516189909,0.00026000000000000003,-0.01016276516189909,0.1625,80,2026
2026-06-19,2026-06-26,0.022631959706874056,0.00028,0.022351959706874057,0.175,80,2026
2026-06-26,2026-07-03,-0.053989440789350494,0.00042,-0.05440944078935049,0.2625,80,2026
2026-07-03,2026-07-10,0.0008916475265005009,0.00032,0.000571647526500501,0.2,80,2026
2026-07-10,2026-07-17,0.00754493220872219,0.0003400000000000001,0.00720493220872219,0.21250000000000002,80,2026
2026-07-17,2026-07-24,0.012920407877995695,0.0006799999999999999,0.012240407877995695,0.42499999999999993,80,2026
2026-07-24,2026-07-31,-0.003395626500595348,0.00042,-0.003815626500595348,0.2625,80,2026
2026-07-31,2026-08-07,-0.06562495849515926,0.0004,-0.06602495849515926,0.25,80,2026
2026-08-07,2026-08-14,-0.0010428503165642667,0.00048,-0.0015228503165642666,0.3,80,2026
2026-08-14,2026-08-21,-0.08146851662359401,0.00045999999999999996,-0.08192851662359402,0.2875,80,2026
2026-08-21,2026-08-28,7.281089646540145e-05,0.00084,-0.0007671891035345986,0.525,80,2026
2026-08-28,2026-09-04,0.009608938853491804,0.0005200000000000001,0.009088938853491805,0.325,80,2026
