symbol,total_carry_%,annualised_%,pct_settlements_positive,median_settlement_%,worst_settlement_%,best_settlement_%
LINK,85.980589,14.518913607142858,87.91005698444478,0.01,-0.4875,0.420873
UNI,85.96804900000001,14.516796069001389,88.88033266594795,0.01,-0.75,0.411945
AAVE,84.641122,14.292727605409155,84.89142153087941,0.01,-0.75,0.529812
LTC,80.31081699999999,13.561500651525657,84.6296011088865,0.01,-0.4875,0.315958
XRP,76.368082,12.895719810679612,77.40643770214076,0.01,-0.5025,0.322948
NEO,74.779779,12.627514692441055,82.64284614199907,0.01,-0.7609870000000001,0.4659
ALGO,73.789752,12.460336069348129,82.71985214846758,0.01,-0.75,0.41023600000000005
ETH,73.027422,12.331606974341195,84.76821192052981,0.008036,-0.356332,0.375
XLM,72.78883900000001,12.291319207004165,73.47913137224702,0.01,-0.4875,0.38336400000000004
ADA,72.22811199999998,12.1966333370319,78.56152779916835,0.01,-0.4875,0.386789
BTC,66.09556400000001,11.161074780859918,86.2313260434314,0.008065,-0.119172,0.248993
ETC,52.23850100000001,8.821133837378643,76.17434159864469,0.01,-0.4875,0.34779099999999996
AVAX,45.943688,7.75817477669903,71.60018481441553,0.01,-0.75,0.518469
DOT,42.438201,7.16622880963939,65.33189588787926,0.00779,-0.331019,0.379921
ATOM,41.084937000000004,6.937713009361998,62.29785923302018,0.006745999999999999,-0.75,0.393377
FIL,37.371885,6.310717057905686,81.4877560449715,0.01,-0.75,0.418946
SOL,21.785757000000004,3.678801546116506,71.67719082088404,0.008389,-2.0,0.332469
BCH,13.883847,2.3444637617891817,59.048205760049285,0.00434,-0.5025,0.307942
TRX,9.653120000000001,1.6300518169209435,61.250577545048515,0.006049,-0.4875,0.378456
BNB,3.8978030000000032,0.6581935024271851,25.658401355305717,0.0,-0.303109,0.441898
