fundingTime,0
2020-10-16 00:00:00+00:00,-0.0009381015000000003
2020-10-17 00:00:00+00:00,-0.0012141775000000003
2020-10-18 00:00:00+00:00,-0.0008517749999999997
2020-10-19 00:00:00+00:00,-0.0011053304999999998
2020-10-20 00:00:00+00:00,-0.0012562835000000006
2020-10-21 00:00:00+00:00,-0.0009086044999999998
2020-10-22 00:00:00+00:00,-5.361700000000005e-05
2020-10-23 00:00:00+00:00,-0.0006499629999999997
2020-10-24 00:00:00+00:00,-0.0008125174999999998
2020-10-25 00:00:00+00:00,-0.0005876549999999999
2020-10-26 00:00:00+00:00,-0.0008151984999999996
2020-10-27 00:00:00+00:00,-0.0009279654999999998
2020-10-28 00:00:00+00:00,-0.0007736979999999996
2020-10-29 00:00:00+00:00,-0.00033245950000000007
2020-10-30 00:00:00+00:00,-0.0002508169999999999
2020-10-31 00:00:00+00:00,-9.550949999999998e-05
2020-11-01 00:00:00+00:00,-0.0001418325
2020-11-02 00:00:00+00:00,0.00016288300000000006
2020-11-03 00:00:00+00:00,-6.922100000000002e-05
2020-11-04 00:00:00+00:00,-5.005549999999996e-05
2020-11-05 00:00:00+00:00,0.00017032150000000003
2020-11-06 00:00:00+00:00,0.0005044814999999998
2020-11-07 00:00:00+00:00,0.000977244
2020-11-08 00:00:00+00:00,0.000288529
2020-11-09 00:00:00+00:00,0.0002421915
2020-11-10 00:00:00+00:00,0.00023200599999999993
2020-11-11 00:00:00+00:00,0.0004611404999999999
2020-11-12 00:00:00+00:00,0.00026458600000000003
2020-11-13 00:00:00+00:00,-7.68439999999999e-05
2020-11-14 00:00:00+00:00,-0.00045346699999999993
2020-11-15 00:00:00+00:00,-0.000415514
2020-11-16 00:00:00+00:00,0.0003294315
2020-11-17 00:00:00+00:00,0.0007255315
2020-11-18 00:00:00+00:00,0.0014245435
2020-11-19 00:00:00+00:00,0.0005413095
2020-11-20 00:00:00+00:00,0.0013561314999999997
2020-11-21 00:00:00+00:00,0.0019682150000000006
2020-11-22 00:00:00+00:00,0.0017022895000000002
2020-11-23 00:00:00+00:00,0.0031439585000000003
2020-11-24 00:00:00+00:00,0.0030161794999999996
2020-11-25 00:00:00+00:00,0.002566777
2020-11-26 00:00:00+00:00,0.00024266600000000008
2020-11-27 00:00:00+00:00,-2.7951999999999925e-05
2020-11-28 00:00:00+00:00,0.00017685050000000005
2020-11-29 00:00:00+00:00,0.0001692495
2020-11-30 00:00:00+00:00,0.00058517
2020-12-01 00:00:00+00:00,0.0008636325
2020-12-02 00:00:00+00:00,0.0003888994999999999
2020-12-03 00:00:00+00:00,0.0008982275000000001
2020-12-04 00:00:00+00:00,0.0004372619999999999
2020-12-05 00:00:00+00:00,0.00027945849999999996
2020-12-06 00:00:00+00:00,0.0002713415000000001
2020-12-07 00:00:00+00:00,0.00036796400000000003
2020-12-08 00:00:00+00:00,0.00023947950000000002
2020-12-09 00:00:00+00:00,0.00014079650000000006
2020-12-10 00:00:00+00:00,0.00019420050000000007
2020-12-11 00:00:00+00:00,-0.00021799399999999997
2020-12-12 00:00:00+00:00,-0.00016803799999999997
2020-12-13 00:00:00+00:00,0.0001568845000000001
2020-12-14 00:00:00+00:00,0.0002654650000000001
2020-12-15 00:00:00+00:00,0.0002538265
2020-12-16 00:00:00+00:00,0.0005560215
2020-12-17 00:00:00+00:00,0.0017104765
2020-12-18 00:00:00+00:00,0.00110475
2020-12-19 00:00:00+00:00,0.0016479199999999998
2020-12-20 00:00:00+00:00,0.0015561289999999998
2020-12-21 00:00:00+00:00,0.0007053825
2020-12-22 00:00:00+00:00,0.00019726450000000006
2020-12-23 00:00:00+00:00,5.194250000000005e-05
2020-12-24 00:00:00+00:00,-0.0003303845
2020-12-25 00:00:00+00:00,8.422200000000003e-05
2020-12-26 00:00:00+00:00,-6.877599999999995e-05
2020-12-27 00:00:00+00:00,0.0005082124999999999
2020-12-28 00:00:00+00:00,0.0009392984999999999
2020-12-29 00:00:00+00:00,0.0005005385
2020-12-30 00:00:00+00:00,0.00023635449999999993
2020-12-31 00:00:00+00:00,0.000289595
2021-01-01 00:00:00+00:00,0.000607678
2021-01-02 00:00:00+00:00,0.001014413
2021-01-03 00:00:00+00:00,0.0023414100000000004
2021-01-04 00:00:00+00:00,0.0043217260000000006
2021-01-05 00:00:00+00:00,0.00038584700000000003
2021-01-06 00:00:00+00:00,0.002702683
2021-01-07 00:00:00+00:00,0.0028890005
2021-01-08 00:00:00+00:00,0.002338812
2021-01-09 00:00:00+00:00,0.0024002495
2021-01-10 00:00:00+00:00,0.0045534595
2021-01-11 00:00:00+00:00,0.000940088
2021-01-12 00:00:00+00:00,0.000580041
2021-01-13 00:00:00+00:00,0.000675293
2021-01-14 00:00:00+00:00,0.0014514685
2021-01-15 00:00:00+00:00,0.001638486
2021-01-16 00:00:00+00:00,0.0013161745000000002
2021-01-17 00:00:00+00:00,0.0012731465
2021-01-18 00:00:00+00:00,0.0020882764999999998
2021-01-19 00:00:00+00:00,0.003791781
2021-01-20 00:00:00+00:00,0.0009241995
2021-01-21 00:00:00+00:00,0.0007874115000000001
2021-01-22 00:00:00+00:00,0.00016477400000000005
2021-01-23 00:00:00+00:00,0.0004705794999999999
2021-01-24 00:00:00+00:00,0.0010310509999999998
2021-01-25 00:00:00+00:00,0.0013551754999999999
2021-01-26 00:00:00+00:00,0.000291546
2021-01-27 00:00:00+00:00,0.00031999799999999994
2021-01-28 00:00:00+00:00,0.000660387
2021-01-29 00:00:00+00:00,0.0024147995
2021-01-30 00:00:00+00:00,0.0014559879999999999
2021-01-31 00:00:00+00:00,0.0022617155000000003
2021-02-01 00:00:00+00:00,0.0016929409999999999
2021-02-02 00:00:00+00:00,0.002516527
2021-02-03 00:00:00+00:00,0.0042214309999999994
2021-02-04 00:00:00+00:00,0.003974749
2021-02-05 00:00:00+00:00,0.005074496
2021-02-06 00:00:00+00:00,0.0032628335000000003
2021-02-07 00:00:00+00:00,0.0028263405
2021-02-08 00:00:00+00:00,0.00359083
2021-02-09 00:00:00+00:00,0.0062025019999999995
2021-02-10 00:00:00+00:00,0.006418543999999999
2021-02-11 00:00:00+00:00,0.0039331695
2021-02-12 00:00:00+00:00,0.005368927000000001
2021-02-13 00:00:00+00:00,0.0066432355000000005
2021-02-14 00:00:00+00:00,0.0064776475
2021-02-15 00:00:00+00:00,0.0019962719999999995
2021-02-16 00:00:00+00:00,0.0021370175
2021-02-17 00:00:00+00:00,0.0027891125000000004
2021-02-18 00:00:00+00:00,0.0056692185
2021-02-19 00:00:00+00:00,0.0061017204999999995
2021-02-20 00:00:00+00:00,0.0080937635
2021-02-21 00:00:00+00:00,0.0024200380000000002
2021-02-22 00:00:00+00:00,0.00107767
2021-02-23 00:00:00+00:00,-0.00013272200000000002
2021-02-24 00:00:00+00:00,0.00018311350000000003
2021-02-25 00:00:00+00:00,0.000300852
2021-02-26 00:00:00+00:00,-8.696849999999998e-05
2021-02-27 00:00:00+00:00,0.0003852025
2021-02-28 00:00:00+00:00,0.00012209150000000004
2021-03-01 00:00:00+00:00,0.000295388
2021-03-02 00:00:00+00:00,0.0006772869999999999
2021-03-03 00:00:00+00:00,0.000837794
2021-03-04 00:00:00+00:00,0.0009377569999999999
2021-03-05 00:00:00+00:00,0.0004230845
2021-03-06 00:00:00+00:00,0.0006195434999999999
2021-03-07 00:00:00+00:00,0.0010037664999999999
2021-03-08 00:00:00+00:00,0.0012629084999999998
2021-03-09 00:00:00+00:00,0.0031944095000000002
2021-03-10 00:00:00+00:00,0.002939605
2021-03-11 00:00:00+00:00,0.002114297
2021-03-12 00:00:00+00:00,0.0024748455
2021-03-13 00:00:00+00:00,0.0021910955000000003
2021-03-14 00:00:00+00:00,0.0036811644999999995
2021-03-15 00:00:00+00:00,0.0023419495
2021-03-16 00:00:00+00:00,0.0012511290000000001
2021-03-17 00:00:00+00:00,0.0017415029999999997
2021-03-18 00:00:00+00:00,0.00285259
2021-03-19 00:00:00+00:00,0.0018611165
2021-03-20 00:00:00+00:00,0.0031074145
2021-03-21 00:00:00+00:00,0.0019098335000000003
2021-03-22 00:00:00+00:00,0.0021327965
2021-03-23 00:00:00+00:00,0.0007592669999999999
2021-03-24 00:00:00+00:00,0.0010921045
2021-03-25 00:00:00+00:00,0.00034381149999999997
2021-03-26 00:00:00+00:00,0.000613534
2021-03-27 00:00:00+00:00,0.0008789290000000001
2021-03-28 00:00:00+00:00,0.001549514
2021-03-29 00:00:00+00:00,0.0018872960000000001
2021-03-30 00:00:00+00:00,0.0031290629999999996
2021-03-31 00:00:00+00:00,0.0027551925
2021-04-01 00:00:00+00:00,0.003893104
2021-04-02 00:00:00+00:00,0.0044070785
2021-04-03 00:00:00+00:00,0.0051148915
2021-04-04 00:00:00+00:00,0.0017894305000000002
2021-04-05 00:00:00+00:00,0.0034118405000000004
2021-04-06 00:00:00+00:00,0.0048435284999999995
2021-04-07 00:00:00+00:00,0.0020733820000000003
2021-04-08 00:00:00+00:00,0.0018778165000000002
2021-04-09 00:00:00+00:00,0.0023360005
2021-04-10 00:00:00+00:00,0.0039083435
2021-04-11 00:00:00+00:00,0.004292321
2021-04-12 00:00:00+00:00,0.005021193500000001
2021-04-13 00:00:00+00:00,0.0054909525
2021-04-14 00:00:00+00:00,0.006094802
2021-04-15 00:00:00+00:00,0.004731151
2021-04-16 00:00:00+00:00,0.005358406
2021-04-17 00:00:00+00:00,0.004535933000000001
2021-04-18 00:00:00+00:00,0.0009793859999999998
2021-04-19 00:00:00+00:00,0.0005283295
2021-04-20 00:00:00+00:00,0.00033619
2021-04-21 00:00:00+00:00,0.00047497749999999997
2021-04-22 00:00:00+00:00,0.0005933024999999998
2021-04-23 00:00:00+00:00,0.00039219799999999996
2021-04-24 00:00:00+00:00,0.00032516950000000005
2021-04-25 00:00:00+00:00,0.0002878495
2021-04-26 00:00:00+00:00,0.00039873249999999996
2021-04-27 00:00:00+00:00,0.0006058655
2021-04-28 00:00:00+00:00,0.0007519775
2021-04-29 00:00:00+00:00,0.00081244
2021-04-30 00:00:00+00:00,0.000953796
2021-05-01 00:00:00+00:00,0.0016031045
2021-05-02 00:00:00+00:00,0.0017185915
2021-05-03 00:00:00+00:00,0.0019398304999999998
2021-05-04 00:00:00+00:00,0.0015102450000000001
2021-05-05 00:00:00+00:00,0.0015011319999999999
2021-05-06 00:00:00+00:00,0.003239757
2021-05-07 00:00:00+00:00,0.0020863885
2021-05-08 00:00:00+00:00,0.0022565705
2021-05-09 00:00:00+00:00,0.0018318469999999997
2021-05-10 00:00:00+00:00,0.0023299264999999997
2021-05-11 00:00:00+00:00,0.0004703149999999999
2021-05-12 00:00:00+00:00,0.0008508229999999999
2021-05-13 00:00:00+00:00,0.000389184
2021-05-14 00:00:00+00:00,0.00042646799999999994
2021-05-15 00:00:00+00:00,0.0007754025000000001
2021-05-16 00:00:00+00:00,0.0008548999999999999
2021-05-17 00:00:00+00:00,0.0006790765
2021-05-18 00:00:00+00:00,0.0006355275
2021-05-19 00:00:00+00:00,-0.0048015545
2021-05-20 00:00:00+00:00,-0.00021430800000000008
2021-05-21 00:00:00+00:00,-0.00012510699999999995
2021-05-22 00:00:00+00:00,-0.000329487
2021-05-23 00:00:00+00:00,-9.518100000000001e-05
2021-05-24 00:00:00+00:00,-0.00040827849999999983
2021-05-25 00:00:00+00:00,4.147000000000001e-05
2021-05-26 00:00:00+00:00,0.00014376250000000003
2021-05-27 00:00:00+00:00,7.385850000000003e-05
2021-05-28 00:00:00+00:00,-9.419999999999974e-06
2021-05-29 00:00:00+00:00,0.00013068250000000003
2021-05-30 00:00:00+00:00,-6.497349999999994e-05
2021-05-31 00:00:00+00:00,9.191850000000006e-05
2021-06-01 00:00:00+00:00,0.00019119050000000005
2021-06-02 00:00:00+00:00,0.00019696050000000007
2021-06-03 00:00:00+00:00,0.00024497300000000005
2021-06-04 00:00:00+00:00,0.00016804750000000006
2021-06-05 00:00:00+00:00,5.198650000000001e-05
2021-06-06 00:00:00+00:00,0.00010693250000000002
2021-06-07 00:00:00+00:00,0.00021030900000000005
2021-06-08 00:00:00+00:00,9.911450000000004e-05
2021-06-09 00:00:00+00:00,-2.494299999999998e-05
2021-06-10 00:00:00+00:00,0.00012853900000000002
2021-06-11 00:00:00+00:00,0.00020013450000000004
2021-06-12 00:00:00+00:00,-1.0019999999999975e-05
2021-06-13 00:00:00+00:00,0.00011395000000000003
2021-06-14 00:00:00+00:00,0.00018494100000000004
2021-06-15 00:00:00+00:00,0.00027381550000000007
2021-06-16 00:00:00+00:00,0.0002568200000000001
2021-06-17 00:00:00+00:00,0.00019303350000000007
2021-06-18 00:00:00+00:00,0.00022084850000000006
2021-06-19 00:00:00+00:00,0.00011966750000000004
2021-06-20 00:00:00+00:00,3.8763000000000035e-05
2021-06-21 00:00:00+00:00,2.342850000000002e-05
2021-06-22 00:00:00+00:00,-0.00010536950000000005
2021-06-23 00:00:00+00:00,-0.00025488
2021-06-24 00:00:00+00:00,-5.032999999999998e-05
2021-06-25 00:00:00+00:00,0.00011206100000000005
2021-06-26 00:00:00+00:00,3.7844500000000013e-05
2021-06-27 00:00:00+00:00,-0.00013880999999999998
2021-06-28 00:00:00+00:00,0.00012526600000000004
2021-06-29 00:00:00+00:00,0.00017136600000000005
2021-06-30 00:00:00+00:00,0.00023649450000000008
2021-07-01 00:00:00+00:00,0.00018384050000000004
2021-07-02 00:00:00+00:00,5.130650000000005e-05
2021-07-03 00:00:00+00:00,9.8589e-05
2021-07-04 00:00:00+00:00,0.00020831700000000007
2021-07-05 00:00:00+00:00,8.911400000000003e-05
2021-07-06 00:00:00+00:00,0.00012711600000000003
2021-07-07 00:00:00+00:00,0.00017809150000000005
2021-07-08 00:00:00+00:00,0.00018047600000000005
2021-07-09 00:00:00+00:00,8.055900000000001e-05
2021-07-10 00:00:00+00:00,6.5101e-05
2021-07-11 00:00:00+00:00,0.00016779900000000005
2021-07-12 00:00:00+00:00,0.00017997800000000007
2021-07-13 00:00:00+00:00,0.00015686400000000005
2021-07-14 00:00:00+00:00,8.484750000000002e-05
2021-07-15 00:00:00+00:00,9.449250000000002e-05
2021-07-16 00:00:00+00:00,6.681550000000001e-05
2021-07-17 00:00:00+00:00,9.315450000000002e-05
2021-07-18 00:00:00+00:00,3.6740000000000004e-05
2021-07-19 00:00:00+00:00,5.930500000000002e-05
2021-07-20 00:00:00+00:00,-0.0002896175
2021-07-21 00:00:00+00:00,-0.0004142165
2021-07-22 00:00:00+00:00,0.00018937100000000005
2021-07-23 00:00:00+00:00,0.00015144500000000005
2021-07-24 00:00:00+00:00,0.00020756950000000007
2021-07-25 00:00:00+00:00,0.00019312650000000007
2021-07-26 00:00:00+00:00,0.00022079200000000006
2021-07-27 00:00:00+00:00,0.00021786600000000007
2021-07-28 00:00:00+00:00,0.0002610160000000001
2021-07-29 00:00:00+00:00,0.0002760525000000001
2021-07-30 00:00:00+00:00,0.00026313550000000007
2021-07-31 00:00:00+00:00,0.0002790715000000001
2021-08-01 00:00:00+00:00,0.0002774295000000001
2021-08-02 00:00:00+00:00,0.0002850000000000001
2021-08-03 00:00:00+00:00,0.0002803795000000001
2021-08-04 00:00:00+00:00,0.0002754675000000001
2021-08-05 00:00:00+00:00,0.00028882700000000007
2021-08-06 00:00:00+00:00,0.00031264800000000006
2021-08-07 00:00:00+00:00,0.000501349
2021-08-08 00:00:00+00:00,0.00046276
2021-08-09 00:00:00+00:00,0.00030781750000000006
2021-08-10 00:00:00+00:00,0.000540404
2021-08-11 00:00:00+00:00,0.0009414995000000001
2021-08-12 00:00:00+00:00,0.000875146
2021-08-13 00:00:00+00:00,0.0005465175
2021-08-14 00:00:00+00:00,0.0007528025000000001
2021-08-15 00:00:00+00:00,0.0009647775
2021-08-16 00:00:00+00:00,0.00156425
2021-08-17 00:00:00+00:00,0.0005909499999999999
2021-08-18 00:00:00+00:00,0.0002979145000000001
2021-08-19 00:00:00+00:00,0.0003362695
2021-08-20 00:00:00+00:00,0.0007840875
2021-08-21 00:00:00+00:00,0.0012033860000000003
2021-08-22 00:00:00+00:00,0.0010990615
2021-08-23 00:00:00+00:00,0.0015265125
2021-08-24 00:00:00+00:00,0.001543378
2021-08-25 00:00:00+00:00,0.00042714299999999995
2021-08-26 00:00:00+00:00,0.0004062944999999999
2021-08-27 00:00:00+00:00,0.00032291800000000005
2021-08-28 00:00:00+00:00,0.000597523
2021-08-29 00:00:00+00:00,0.000636519
2021-08-30 00:00:00+00:00,0.0006484684999999999
2021-08-31 00:00:00+00:00,0.0008104534999999999
2021-09-01 00:00:00+00:00,0.0010190965
2021-09-02 00:00:00+00:00,0.001930663
2021-09-03 00:00:00+00:00,0.0019457715
2021-09-04 00:00:00+00:00,0.0021328035
2021-09-05 00:00:00+00:00,0.002095993
2021-09-06 00:00:00+00:00,0.0021670805000000002
2021-09-07 00:00:00+00:00,0.00013857899999999979
2021-09-08 00:00:00+00:00,0.0002821055000000001
2021-09-09 00:00:00+00:00,0.0003211220000000001
2021-09-10 00:00:00+00:00,0.0003312085
2021-09-11 00:00:00+00:00,0.0002933960000000001
2021-09-12 00:00:00+00:00,0.00031316700000000005
2021-09-13 00:00:00+00:00,0.0002730985
2021-09-14 00:00:00+00:00,0.00029564650000000006
2021-09-15 00:00:00+00:00,0.00031362300000000007
2021-09-16 00:00:00+00:00,0.0004098375
2021-09-17 00:00:00+00:00,0.0003958165
2021-09-18 00:00:00+00:00,0.000308923
2021-09-19 00:00:00+00:00,0.00031823900000000005
2021-09-20 00:00:00+00:00,0.0002727145000000001
2021-09-21 00:00:00+00:00,0.0002649210000000001
2021-09-22 00:00:00+00:00,0.00022970900000000006
2021-09-23 00:00:00+00:00,0.00021388500000000003
2021-09-24 00:00:00+00:00,0.00020332100000000004
2021-09-25 00:00:00+00:00,0.00021138750000000006
2021-09-26 00:00:00+00:00,0.00018924200000000006
2021-09-27 00:00:00+00:00,0.00024591650000000006
2021-09-28 00:00:00+00:00,0.00014632150000000005
2021-09-29 00:00:00+00:00,0.00012923500000000003
2021-09-30 00:00:00+00:00,0.00011679250000000002
2021-10-01 00:00:00+00:00,0.00013576500000000004
2021-10-02 00:00:00+00:00,0.00022013650000000007
2021-10-03 00:00:00+00:00,0.00023466200000000006
2021-10-04 00:00:00+00:00,0.00025125000000000006
2021-10-05 00:00:00+00:00,0.00029686150000000005
2021-10-06 00:00:00+00:00,0.0003000240000000001
2021-10-07 00:00:00+00:00,0.0007635344999999999
2021-10-08 00:00:00+00:00,0.0008298329999999999
2021-10-09 00:00:00+00:00,0.0005816395
2021-10-10 00:00:00+00:00,0.0007874544999999999
2021-10-11 00:00:00+00:00,0.0004338785
2021-10-12 00:00:00+00:00,0.0002923900000000001
2021-10-13 00:00:00+00:00,0.0003099680000000001
2021-10-14 00:00:00+00:00,0.0005207640000000001
2021-10-15 00:00:00+00:00,0.0007409195
2021-10-16 00:00:00+00:00,0.0011079605
2021-10-17 00:00:00+00:00,0.0010727100000000002
2021-10-18 00:00:00+00:00,0.000547523
2021-10-19 00:00:00+00:00,0.0005687229999999999
2021-10-20 00:00:00+00:00,0.0008046215
2021-10-21 00:00:00+00:00,0.0016583835000000002
2021-10-22 00:00:00+00:00,0.0009650095
2021-10-23 00:00:00+00:00,0.0009148175
2021-10-24 00:00:00+00:00,0.0013270464999999999
2021-10-25 00:00:00+00:00,0.0011567285
2021-10-26 00:00:00+00:00,0.0019390129999999998
2021-10-27 00:00:00+00:00,0.0010139920000000002
2021-10-28 00:00:00+00:00,0.00029752550000000004
2021-10-29 00:00:00+00:00,0.0004170154999999999
2021-10-30 00:00:00+00:00,0.000711132
2021-10-31 00:00:00+00:00,0.0007880975
2021-11-01 00:00:00+00:00,0.0007943929999999999
2021-11-02 00:00:00+00:00,0.0012974715000000003
2021-11-03 00:00:00+00:00,0.0012967919999999997
2021-11-04 00:00:00+00:00,0.0013411075
2021-11-05 00:00:00+00:00,0.0009554485000000001
2021-11-06 00:00:00+00:00,0.0006823424999999999
2021-11-07 00:00:00+00:00,0.0007129265
2021-11-08 00:00:00+00:00,0.0015457065000000002
2021-11-09 00:00:00+00:00,0.0013899059999999998
2021-11-10 00:00:00+00:00,0.0013156115000000001
2021-11-11 00:00:00+00:00,0.00030681500000000005
2021-11-12 00:00:00+00:00,0.0003591245
2021-11-13 00:00:00+00:00,0.0003244125
2021-11-14 00:00:00+00:00,0.0003823520000000001
2021-11-15 00:00:00+00:00,0.0007719425000000001
2021-11-16 00:00:00+00:00,0.00038703600000000005
2021-11-17 00:00:00+00:00,0.00029294050000000006
2021-11-18 00:00:00+00:00,0.00010300449999999995
2021-11-19 00:00:00+00:00,0.0002850000000000001
2021-11-20 00:00:00+00:00,0.00027478600000000006
2021-11-21 00:00:00+00:00,0.00033181800000000005
2021-11-22 00:00:00+00:00,0.00030329400000000007
2021-11-23 00:00:00+00:00,0.00032023250000000005
2021-11-24 00:00:00+00:00,0.0005215099999999998
2021-11-25 00:00:00+00:00,0.0006665385000000001
2021-11-26 00:00:00+00:00,0.0007421775000000001
2021-11-27 00:00:00+00:00,0.00024995500000000006
2021-11-28 00:00:00+00:00,0.0002458715000000001
2021-11-29 00:00:00+00:00,0.0002628990000000001
2021-11-30 00:00:00+00:00,0.0002717820000000001
2021-12-01 00:00:00+00:00,0.000340389
2021-12-02 00:00:00+00:00,0.0003122015000000001
2021-12-03 00:00:00+00:00,0.000320344
2021-12-04 00:00:00+00:00,-0.0003622575
2021-12-05 00:00:00+00:00,4.1102000000000014e-05
2021-12-06 00:00:00+00:00,0.00015212050000000006
2021-12-07 00:00:00+00:00,2.422e-06
2021-12-08 00:00:00+00:00,0.00017927550000000004
2021-12-09 00:00:00+00:00,0.00017083900000000002
2021-12-10 00:00:00+00:00,6.800750000000001e-05
2021-12-11 00:00:00+00:00,0.000132967
2021-12-12 00:00:00+00:00,0.00012150050000000002
2021-12-13 00:00:00+00:00,0.0001619915
2021-12-14 00:00:00+00:00,0.00012489750000000004
2021-12-15 00:00:00+00:00,0.0002453675000000001
2021-12-16 00:00:00+00:00,0.00026500350000000005
2021-12-17 00:00:00+00:00,0.0002444735000000001
2021-12-18 00:00:00+00:00,0.00025303400000000007
2021-12-19 00:00:00+00:00,0.00027645950000000007
2021-12-20 00:00:00+00:00,0.00025830100000000006
2021-12-21 00:00:00+00:00,0.00020855750000000006
2021-12-22 00:00:00+00:00,0.00020406350000000008
2021-12-23 00:00:00+00:00,0.00016020100000000006
2021-12-24 00:00:00+00:00,2.088600000000006e-05
2021-12-25 00:00:00+00:00,0.00025891750000000006
2021-12-26 00:00:00+00:00,0.00027629800000000007
2021-12-27 00:00:00+00:00,0.0002642500000000001
2021-12-28 00:00:00+00:00,0.00023143000000000008
2021-12-29 00:00:00+00:00,0.00022751150000000007
2021-12-30 00:00:00+00:00,0.00021949850000000005
2021-12-31 00:00:00+00:00,0.0002619015000000001
2022-01-01 00:00:00+00:00,0.0002459250000000001
2022-01-02 00:00:00+00:00,0.00020609150000000005
2022-01-03 00:00:00+00:00,0.0002722050000000001
2022-01-04 00:00:00+00:00,0.0002635595000000001
2022-01-05 00:00:00+00:00,0.0002850000000000001
2022-01-06 00:00:00+00:00,0.00019779150000000004
2022-01-07 00:00:00+00:00,0.00022428450000000006
2022-01-08 00:00:00+00:00,0.0002850000000000001
2022-01-09 00:00:00+00:00,0.00022565600000000008
2022-01-10 00:00:00+00:00,0.00014376950000000003
2022-01-11 00:00:00+00:00,0.00017371950000000003
2022-01-12 00:00:00+00:00,-3.314699999999996e-05
2022-01-13 00:00:00+00:00,7.670250000000003e-05
2022-01-14 00:00:00+00:00,6.720800000000004e-05
2022-01-15 00:00:00+00:00,5.414700000000001e-05
2022-01-16 00:00:00+00:00,8.444600000000002e-05
2022-01-17 00:00:00+00:00,8.744250000000002e-05
2022-01-18 00:00:00+00:00,0.00012167600000000003
2022-01-19 00:00:00+00:00,5.2573000000000006e-05
2022-01-20 00:00:00+00:00,0.00012803700000000003
2022-01-21 00:00:00+00:00,2.8869999999999946e-06
2022-01-22 00:00:00+00:00,-6.009049999999998e-05
2022-01-23 00:00:00+00:00,-0.00010951199999999999
2022-01-24 00:00:00+00:00,-1.3009999999999931e-06
2022-01-25 00:00:00+00:00,6.397750000000002e-05
2022-01-26 00:00:00+00:00,-4.5939499999999996e-05
2022-01-27 00:00:00+00:00,-0.00010675999999999999
2022-01-28 00:00:00+00:00,-5.356949999999998e-05
2022-01-29 00:00:00+00:00,0.000121318
2022-01-30 00:00:00+00:00,0.00010162100000000001
2022-01-31 00:00:00+00:00,-0.00025235100000000005
2022-02-01 00:00:00+00:00,8.026500000000005e-06
2022-02-02 00:00:00+00:00,0.00012324600000000003
2022-02-03 00:00:00+00:00,-0.00019818049999999998
2022-02-04 00:00:00+00:00,-1.9091499999999978e-05
2022-02-05 00:00:00+00:00,8.56145e-05
2022-02-06 00:00:00+00:00,0.00011856500000000003
2022-02-07 00:00:00+00:00,0.00010325600000000002
2022-02-08 00:00:00+00:00,7.015800000000004e-05
2022-02-09 00:00:00+00:00,0.00012301150000000003
2022-02-10 00:00:00+00:00,8.890500000000002e-05
2022-02-11 00:00:00+00:00,7.10475e-05
2022-02-12 00:00:00+00:00,2.63335e-05
2022-02-13 00:00:00+00:00,-0.00014880349999999999
2022-02-14 00:00:00+00:00,4.898750000000001e-05
2022-02-15 00:00:00+00:00,-5.258099999999999e-05
2022-02-16 00:00:00+00:00,0.00017496750000000006
2022-02-17 00:00:00+00:00,0.00014439800000000004
2022-02-18 00:00:00+00:00,-0.00011155649999999998
2022-02-19 00:00:00+00:00,4.4198000000000006e-05
2022-02-20 00:00:00+00:00,-3.965e-05
2022-02-21 00:00:00+00:00,-0.00010599449999999998
2022-02-22 00:00:00+00:00,-0.00039127949999999997
2022-02-23 00:00:00+00:00,-0.00024618549999999996
2022-02-24 00:00:00+00:00,-0.000429577
2022-02-25 00:00:00+00:00,-0.0001147585
2022-02-26 00:00:00+00:00,-5.362749999999999e-05
2022-02-27 00:00:00+00:00,-4.090149999999999e-05
2022-02-28 00:00:00+00:00,-0.00013633
2022-03-01 00:00:00+00:00,0.00022240300000000009
2022-03-02 00:00:00+00:00,0.00019966650000000004
2022-03-03 00:00:00+00:00,0.00011783000000000002
2022-03-04 00:00:00+00:00,-8.0442e-05
2022-03-05 00:00:00+00:00,-0.00021724749999999998
2022-03-06 00:00:00+00:00,-0.00010979
2022-03-07 00:00:00+00:00,-0.0002589335
2022-03-08 00:00:00+00:00,-3.587249999999999e-05
2022-03-09 00:00:00+00:00,9.169050000000005e-05
2022-03-10 00:00:00+00:00,-0.00010812999999999996
2022-03-11 00:00:00+00:00,-7.359849999999999e-05
2022-03-12 00:00:00+00:00,7.904050000000002e-05
2022-03-13 00:00:00+00:00,7.241800000000001e-05
2022-03-14 00:00:00+00:00,3.2851500000000036e-05
2022-03-15 00:00:00+00:00,3.5773500000000006e-05
2022-03-16 00:00:00+00:00,0.00018962500000000007
2022-03-17 00:00:00+00:00,0.00023878350000000007
2022-03-18 00:00:00+00:00,0.00023724000000000005
2022-03-19 00:00:00+00:00,0.00024838750000000004
2022-03-20 00:00:00+00:00,0.00024243800000000007
2022-03-21 00:00:00+00:00,0.00016218450000000004
2022-03-22 00:00:00+00:00,0.00023489100000000004
2022-03-23 00:00:00+00:00,0.00014641350000000003
2022-03-24 00:00:00+00:00,0.00016626350000000003
2022-03-25 00:00:00+00:00,0.00022218550000000008
2022-03-26 00:00:00+00:00,0.00021959150000000005
2022-03-27 00:00:00+00:00,0.00017991050000000004
2022-03-28 00:00:00+00:00,0.0002541125000000001
2022-03-29 00:00:00+00:00,0.00024575550000000007
2022-03-30 00:00:00+00:00,0.00027313650000000006
2022-03-31 00:00:00+00:00,0.0002763800000000001
2022-04-01 00:00:00+00:00,0.0002577895000000001
2022-04-02 00:00:00+00:00,0.0002834840000000001
2022-04-03 00:00:00+00:00,0.0002827840000000001
2022-04-04 00:00:00+00:00,0.0002628575000000001
2022-04-05 00:00:00+00:00,0.0002606955000000001
2022-04-06 00:00:00+00:00,0.00020103400000000003
2022-04-07 00:00:00+00:00,5.7364e-05
2022-04-08 00:00:00+00:00,0.00016973950000000006
2022-04-09 00:00:00+00:00,0.00017520050000000004
2022-04-10 00:00:00+00:00,0.00019078300000000003
2022-04-11 00:00:00+00:00,0.00011004950000000002
2022-04-12 00:00:00+00:00,-8.792849999999997e-05
2022-04-13 00:00:00+00:00,9.013000000000003e-06
2022-04-14 00:00:00+00:00,0.00010231700000000002
2022-04-15 00:00:00+00:00,9.203350000000001e-05
2022-04-16 00:00:00+00:00,0.00015506200000000003
2022-04-17 00:00:00+00:00,0.00020620600000000004
2022-04-18 00:00:00+00:00,-7.343000000000011e-06
2022-04-19 00:00:00+00:00,0.00020700850000000004
2022-04-20 00:00:00+00:00,0.0002590095000000001
2022-04-21 00:00:00+00:00,0.00021742800000000006
2022-04-22 00:00:00+00:00,0.00010080750000000002
2022-04-23 00:00:00+00:00,0.00016787450000000005
2022-04-24 00:00:00+00:00,0.00014715650000000002
2022-04-25 00:00:00+00:00,-1.2436499999999955e-05
2022-04-26 00:00:00+00:00,0.00017345200000000005
2022-04-27 00:00:00+00:00,-2.5697000000000008e-05
2022-04-28 00:00:00+00:00,0.00014583650000000003
2022-04-29 00:00:00+00:00,0.00017333900000000003
2022-04-30 00:00:00+00:00,6.48735e-05
2022-05-01 00:00:00+00:00,-0.00021987349999999997
2022-05-02 00:00:00+00:00,-6.40405e-05
2022-05-03 00:00:00+00:00,0.00011244250000000001
2022-05-04 00:00:00+00:00,8.618200000000002e-05
2022-05-05 00:00:00+00:00,0.00023682900000000006
2022-05-06 00:00:00+00:00,-0.000137839
2022-05-07 00:00:00+00:00,3.9887e-05
2022-05-08 00:00:00+00:00,8.927850000000002e-05
2022-05-09 00:00:00+00:00,-3.3246499999999994e-05
2022-05-10 00:00:00+00:00,-0.00016102450000000002
2022-05-11 00:00:00+00:00,-0.0009155789999999999
2022-05-12 00:00:00+00:00,-0.0018218199999999998
2022-05-13 00:00:00+00:00,-0.0004198335
2022-05-14 00:00:00+00:00,-9.823899999999999e-05
2022-05-15 00:00:00+00:00,-9.343050000000001e-05
2022-05-16 00:00:00+00:00,-0.00015704049999999998
2022-05-17 00:00:00+00:00,-0.00021766199999999998
2022-05-18 00:00:00+00:00,-0.0002894675
2022-05-19 00:00:00+00:00,-0.00032092800000000006
2022-05-20 00:00:00+00:00,-0.00015662899999999995
2022-05-21 00:00:00+00:00,-0.000311031
2022-05-22 00:00:00+00:00,-4.884949999999999e-05
2022-05-23 00:00:00+00:00,7.83385e-05
2022-05-24 00:00:00+00:00,-0.000387347
2022-05-25 00:00:00+00:00,-0.000136261
2022-05-26 00:00:00+00:00,-0.0003535685
2022-05-27 00:00:00+00:00,-0.0003037375
2022-05-28 00:00:00+00:00,-0.00018544
2022-05-29 00:00:00+00:00,-0.000150929
2022-05-30 00:00:00+00:00,0.00014567150000000006
2022-05-31 00:00:00+00:00,0.00019865250000000004
2022-06-01 00:00:00+00:00,0.00014934200000000003
2022-06-02 00:00:00+00:00,-0.0001305775
2022-06-03 00:00:00+00:00,-7.665349999999998e-05
2022-06-04 00:00:00+00:00,-5.626399999999999e-05
2022-06-05 00:00:00+00:00,-3.7771499999999996e-05
2022-06-06 00:00:00+00:00,0.00016054250000000002
2022-06-07 00:00:00+00:00,-8.833250000000002e-05
2022-06-08 00:00:00+00:00,2.9958999999999996e-05
2022-06-09 00:00:00+00:00,3.7785e-05
2022-06-10 00:00:00+00:00,-0.00010986750000000003
2022-06-11 00:00:00+00:00,-0.00048606649999999996
2022-06-12 00:00:00+00:00,-0.0006843835000000001
2022-06-13 00:00:00+00:00,-0.001031181
2022-06-14 00:00:00+00:00,-0.0005281840000000001
2022-06-15 00:00:00+00:00,-0.0008500164999999999
2022-06-16 00:00:00+00:00,-0.0002486965
2022-06-17 00:00:00+00:00,-0.00037268900000000005
2022-06-18 00:00:00+00:00,-0.0003836595
2022-06-19 00:00:00+00:00,-0.000260649
2022-06-20 00:00:00+00:00,3.118300000000002e-05
2022-06-21 00:00:00+00:00,7.199800000000001e-05
2022-06-22 00:00:00+00:00,-0.00011231699999999999
2022-06-23 00:00:00+00:00,-9.947799999999999e-05
2022-06-24 00:00:00+00:00,3.3602500000000016e-05
2022-06-25 00:00:00+00:00,-2.2411499999999994e-05
2022-06-26 00:00:00+00:00,1.2737500000000005e-05
2022-06-27 00:00:00+00:00,-0.0001194355
2022-06-28 00:00:00+00:00,-0.000269022
2022-06-29 00:00:00+00:00,-0.0004497755
2022-06-30 00:00:00+00:00,-0.0005220415
2022-07-01 00:00:00+00:00,-0.0004693155
2022-07-02 00:00:00+00:00,-0.00020771150000000003
2022-07-03 00:00:00+00:00,-0.000277502
2022-07-04 00:00:00+00:00,-0.000146473
2022-07-05 00:00:00+00:00,-4.3379999999999995e-05
2022-07-06 00:00:00+00:00,-3.178749999999999e-05
2022-07-07 00:00:00+00:00,2.4150000000001116e-07
2022-07-08 00:00:00+00:00,2.4817000000000023e-05
2022-07-09 00:00:00+00:00,4.028250000000002e-05
2022-07-10 00:00:00+00:00,2.5443999999999996e-05
2022-07-11 00:00:00+00:00,-0.00021658599999999995
2022-07-12 00:00:00+00:00,-0.0003659275
2022-07-13 00:00:00+00:00,-0.00048375199999999995
2022-07-14 00:00:00+00:00,-0.00024403549999999993
2022-07-15 00:00:00+00:00,8.989e-05
2022-07-16 00:00:00+00:00,5.9653500000000014e-05
2022-07-17 00:00:00+00:00,6.918500000000001e-05
2022-07-18 00:00:00+00:00,9.313600000000001e-05
2022-07-19 00:00:00+00:00,0.00013396350000000005
2022-07-20 00:00:00+00:00,0.00010394000000000002
2022-07-21 00:00:00+00:00,0.00011570350000000005
2022-07-22 00:00:00+00:00,0.00012876650000000006
2022-07-23 00:00:00+00:00,2.3552500000000015e-05
2022-07-24 00:00:00+00:00,6.516e-05
2022-07-25 00:00:00+00:00,-4.819999999999983e-06
2022-07-26 00:00:00+00:00,-0.0002622435
2022-07-27 00:00:00+00:00,-0.000246536
2022-07-28 00:00:00+00:00,0.00020064900000000006
2022-07-29 00:00:00+00:00,0.00019393950000000005
2022-07-30 00:00:00+00:00,0.00017059250000000002
2022-07-31 00:00:00+00:00,0.00014992550000000003
2022-08-01 00:00:00+00:00,0.00014077450000000004
2022-08-02 00:00:00+00:00,3.089050000000001e-05
2022-08-03 00:00:00+00:00,-1.6735499999999996e-05
2022-08-04 00:00:00+00:00,-4.821499999999995e-06
2022-08-05 00:00:00+00:00,0.00011878250000000001
2022-08-06 00:00:00+00:00,0.00019814750000000006
2022-08-07 00:00:00+00:00,0.00012248850000000003
2022-08-08 00:00:00+00:00,9.894600000000001e-05
2022-08-09 00:00:00+00:00,7.547350000000002e-05
2022-08-10 00:00:00+00:00,-1.7848000000000003e-05
2022-08-11 00:00:00+00:00,0.00016798450000000004
2022-08-12 00:00:00+00:00,0.00016167300000000004
2022-08-13 00:00:00+00:00,0.00016819100000000004
2022-08-14 00:00:00+00:00,8.270200000000001e-05
2022-08-15 00:00:00+00:00,-0.0001283575
2022-08-16 00:00:00+00:00,-1.0710499999999995e-05
2022-08-17 00:00:00+00:00,3.39095e-05
2022-08-18 00:00:00+00:00,-8.186200000000001e-05
2022-08-19 00:00:00+00:00,-0.0005131255000000001
2022-08-20 00:00:00+00:00,-0.00043940350000000006
2022-08-21 00:00:00+00:00,-0.00045767549999999995
2022-08-22 00:00:00+00:00,-0.00029351500000000005
2022-08-23 00:00:00+00:00,-8.762599999999999e-05
2022-08-24 00:00:00+00:00,-0.00010380799999999999
2022-08-25 00:00:00+00:00,-0.000142446
2022-08-26 00:00:00+00:00,-9.452849999999998e-05
2022-08-27 00:00:00+00:00,-0.0005693530000000001
2022-08-28 00:00:00+00:00,-0.00037892000000000004
2022-08-29 00:00:00+00:00,-0.0005414145
2022-08-30 00:00:00+00:00,-0.0001800015
2022-08-31 00:00:00+00:00,-0.00015999400000000003
2022-09-01 00:00:00+00:00,-0.000239017
2022-09-02 00:00:00+00:00,-1.6486000000000004e-05
2022-09-03 00:00:00+00:00,-0.000122518
2022-09-04 00:00:00+00:00,-3.0129000000000002e-05
2022-09-05 00:00:00+00:00,1.4840000000000005e-06
2022-09-06 00:00:00+00:00,8.265700000000002e-05
2022-09-07 00:00:00+00:00,-0.0004745465
2022-09-08 00:00:00+00:00,-1.70905e-05
2022-09-09 00:00:00+00:00,0.00014827000000000004
2022-09-10 00:00:00+00:00,0.00020466550000000004
2022-09-11 00:00:00+00:00,0.000149324
2022-09-12 00:00:00+00:00,7.54525e-05
2022-09-13 00:00:00+00:00,-5.787049999999998e-05
2022-09-14 00:00:00+00:00,-0.0006183445000000001
2022-09-15 00:00:00+00:00,-0.000498121
2022-09-16 00:00:00+00:00,-0.00038483250000000005
2022-09-17 00:00:00+00:00,-0.00015947599999999995
2022-09-18 00:00:00+00:00,-4.4216e-05
2022-09-19 00:00:00+00:00,-0.000586469
2022-09-20 00:00:00+00:00,-0.0003655225
2022-09-21 00:00:00+00:00,-0.00020959600000000002
2022-09-22 00:00:00+00:00,-0.0006160985
2022-09-23 00:00:00+00:00,-0.00012205700000000001
2022-09-24 00:00:00+00:00,4.2497500000000004e-05
2022-09-25 00:00:00+00:00,-4.8409999999999985e-05
2022-09-26 00:00:00+00:00,-0.00015371899999999997
2022-09-27 00:00:00+00:00,2.652200000000001e-05
2022-09-28 00:00:00+00:00,-0.00031994650000000005
2022-09-29 00:00:00+00:00,-1.7615499999999994e-05
2022-09-30 00:00:00+00:00,5.689800000000001e-05
2022-10-01 00:00:00+00:00,9.161450000000002e-05
2022-10-02 00:00:00+00:00,-1.1589999999999989e-05
2022-10-03 00:00:00+00:00,4.278800000000001e-05
2022-10-04 00:00:00+00:00,8.651600000000001e-05
2022-10-05 00:00:00+00:00,0.00011092900000000002
2022-10-06 00:00:00+00:00,9.41745e-05
2022-10-07 00:00:00+00:00,3.632499999999996e-06
2022-10-08 00:00:00+00:00,0.00011909150000000002
2022-10-09 00:00:00+00:00,8.9771e-05
2022-10-10 00:00:00+00:00,0.00016581400000000002
2022-10-11 00:00:00+00:00,-2.1747999999999996e-05
2022-10-12 00:00:00+00:00,2.8124999999999996e-05
2022-10-13 00:00:00+00:00,-0.00029923199999999997
2022-10-14 00:00:00+00:00,-5.5202999999999986e-05
2022-10-15 00:00:00+00:00,-7.01805e-05
2022-10-16 00:00:00+00:00,-0.0001077555
2022-10-17 00:00:00+00:00,-3.48265e-05
2022-10-18 00:00:00+00:00,3.85905e-05
2022-10-19 00:00:00+00:00,1.3652500000000002e-05
2022-10-20 00:00:00+00:00,3.9157e-05
2022-10-21 00:00:00+00:00,-0.0001042925
2022-10-22 00:00:00+00:00,-0.00014895999999999998
2022-10-23 00:00:00+00:00,-3.9649999999999527e-07
2022-10-24 00:00:00+00:00,2.655350000000001e-05
2022-10-25 00:00:00+00:00,8.617499999999997e-06
2022-10-26 00:00:00+00:00,0.00010588500000000002
2022-10-27 00:00:00+00:00,0.00011600400000000001
2022-10-28 00:00:00+00:00,6.966849999999999e-05
2022-10-29 00:00:00+00:00,0.000187769
2022-10-30 00:00:00+00:00,0.00020333950000000003
2022-10-31 00:00:00+00:00,0.00013721050000000003
2022-11-01 00:00:00+00:00,6.85985e-05
2022-11-02 00:00:00+00:00,-1.1299000000000001e-05
2022-11-03 00:00:00+00:00,-3.1406999999999986e-05
2022-11-04 00:00:00+00:00,0.00012989450000000004
2022-11-05 00:00:00+00:00,0.00019274500000000005
2022-11-06 00:00:00+00:00,0.00020538950000000006
2022-11-07 00:00:00+00:00,0.00012453350000000003
2022-11-08 00:00:00+00:00,-0.00028138149999999994
2022-11-09 00:00:00+00:00,-0.0024100245
2022-11-10 00:00:00+00:00,-0.003738639
2022-11-11 00:00:00+00:00,-0.0008004180000000002
2022-11-12 00:00:00+00:00,-0.0001500715
2022-11-13 00:00:00+00:00,-0.000259277
2022-11-14 00:00:00+00:00,-0.00032987800000000003
2022-11-15 00:00:00+00:00,-0.00019571849999999995
2022-11-16 00:00:00+00:00,-0.000171611
2022-11-17 00:00:00+00:00,-0.0002599655
2022-11-18 00:00:00+00:00,-0.00010877200000000001
2022-11-19 00:00:00+00:00,-0.00017282799999999998
2022-11-20 00:00:00+00:00,-0.0001507295
2022-11-21 00:00:00+00:00,-0.00037543700000000006
2022-11-22 00:00:00+00:00,-0.0001715795
2022-11-23 00:00:00+00:00,-6.940700000000001e-05
2022-11-24 00:00:00+00:00,-0.00037886850000000004
2022-11-25 00:00:00+00:00,-0.00022291599999999998
2022-11-26 00:00:00+00:00,-0.00016658599999999998
2022-11-27 00:00:00+00:00,-0.0002009365
2022-11-28 00:00:00+00:00,-0.0007119465
2022-11-29 00:00:00+00:00,6.620500000000014e-06
2022-11-30 00:00:00+00:00,-0.00012569749999999998
2022-12-01 00:00:00+00:00,-9.79455e-05
2022-12-02 00:00:00+00:00,-9.047849999999999e-05
2022-12-03 00:00:00+00:00,4.55315e-05
2022-12-04 00:00:00+00:00,-3.538549999999998e-05
2022-12-05 00:00:00+00:00,5.196600000000001e-05
2022-12-06 00:00:00+00:00,-8.072000000000003e-06
2022-12-07 00:00:00+00:00,1.4894e-05
2022-12-08 00:00:00+00:00,-0.00011442100000000002
2022-12-09 00:00:00+00:00,5.891599999999999e-05
2022-12-10 00:00:00+00:00,1.9431e-05
2022-12-11 00:00:00+00:00,-2.2600999999999996e-05
2022-12-12 00:00:00+00:00,-0.00021165749999999998
2022-12-13 00:00:00+00:00,-6.546999999999987e-06
2022-12-14 00:00:00+00:00,0.00012379400000000004
2022-12-15 00:00:00+00:00,0.00016585050000000005
2022-12-16 00:00:00+00:00,3.3654500000000035e-05
2022-12-17 00:00:00+00:00,-0.0006319450000000001
2022-12-18 00:00:00+00:00,-0.0005016675
2022-12-19 00:00:00+00:00,-0.00025370549999999996
2022-12-20 00:00:00+00:00,-0.000179027
2022-12-21 00:00:00+00:00,-8.536549999999999e-05
2022-12-22 00:00:00+00:00,-0.000125557
2022-12-23 00:00:00+00:00,8.513350000000002e-05
2022-12-24 00:00:00+00:00,-0.0001172895
2022-12-25 00:00:00+00:00,-0.00021727200000000002
2022-12-26 00:00:00+00:00,-3.81885e-05
2022-12-27 00:00:00+00:00,5.0110500000000014e-05
2022-12-28 00:00:00+00:00,-4.6531e-05
2022-12-29 00:00:00+00:00,-4.9045499999999997e-05
2022-12-30 00:00:00+00:00,-0.000437907
2022-12-31 00:00:00+00:00,-0.0003057495
2023-01-01 00:00:00+00:00,-0.00010042500000000003
2023-01-02 00:00:00+00:00,-0.000212231
2023-01-03 00:00:00+00:00,-0.0005759465
2023-01-04 00:00:00+00:00,-0.0006389310000000001
2023-01-05 00:00:00+00:00,-0.000133223
2023-01-06 00:00:00+00:00,-0.00034190899999999994
2023-01-07 00:00:00+00:00,-2.723999999999999e-05
2023-01-08 00:00:00+00:00,1.7993500000000007e-05
2023-01-09 00:00:00+00:00,0.00016114600000000003
2023-01-10 00:00:00+00:00,0.0002198145000000001
2023-01-11 00:00:00+00:00,0.00014537650000000002
2023-01-12 00:00:00+00:00,0.00017256050000000005
2023-01-13 00:00:00+00:00,0.00012038800000000001
2023-01-14 00:00:00+00:00,0.0004922815
2023-01-15 00:00:00+00:00,0.00044130199999999986
2023-01-16 00:00:00+00:00,0.0003287195
2023-01-17 00:00:00+00:00,0.00028802600000000004
2023-01-18 00:00:00+00:00,0.00026558650000000006
2023-01-19 00:00:00+00:00,0.00018963200000000007
2023-01-20 00:00:00+00:00,0.00023750700000000008
2023-01-21 00:00:00+00:00,0.0003424815
2023-01-22 00:00:00+00:00,0.0003210415
2023-01-23 00:00:00+00:00,0.000299571
2023-01-24 00:00:00+00:00,0.00030963150000000005
2023-01-25 00:00:00+00:00,0.00020693850000000005
2023-01-26 00:00:00+00:00,0.0002667515000000001
2023-01-27 00:00:00+00:00,0.00028014700000000007
2023-01-28 00:00:00+00:00,0.0002787805000000001
2023-01-29 00:00:00+00:00,0.00025996400000000006
2023-01-30 00:00:00+00:00,0.00027468550000000005
2023-01-31 00:00:00+00:00,0.00024017700000000006
2023-02-01 00:00:00+00:00,0.00024200550000000006
2023-02-02 00:00:00+00:00,0.00043839400000000004
2023-02-03 00:00:00+00:00,0.000309881
2023-02-04 00:00:00+00:00,0.0003164405
2023-02-05 00:00:00+00:00,0.00022750500000000005
2023-02-06 00:00:00+00:00,0.00023520000000000008
2023-02-07 00:00:00+00:00,0.00021874900000000007
2023-02-08 00:00:00+00:00,0.0002826380000000001
2023-02-09 00:00:00+00:00,0.00012665350000000004
2023-02-10 00:00:00+00:00,-4.5749999999997995e-07
2023-02-11 00:00:00+00:00,-3.7094999999999956e-06
2023-02-12 00:00:00+00:00,-3.2886e-05
2023-02-13 00:00:00+00:00,-3.0435999999999984e-05
2023-02-14 00:00:00+00:00,0.00013891600000000002
2023-02-15 00:00:00+00:00,0.00014342800000000002
2023-02-16 00:00:00+00:00,0.00028434850000000003
2023-02-17 00:00:00+00:00,0.00023203600000000005
2023-02-18 00:00:00+00:00,0.0003132965
2023-02-19 00:00:00+00:00,0.000315227
2023-02-20 00:00:00+00:00,0.00024018750000000006
2023-02-21 00:00:00+00:00,0.00025351850000000006
2023-02-22 00:00:00+00:00,0.0003010805
2023-02-23 00:00:00+00:00,0.0002521600000000001
2023-02-24 00:00:00+00:00,0.00021074300000000005
2023-02-25 00:00:00+00:00,0.000148295
2023-02-26 00:00:00+00:00,8.830750000000001e-05
2023-02-27 00:00:00+00:00,0.00014844250000000005
2023-02-28 00:00:00+00:00,0.00017960700000000003
2023-03-01 00:00:00+00:00,0.00017093800000000004
2023-03-02 00:00:00+00:00,0.00018321250000000004
2023-03-03 00:00:00+00:00,1.690649999999999e-05
2023-03-04 00:00:00+00:00,8.743100000000001e-05
2023-03-05 00:00:00+00:00,6.233249999999999e-05
2023-03-06 00:00:00+00:00,4.037300000000001e-05
2023-03-07 00:00:00+00:00,3.3698500000000016e-05
2023-03-08 00:00:00+00:00,3.4825000000000006e-05
2023-03-09 00:00:00+00:00,5.2654500000000016e-05
2023-03-10 00:00:00+00:00,-0.00042943399999999997
2023-03-11 00:00:00+00:00,-0.0002974575
2023-03-12 00:00:00+00:00,-0.00013535749999999997
2023-03-13 00:00:00+00:00,3.8238000000000016e-05
2023-03-14 00:00:00+00:00,0.00018833500000000003
2023-03-15 00:00:00+00:00,0.00031028999999999996
2023-03-16 00:00:00+00:00,4.568650000000002e-05
2023-03-17 00:00:00+00:00,-5.6308e-05
2023-03-18 00:00:00+00:00,9.722200000000004e-05
2023-03-19 00:00:00+00:00,-5.775999999999951e-06
2023-03-20 00:00:00+00:00,-2.9665999999999946e-05
2023-03-21 00:00:00+00:00,-0.0001281925
2023-03-22 00:00:00+00:00,7.607000000000051e-06
2023-03-23 00:00:00+00:00,-2.9396e-05
2023-03-24 00:00:00+00:00,0.00016898700000000005
2023-03-25 00:00:00+00:00,-2.8302000000000004e-05
2023-03-26 00:00:00+00:00,-5.686249999999999e-05
2023-03-27 00:00:00+00:00,-4.8842e-05
2023-03-28 00:00:00+00:00,3.314250000000003e-05
2023-03-29 00:00:00+00:00,0.00015654950000000003
2023-03-30 00:00:00+00:00,0.00016092800000000002
2023-03-31 00:00:00+00:00,0.000100452
2023-04-01 00:00:00+00:00,0.00016298400000000002
2023-04-02 00:00:00+00:00,0.00014423550000000003
2023-04-03 00:00:00+00:00,8.908050000000002e-05
2023-04-04 00:00:00+00:00,0.00015841900000000003
2023-04-05 00:00:00+00:00,0.00023584300000000007
2023-04-06 00:00:00+00:00,0.0001404475
2023-04-07 00:00:00+00:00,7.295899999999999e-05
2023-04-08 00:00:00+00:00,0.00017040000000000002
2023-04-09 00:00:00+00:00,0.00011028600000000003
2023-04-10 00:00:00+00:00,0.00017719100000000005
2023-04-11 00:00:00+00:00,0.00024032600000000007
2023-04-12 00:00:00+00:00,0.00015125800000000003
2023-04-13 00:00:00+00:00,0.00018396850000000005
2023-04-14 00:00:00+00:00,0.0002766985000000001
2023-04-15 00:00:00+00:00,0.00029624
2023-04-16 00:00:00+00:00,0.00036418499999999994
2023-04-17 00:00:00+00:00,0.00043468649999999995
2023-04-18 00:00:00+00:00,0.000332399
2023-04-19 00:00:00+00:00,0.00017094400000000005
2023-04-20 00:00:00+00:00,0.00017254100000000004
2023-04-21 00:00:00+00:00,0.00015961800000000004
2023-04-22 00:00:00+00:00,-0.0001120345
2023-04-23 00:00:00+00:00,-3.2634e-05
2023-04-24 00:00:00+00:00,2.0134e-05
2023-04-25 00:00:00+00:00,-3.3897500000000005e-05
2023-04-26 00:00:00+00:00,6.68375e-05
2023-04-27 00:00:00+00:00,-0.00015780949999999995
2023-04-28 00:00:00+00:00,5.733400000000006e-05
2023-04-29 00:00:00+00:00,0.00020805500000000007
2023-04-30 00:00:00+00:00,0.00018579750000000003
2023-05-01 00:00:00+00:00,-3.998199999999997e-05
2023-05-02 00:00:00+00:00,-3.9605499999999985e-05
2023-05-03 00:00:00+00:00,4.074649999999999e-05
2023-05-04 00:00:00+00:00,0.00018944900000000006
2023-05-05 00:00:00+00:00,0.00016939500000000003
2023-05-06 00:00:00+00:00,0.00014967750000000006
2023-05-07 00:00:00+00:00,7.361200000000001e-05
2023-05-08 00:00:00+00:00,3.826600000000001e-05
2023-05-09 00:00:00+00:00,-0.0001244955
2023-05-10 00:00:00+00:00,-3.1563999999999984e-05
2023-05-11 00:00:00+00:00,7.180950000000001e-05
2023-05-12 00:00:00+00:00,8.849600000000004e-05
2023-05-13 00:00:00+00:00,0.00012436
2023-05-14 00:00:00+00:00,0.00014247900000000002
2023-05-15 00:00:00+00:00,8.90205e-05
2023-05-16 00:00:00+00:00,7.48865e-05
2023-05-17 00:00:00+00:00,0.00016947700000000004
2023-05-18 00:00:00+00:00,0.000183016
2023-05-19 00:00:00+00:00,0.00013575500000000004
2023-05-20 00:00:00+00:00,0.00011734600000000002
2023-05-21 00:00:00+00:00,0.00013056650000000004
2023-05-22 00:00:00+00:00,0.00011558500000000003
2023-05-23 00:00:00+00:00,0.00019547500000000008
2023-05-24 00:00:00+00:00,0.00019858800000000003
2023-05-25 00:00:00+00:00,9.669150000000002e-05
2023-05-26 00:00:00+00:00,0.00016243500000000003
2023-05-27 00:00:00+00:00,0.00020940500000000005
2023-05-28 00:00:00+00:00,0.00018915100000000006
2023-05-29 00:00:00+00:00,0.00021983450000000009
2023-05-30 00:00:00+00:00,0.00018936050000000005
2023-05-31 00:00:00+00:00,0.00018576100000000005
2023-06-01 00:00:00+00:00,0.00019035700000000005
2023-06-02 00:00:00+00:00,0.00022413250000000005
2023-06-03 00:00:00+00:00,0.00019203750000000008
2023-06-04 00:00:00+00:00,0.00027201100000000006
2023-06-05 00:00:00+00:00,0.00027616700000000007
2023-06-06 00:00:00+00:00,-9.128000000000025e-06
2023-06-07 00:00:00+00:00,0.00021740400000000006
2023-06-08 00:00:00+00:00,0.000176679
2023-06-09 00:00:00+00:00,0.00021598850000000008
2023-06-10 00:00:00+00:00,-0.00032161150000000003
2023-06-11 00:00:00+00:00,-0.0005598444999999999
2023-06-12 00:00:00+00:00,-0.00023300299999999996
2023-06-13 00:00:00+00:00,-0.00014741050000000003
2023-06-14 00:00:00+00:00,-0.00015204599999999997
2023-06-15 00:00:00+00:00,-7.753549999999999e-05
2023-06-16 00:00:00+00:00,-0.00010057600000000001
2023-06-17 00:00:00+00:00,4.2329999999999966e-06
2023-06-18 00:00:00+00:00,-3.738999999999996e-06
2023-06-19 00:00:00+00:00,-9.072549999999999e-05
2023-06-20 00:00:00+00:00,-0.000155315
2023-06-21 00:00:00+00:00,5.954650000000001e-05
2023-06-22 00:00:00+00:00,0.000109956
2023-06-23 00:00:00+00:00,0.00017160300000000004
2023-06-24 00:00:00+00:00,5.191650000000002e-05
2023-06-25 00:00:00+00:00,7.943950000000002e-05
2023-06-26 00:00:00+00:00,8.52695e-05
2023-06-27 00:00:00+00:00,-2.0892000000000003e-05
2023-06-28 00:00:00+00:00,-0.00013867299999999996
2023-06-29 00:00:00+00:00,-8.451949999999999e-05
2023-06-30 00:00:00+00:00,-7.881699999999996e-05
2023-07-01 00:00:00+00:00,-5.961499999999977e-06
2023-07-02 00:00:00+00:00,0.00016585950000000003
2023-07-03 00:00:00+00:00,0.00018905450000000003
2023-07-04 00:00:00+00:00,0.00015978400000000005
2023-07-05 00:00:00+00:00,0.00015402050000000005
2023-07-06 00:00:00+00:00,-9.572399999999997e-05
2023-07-07 00:00:00+00:00,-0.00016326499999999998
2023-07-08 00:00:00+00:00,-8.180399999999996e-05
2023-07-09 00:00:00+00:00,-0.00010077249999999998
2023-07-10 00:00:00+00:00,-7.009049999999998e-05
2023-07-11 00:00:00+00:00,-8.605999999999978e-06
2023-07-12 00:00:00+00:00,5.4545000000000034e-06
2023-07-13 00:00:00+00:00,-0.000261775
2023-07-14 00:00:00+00:00,0.00025820600000000003
2023-07-15 00:00:00+00:00,6.108200000000002e-05
2023-07-16 00:00:00+00:00,2.174549999999999e-05
2023-07-17 00:00:00+00:00,-1.6360500000000007e-05
2023-07-18 00:00:00+00:00,0.00021350450000000006
2023-07-19 00:00:00+00:00,0.00022078950000000005
2023-07-20 00:00:00+00:00,0.00016357050000000004
2023-07-21 00:00:00+00:00,0.0001812685
2023-07-22 00:00:00+00:00,0.00011111850000000002
2023-07-23 00:00:00+00:00,0.00016169100000000005
2023-07-24 00:00:00+00:00,0.000137367
2023-07-25 00:00:00+00:00,0.00012093400000000002
2023-07-26 00:00:00+00:00,0.000122422
2023-07-27 00:00:00+00:00,8.392550000000003e-05
2023-07-28 00:00:00+00:00,0.00018426850000000003
2023-07-29 00:00:00+00:00,0.00019999850000000004
2023-07-30 00:00:00+00:00,0.00021982750000000006
2023-07-31 00:00:00+00:00,0.00012753450000000004
2023-08-01 00:00:00+00:00,9.749450000000002e-05
2023-08-02 00:00:00+00:00,0.00015528600000000003
2023-08-03 00:00:00+00:00,0.00011562950000000002
2023-08-04 00:00:00+00:00,1.4883500000000035e-05
2023-08-05 00:00:00+00:00,0.00016972650000000004
2023-08-06 00:00:00+00:00,0.00017114350000000002
2023-08-07 00:00:00+00:00,8.376450000000001e-05
2023-08-08 00:00:00+00:00,5.73175e-05
2023-08-09 00:00:00+00:00,0.000147353
2023-08-10 00:00:00+00:00,0.00022312550000000008
2023-08-11 00:00:00+00:00,0.00014212500000000003
2023-08-12 00:00:00+00:00,0.00018311050000000004
2023-08-13 00:00:00+00:00,0.000169339
2023-08-14 00:00:00+00:00,0.00022444600000000005
2023-08-15 00:00:00+00:00,0.000152334
2023-08-16 00:00:00+00:00,-8.360049999999998e-05
2023-08-17 00:00:00+00:00,-8.562799999999999e-05
2023-08-18 00:00:00+00:00,-0.000364666
2023-08-19 00:00:00+00:00,-0.00018313799999999998
2023-08-20 00:00:00+00:00,-0.00020921849999999998
2023-08-21 00:00:00+00:00,-0.00013597899999999997
2023-08-22 00:00:00+00:00,-9.829000000000001e-05
2023-08-23 00:00:00+00:00,-0.00012888899999999998
2023-08-24 00:00:00+00:00,-6.0074e-05
2023-08-25 00:00:00+00:00,-5.3633e-05
2023-08-26 00:00:00+00:00,-6.761499999999999e-06
2023-08-27 00:00:00+00:00,-2.7562500000000006e-05
2023-08-28 00:00:00+00:00,3.927600000000001e-05
2023-08-29 00:00:00+00:00,-0.0001308045
2023-08-30 00:00:00+00:00,0.00011014650000000002
2023-08-31 00:00:00+00:00,-1.972149999999999e-05
2023-09-01 00:00:00+00:00,-0.000146048
2023-09-02 00:00:00+00:00,-9.299549999999998e-05
2023-09-03 00:00:00+00:00,-0.000115234
2023-09-04 00:00:00+00:00,-7.458649999999999e-05
2023-09-05 00:00:00+00:00,3.2341e-05
2023-09-06 00:00:00+00:00,1.837950000000001e-05
2023-09-07 00:00:00+00:00,0.000126116
2023-09-08 00:00:00+00:00,-2.7289999999999937e-06
2023-09-09 00:00:00+00:00,-2.0615999999999997e-05
2023-09-10 00:00:00+00:00,-0.000184572
2023-09-11 00:00:00+00:00,-0.00010755150000000001
2023-09-12 00:00:00+00:00,-9.3472e-05
2023-09-13 00:00:00+00:00,-5.630899999999999e-05
2023-09-14 00:00:00+00:00,-0.00011940050000000001
2023-09-15 00:00:00+00:00,3.775350000000002e-05
2023-09-16 00:00:00+00:00,5.893950000000002e-05
2023-09-17 00:00:00+00:00,-4.1577999999999994e-05
2023-09-18 00:00:00+00:00,-4.51e-05
2023-09-19 00:00:00+00:00,1.96205e-05
2023-09-20 00:00:00+00:00,-1.89755e-05
2023-09-21 00:00:00+00:00,-3.038299999999999e-05
2023-09-22 00:00:00+00:00,2.0772499999999998e-05
2023-09-23 00:00:00+00:00,6.3664e-05
2023-09-24 00:00:00+00:00,6.0979499999999994e-05
2023-09-25 00:00:00+00:00,0.00010485500000000003
2023-09-26 00:00:00+00:00,2.24325e-05
2023-09-27 00:00:00+00:00,9.637200000000002e-05
2023-09-28 00:00:00+00:00,6.510450000000001e-05
2023-09-29 00:00:00+00:00,8.33395e-05
2023-09-30 00:00:00+00:00,6.41285e-05
2023-10-01 00:00:00+00:00,8.972050000000001e-05
2023-10-02 00:00:00+00:00,4.012250000000002e-05
2023-10-03 00:00:00+00:00,2.8961500000000004e-05
2023-10-04 00:00:00+00:00,-8.807499999999999e-05
2023-10-05 00:00:00+00:00,-9.0737e-05
2023-10-06 00:00:00+00:00,1.0789000000000005e-05
2023-10-07 00:00:00+00:00,3.9644e-05
2023-10-08 00:00:00+00:00,8.689400000000001e-05
2023-10-09 00:00:00+00:00,-2.6517999999999986e-05
2023-10-10 00:00:00+00:00,-7.5156e-05
2023-10-11 00:00:00+00:00,2.8269999999999943e-06
2023-10-12 00:00:00+00:00,8.0385e-05
2023-10-13 00:00:00+00:00,-7.931000000000004e-06
2023-10-14 00:00:00+00:00,9.372500000000006e-06
2023-10-15 00:00:00+00:00,0.000132908
2023-10-16 00:00:00+00:00,6.267999999999999e-05
2023-10-17 00:00:00+00:00,-2.9011999999999996e-05
2023-10-18 00:00:00+00:00,4.6872499999999995e-05
2023-10-19 00:00:00+00:00,-3.88325e-05
2023-10-20 00:00:00+00:00,4.57345e-05
2023-10-21 00:00:00+00:00,8.480750000000004e-05
2023-10-22 00:00:00+00:00,7.333800000000002e-05
2023-10-23 00:00:00+00:00,0.00012418150000000004
2023-10-24 00:00:00+00:00,0.00028578550000000005
2023-10-25 00:00:00+00:00,0.00026251250000000007
2023-10-26 00:00:00+00:00,0.00028467650000000004
2023-10-27 00:00:00+00:00,0.00030824300000000004
2023-10-28 00:00:00+00:00,0.00027627600000000005
2023-10-29 00:00:00+00:00,0.00027426550000000005
2023-10-30 00:00:00+00:00,0.0003040795000000001
2023-10-31 00:00:00+00:00,0.0002630200000000001
2023-11-01 00:00:00+00:00,0.0002862115000000001
2023-11-02 00:00:00+00:00,0.0005301085
2023-11-03 00:00:00+00:00,0.00031823450000000004
2023-11-04 00:00:00+00:00,0.0003422595
2023-11-05 00:00:00+00:00,0.00042346949999999995
2023-11-06 00:00:00+00:00,0.00034295100000000003
2023-11-07 00:00:00+00:00,0.00041155499999999997
2023-11-08 00:00:00+00:00,0.000365954
2023-11-09 00:00:00+00:00,0.0005054305000000001
2023-11-10 00:00:00+00:00,0.00031321049999999997
2023-11-11 00:00:00+00:00,0.0004986554999999999
2023-11-12 00:00:00+00:00,0.000567044
2023-11-13 00:00:00+00:00,0.0005917839999999999
2023-11-14 00:00:00+00:00,0.0004074409999999999
2023-11-15 00:00:00+00:00,0.0003396055
2023-11-16 00:00:00+00:00,0.00043814999999999994
2023-11-17 00:00:00+00:00,0.0002909570000000001
2023-11-18 00:00:00+00:00,0.00028677800000000007
2023-11-19 00:00:00+00:00,0.00028352800000000007
2023-11-20 00:00:00+00:00,0.00031577000000000005
2023-11-21 00:00:00+00:00,0.00029795250000000004
2023-11-22 00:00:00+00:00,0.00021410450000000007
2023-11-23 00:00:00+00:00,0.00024233200000000008
2023-11-24 00:00:00+00:00,0.0002844290000000001
2023-11-25 00:00:00+00:00,0.00031778750000000005
2023-11-26 00:00:00+00:00,0.0003286245000000001
2023-11-27 00:00:00+00:00,0.00029533750000000007
2023-11-28 00:00:00+00:00,0.00022841000000000007
2023-11-29 00:00:00+00:00,0.00028061700000000004
2023-11-30 00:00:00+00:00,0.00030747050000000007
2023-12-01 00:00:00+00:00,0.00031032950000000004
2023-12-02 00:00:00+00:00,0.000344474
2023-12-03 00:00:00+00:00,0.00039646200000000004
2023-12-04 00:00:00+00:00,0.000481459
2023-12-05 00:00:00+00:00,0.000352317
2023-12-06 00:00:00+00:00,0.000535549
2023-12-07 00:00:00+00:00,0.000409283
2023-12-08 00:00:00+00:00,0.000709072
2023-12-09 00:00:00+00:00,0.0009043090000000001
2023-12-10 00:00:00+00:00,0.0006252440000000001
2023-12-11 00:00:00+00:00,0.00041698600000000005
2023-12-12 00:00:00+00:00,0.00029547150000000007
2023-12-13 00:00:00+00:00,0.00022631350000000005
2023-12-14 00:00:00+00:00,0.00023900700000000006
2023-12-15 00:00:00+00:00,0.0004435525
2023-12-16 00:00:00+00:00,0.00026091700000000005
2023-12-17 00:00:00+00:00,0.0002920395000000001
2023-12-18 00:00:00+00:00,0.000304364
2023-12-19 00:00:00+00:00,0.0002948505000000001
2023-12-20 00:00:00+00:00,0.000290041
2023-12-21 00:00:00+00:00,0.000512913
2023-12-22 00:00:00+00:00,0.0008649925000000001
2023-12-23 00:00:00+00:00,0.0005475314999999999
2023-12-24 00:00:00+00:00,0.0007761230000000001
2023-12-25 00:00:00+00:00,0.0008292025
2023-12-26 00:00:00+00:00,0.0010598234999999998
2023-12-27 00:00:00+00:00,0.0008727774999999999
2023-12-28 00:00:00+00:00,0.0013296935
2023-12-29 00:00:00+00:00,0.001196996
2023-12-30 00:00:00+00:00,0.0008081885
2023-12-31 00:00:00+00:00,0.000721615
2024-01-01 00:00:00+00:00,0.0007720334999999999
2024-01-02 00:00:00+00:00,0.0015367155
2024-01-03 00:00:00+00:00,0.0005463695000000001
2024-01-04 00:00:00+00:00,0.000162167
2024-01-05 00:00:00+00:00,0.00014097700000000003
2024-01-06 00:00:00+00:00,4.446050000000001e-05
2024-01-07 00:00:00+00:00,0.00010774700000000002
2024-01-08 00:00:00+00:00,6.0047500000000024e-05
2024-01-09 00:00:00+00:00,0.00021596700000000007
2024-01-10 00:00:00+00:00,0.0002469510000000001
2024-01-11 00:00:00+00:00,0.0002820295000000001
2024-01-12 00:00:00+00:00,0.0002853310000000001
2024-01-13 00:00:00+00:00,0.0002748885000000001
2024-01-14 00:00:00+00:00,0.0002766170000000001
2024-01-15 00:00:00+00:00,0.00028845400000000005
2024-01-16 00:00:00+00:00,0.00020899100000000006
2024-01-17 00:00:00+00:00,0.00021068950000000008
2024-01-18 00:00:00+00:00,0.00021980400000000007
2024-01-19 00:00:00+00:00,0.00019026400000000005
2024-01-20 00:00:00+00:00,0.00021333350000000005
2024-01-21 00:00:00+00:00,0.00020750700000000006
2024-01-22 00:00:00+00:00,0.00017921250000000005
2024-01-23 00:00:00+00:00,0.00013644950000000003
2024-01-24 00:00:00+00:00,0.00018763150000000004
2024-01-25 00:00:00+00:00,0.00026562100000000006
2024-01-26 00:00:00+00:00,0.0002606000000000001
2024-01-27 00:00:00+00:00,0.0002552550000000001
2024-01-28 00:00:00+00:00,0.00022676250000000007
2024-01-29 00:00:00+00:00,0.0002618275000000001
2024-01-30 00:00:00+00:00,0.00021437950000000006
2024-01-31 00:00:00+00:00,5.343600000000005e-05
2024-02-01 00:00:00+00:00,6.833150000000001e-05
2024-02-02 00:00:00+00:00,0.00011852500000000005
2024-02-03 00:00:00+00:00,0.00019138150000000008
2024-02-04 00:00:00+00:00,0.00022448250000000009
2024-02-05 00:00:00+00:00,0.00020183250000000008
2024-02-06 00:00:00+00:00,0.00022726350000000007
2024-02-07 00:00:00+00:00,0.00024313250000000008
2024-02-08 00:00:00+00:00,0.00019126450000000005
2024-02-09 00:00:00+00:00,0.00010302450000000002
2024-02-10 00:00:00+00:00,0.00018254650000000007
2024-02-11 00:00:00+00:00,0.00018379250000000007
2024-02-12 00:00:00+00:00,0.00020317600000000006
2024-02-13 00:00:00+00:00,0.00022930100000000006
2024-02-14 00:00:00+00:00,0.0003587315
2024-02-15 00:00:00+00:00,0.000558596
2024-02-16 00:00:00+00:00,0.0006227094999999999
2024-02-17 00:00:00+00:00,0.0005488714999999999
2024-02-18 00:00:00+00:00,0.0005329075
2024-02-19 00:00:00+00:00,0.000621947
2024-02-20 00:00:00+00:00,0.0008828250000000001
2024-02-21 00:00:00+00:00,0.0003853455
2024-02-22 00:00:00+00:00,0.00031971800000000003
2024-02-23 00:00:00+00:00,0.000502066
2024-02-24 00:00:00+00:00,0.000568658
2024-02-25 00:00:00+00:00,0.0006636585
2024-02-26 00:00:00+00:00,0.0010757925
2024-02-27 00:00:00+00:00,0.0014593285
2024-02-28 00:00:00+00:00,0.0012815745
2024-02-29 00:00:00+00:00,0.0019176035
2024-03-01 00:00:00+00:00,0.0015800205
2024-03-02 00:00:00+00:00,0.0023231385
2024-03-03 00:00:00+00:00,0.001849439
2024-03-04 00:00:00+00:00,0.001651578
2024-03-05 00:00:00+00:00,0.0023396859999999997
2024-03-06 00:00:00+00:00,0.0005696625
2024-03-07 00:00:00+00:00,0.0010156310000000001
2024-03-08 00:00:00+00:00,0.001305063
2024-03-09 00:00:00+00:00,0.001343999
2024-03-10 00:00:00+00:00,0.001482424
2024-03-11 00:00:00+00:00,0.0014214024999999997
2024-03-12 00:00:00+00:00,0.0015330144999999996
2024-03-13 00:00:00+00:00,0.0015644270000000002
2024-03-14 00:00:00+00:00,0.0014130764999999998
2024-03-15 00:00:00+00:00,0.000809707
2024-03-16 00:00:00+00:00,0.0005613889999999999
2024-03-17 00:00:00+00:00,0.000375786
2024-03-18 00:00:00+00:00,0.0004988194999999999
2024-03-19 00:00:00+00:00,0.00043281449999999996
2024-03-20 00:00:00+00:00,0.000334153
2024-03-21 00:00:00+00:00,0.00039032699999999994
2024-03-22 00:00:00+00:00,0.00044469849999999994
2024-03-23 00:00:00+00:00,0.0004111885
2024-03-24 00:00:00+00:00,0.00045704599999999996
2024-03-25 00:00:00+00:00,0.0004956735
2024-03-26 00:00:00+00:00,0.0007516475
2024-03-27 00:00:00+00:00,0.0009553095000000003
2024-03-28 00:00:00+00:00,0.0010833825
2024-03-29 00:00:00+00:00,0.001218551
2024-03-30 00:00:00+00:00,0.001224812
2024-03-31 00:00:00+00:00,0.0012867315
2024-04-01 00:00:00+00:00,0.001199787
2024-04-02 00:00:00+00:00,0.00042526649999999994
2024-04-03 00:00:00+00:00,0.00034694300000000006
2024-04-04 00:00:00+00:00,0.00036575350000000003
2024-04-05 00:00:00+00:00,0.0002661715000000001
2024-04-06 00:00:00+00:00,0.00029144100000000003
2024-04-07 00:00:00+00:00,0.00023756200000000008
2024-04-08 00:00:00+00:00,0.000386856
2024-04-09 00:00:00+00:00,0.0004872305
2024-04-10 00:00:00+00:00,0.0003527235
2024-04-11 00:00:00+00:00,0.0003824465
2024-04-12 00:00:00+00:00,0.0004134684999999999
2024-04-13 00:00:00+00:00,0.00017104650000000004
2024-04-14 00:00:00+00:00,-0.00016648300000000004
2024-04-15 00:00:00+00:00,-7.403649999999997e-05
2024-04-16 00:00:00+00:00,-0.00019033700000000003
2024-04-17 00:00:00+00:00,-8.551349999999999e-05
2024-04-18 00:00:00+00:00,-2.3784999999999983e-05
2024-04-19 00:00:00+00:00,-4.57585e-05
2024-04-20 00:00:00+00:00,-8.74135e-05
2024-04-21 00:00:00+00:00,-0.0001147925
2024-04-22 00:00:00+00:00,-1.36795e-05
2024-04-23 00:00:00+00:00,-5.2822000000000003e-05
2024-04-24 00:00:00+00:00,-0.00016500100000000007
2024-04-25 00:00:00+00:00,1.2888500000000014e-05
2024-04-26 00:00:00+00:00,-7.048399999999998e-05
2024-04-27 00:00:00+00:00,2.64115e-05
2024-04-28 00:00:00+00:00,-9.189849999999997e-05
2024-04-29 00:00:00+00:00,-3.0071499999999998e-05
2024-04-30 00:00:00+00:00,1.208950000000002e-05
2024-05-01 00:00:00+00:00,-8.553099999999999e-05
2024-05-02 00:00:00+00:00,3.232900000000001e-05
2024-05-03 00:00:00+00:00,4.3434000000000005e-05
2024-05-04 00:00:00+00:00,-2.4124999999999993e-06
2024-05-05 00:00:00+00:00,2.4289500000000012e-05
2024-05-06 00:00:00+00:00,0.00014283750000000002
2024-05-07 00:00:00+00:00,0.00013094200000000002
2024-05-08 00:00:00+00:00,0.00019356350000000004
2024-05-09 00:00:00+00:00,0.00017814550000000006
2024-05-10 00:00:00+00:00,0.00014073350000000002
2024-05-11 00:00:00+00:00,0.000112156
2024-05-12 00:00:00+00:00,0.00010897100000000001
2024-05-13 00:00:00+00:00,0.0001305755
2024-05-14 00:00:00+00:00,0.00011182100000000003
2024-05-15 00:00:00+00:00,-5.2558999999999996e-05
2024-05-16 00:00:00+00:00,0.00017847450000000003
2024-05-17 00:00:00+00:00,0.00016464500000000005
2024-05-18 00:00:00+00:00,0.00014923200000000004
2024-05-19 00:00:00+00:00,0.00014200500000000003
2024-05-20 00:00:00+00:00,0.00010499250000000002
2024-05-21 00:00:00+00:00,0.0002613655
2024-05-22 00:00:00+00:00,0.0002694545000000001
2024-05-23 00:00:00+00:00,0.00021615000000000008
2024-05-24 00:00:00+00:00,0.00024816850000000006
2024-05-25 00:00:00+00:00,0.0002492580000000001
2024-05-26 00:00:00+00:00,0.0002559405000000001
2024-05-27 00:00:00+00:00,0.0002704910000000001
2024-05-28 00:00:00+00:00,0.000264044
2024-05-29 00:00:00+00:00,0.00032375000000000004
2024-05-30 00:00:00+00:00,0.00031540850000000005
2024-05-31 00:00:00+00:00,0.00029297350000000004
2024-06-01 00:00:00+00:00,0.00036744049999999997
2024-06-02 00:00:00+00:00,0.000388446
2024-06-03 00:00:00+00:00,0.00035272399999999995
2024-06-04 00:00:00+00:00,0.0003049675
2024-06-05 00:00:00+00:00,0.00044122899999999996
2024-06-06 00:00:00+00:00,0.00045226449999999997
2024-06-07 00:00:00+00:00,0.0004530615
2024-06-08 00:00:00+00:00,0.00014458500000000005
2024-06-09 00:00:00+00:00,0.00019565550000000004
2024-06-10 00:00:00+00:00,0.00025947050000000004
2024-06-11 00:00:00+00:00,0.0002614950000000001
2024-06-12 00:00:00+00:00,0.00022303250000000008
2024-06-13 00:00:00+00:00,0.00025683400000000006
2024-06-14 00:00:00+00:00,0.00024127600000000007
2024-06-15 00:00:00+00:00,0.00018822250000000005
2024-06-16 00:00:00+00:00,0.00021598300000000005
2024-06-17 00:00:00+00:00,0.00018264300000000002
2024-06-18 00:00:00+00:00,-1.6874999999999997e-05
2024-06-19 00:00:00+00:00,4.812250000000002e-05
2024-06-20 00:00:00+00:00,0.00011807200000000002
2024-06-21 00:00:00+00:00,0.00016968100000000003
2024-06-22 00:00:00+00:00,0.00016648900000000002
2024-06-23 00:00:00+00:00,0.00012566350000000004
2024-06-24 00:00:00+00:00,0.00014876700000000003
2024-06-25 00:00:00+00:00,0.00016432600000000004
2024-06-26 00:00:00+00:00,0.00019797250000000002
2024-06-27 00:00:00+00:00,0.00017681900000000004
2024-06-28 00:00:00+00:00,0.00024783500000000007
2024-06-29 00:00:00+00:00,0.00023176750000000008
2024-06-30 00:00:00+00:00,0.00017495350000000005
2024-07-01 00:00:00+00:00,0.00021582150000000005
2024-07-02 00:00:00+00:00,0.00023747650000000004
2024-07-03 00:00:00+00:00,0.00025614900000000006
2024-07-04 00:00:00+00:00,0.00021385100000000006
2024-07-05 00:00:00+00:00,-0.00014759449999999998
2024-07-06 00:00:00+00:00,2.3635500000000008e-05
2024-07-07 00:00:00+00:00,0.00011004450000000001
2024-07-08 00:00:00+00:00,9.299500000000015e-06
2024-07-09 00:00:00+00:00,6.942200000000003e-05
2024-07-10 00:00:00+00:00,0.0001864125
2024-07-11 00:00:00+00:00,0.00015916600000000003
2024-07-12 00:00:00+00:00,0.00017617750000000003
2024-07-13 00:00:00+00:00,0.00018848800000000006
2024-07-14 00:00:00+00:00,0.00013434150000000001
2024-07-15 00:00:00+00:00,3.794450000000001e-05
2024-07-16 00:00:00+00:00,9.418900000000002e-05
2024-07-17 00:00:00+00:00,0.000112168
2024-07-18 00:00:00+00:00,0.00013130750000000003
2024-07-19 00:00:00+00:00,0.00016743000000000001
2024-07-20 00:00:00+00:00,0.00012793000000000003
2024-07-21 00:00:00+00:00,9.345550000000003e-05
2024-07-22 00:00:00+00:00,0.00017576450000000003
2024-07-23 00:00:00+00:00,8.235950000000001e-05
2024-07-24 00:00:00+00:00,0.00010953050000000002
2024-07-25 00:00:00+00:00,8.736550000000001e-05
2024-07-26 00:00:00+00:00,5.058100000000001e-05
2024-07-27 00:00:00+00:00,0.0001453895
2024-07-28 00:00:00+00:00,0.00015630550000000004
2024-07-29 00:00:00+00:00,0.00013867650000000002
2024-07-30 00:00:00+00:00,0.00017962900000000002
2024-07-31 00:00:00+00:00,0.00011597150000000003
2024-08-01 00:00:00+00:00,4.3908e-05
2024-08-02 00:00:00+00:00,3.3393500000000005e-05
2024-08-03 00:00:00+00:00,6.1722e-05
2024-08-04 00:00:00+00:00,-0.00010423250000000001
2024-08-05 00:00:00+00:00,-0.00019399899999999998
2024-08-06 00:00:00+00:00,-0.0002800385
2024-08-07 00:00:00+00:00,-0.0002713495
2024-08-08 00:00:00+00:00,-0.00010865999999999999
2024-08-09 00:00:00+00:00,-3.20685e-05
2024-08-10 00:00:00+00:00,1.9839000000000008e-05
2024-08-11 00:00:00+00:00,-0.00013690249999999995
2024-08-12 00:00:00+00:00,-2.0809999999999924e-06
2024-08-13 00:00:00+00:00,-2.5355499999999984e-05
2024-08-14 00:00:00+00:00,5.4443000000000014e-05
2024-08-15 00:00:00+00:00,0.00011043800000000003
2024-08-16 00:00:00+00:00,-0.0001264045
2024-08-17 00:00:00+00:00,5.2552000000000015e-05
2024-08-18 00:00:00+00:00,-2.4459500000000005e-05
2024-08-19 00:00:00+00:00,-6.176200000000001e-05
2024-08-20 00:00:00+00:00,3.778000000000001e-05
2024-08-21 00:00:00+00:00,4.6351000000000004e-05
2024-08-22 00:00:00+00:00,0.00011763600000000001
2024-08-23 00:00:00+00:00,9.6201e-05
2024-08-24 00:00:00+00:00,3.6669000000000004e-05
2024-08-25 00:00:00+00:00,5.7076499999999995e-05
2024-08-26 00:00:00+00:00,0.00012874700000000002
2024-08-27 00:00:00+00:00,7.206050000000002e-05
2024-08-28 00:00:00+00:00,-0.00012054649999999999
2024-08-29 00:00:00+00:00,-7.35425e-05
2024-08-30 00:00:00+00:00,2.668350000000001e-05
2024-08-31 00:00:00+00:00,0.000107415
2024-09-01 00:00:00+00:00,-2.4398e-05
2024-09-02 00:00:00+00:00,-0.00012584999999999997
2024-09-03 00:00:00+00:00,1.816400000000001e-05
2024-09-04 00:00:00+00:00,-2.5453499999999996e-05
2024-09-05 00:00:00+00:00,4.17105e-05
2024-09-06 00:00:00+00:00,3.7499499999999996e-05
2024-09-07 00:00:00+00:00,-2.5649499999999996e-05
2024-09-08 00:00:00+00:00,8.07065e-05
2024-09-09 00:00:00+00:00,8.4174e-05
2024-09-10 00:00:00+00:00,6.4139e-05
2024-09-11 00:00:00+00:00,3.1087e-05
2024-09-12 00:00:00+00:00,1.85755e-05
2024-09-13 00:00:00+00:00,3.655250000000002e-05
2024-09-14 00:00:00+00:00,-0.00010439
2024-09-15 00:00:00+00:00,1.6536000000000002e-05
2024-09-16 00:00:00+00:00,-2.38725e-05
2024-09-17 00:00:00+00:00,3.4229999999999997e-06
2024-09-18 00:00:00+00:00,-0.000111531
2024-09-19 00:00:00+00:00,9.772900000000001e-05
2024-09-20 00:00:00+00:00,0.00019526950000000004
2024-09-21 00:00:00+00:00,0.00019361800000000006
2024-09-22 00:00:00+00:00,0.00011145200000000003
2024-09-23 00:00:00+00:00,0.00012010800000000004
2024-09-24 00:00:00+00:00,0.0001426285
2024-09-25 00:00:00+00:00,0.00010976250000000003
2024-09-26 00:00:00+00:00,0.00018478850000000006
2024-09-27 00:00:00+00:00,0.00023767750000000006
2024-09-28 00:00:00+00:00,0.00025666250000000007
2024-09-29 00:00:00+00:00,0.00023814300000000007
2024-09-30 00:00:00+00:00,0.00021117500000000005
2024-10-01 00:00:00+00:00,0.00016079950000000002
2024-10-02 00:00:00+00:00,1.7639500000000006e-05
2024-10-03 00:00:00+00:00,-4.8988000000000006e-05
2024-10-04 00:00:00+00:00,-5.7008499999999995e-05
2024-10-05 00:00:00+00:00,1.1667000000000002e-05
2024-10-06 00:00:00+00:00,8.148150000000001e-05
2024-10-07 00:00:00+00:00,8.358749999999999e-05
2024-10-08 00:00:00+00:00,0.00018518500000000004
2024-10-09 00:00:00+00:00,0.00011390000000000003
2024-10-10 00:00:00+00:00,0.0001302235
2024-10-11 00:00:00+00:00,9.330800000000001e-05
2024-10-12 00:00:00+00:00,0.00018982400000000006
2024-10-13 00:00:00+00:00,0.00016143850000000003
2024-10-14 00:00:00+00:00,0.0001964005
2024-10-15 00:00:00+00:00,0.00022323050000000005
2024-10-16 00:00:00+00:00,0.00020280000000000005
2024-10-17 00:00:00+00:00,0.00023602050000000004
2024-10-18 00:00:00+00:00,0.00017223150000000002
2024-10-19 00:00:00+00:00,0.00012691700000000005
2024-10-20 00:00:00+00:00,0.00019604500000000008
2024-10-21 00:00:00+00:00,0.0002470005000000001
2024-10-22 00:00:00+00:00,0.0002697775000000001
2024-10-23 00:00:00+00:00,0.0002566735000000001
2024-10-24 00:00:00+00:00,0.00024944500000000005
2024-10-25 00:00:00+00:00,0.00025975450000000007
2024-10-26 00:00:00+00:00,5.090350000000002e-05
2024-10-27 00:00:00+00:00,6.927800000000001e-05
2024-10-28 00:00:00+00:00,0.00014218300000000002
2024-10-29 00:00:00+00:00,0.00027896500000000005
2024-10-30 00:00:00+00:00,0.00030831600000000005
2024-10-31 00:00:00+00:00,0.00026419850000000006
2024-11-01 00:00:00+00:00,0.00018639650000000003
2024-11-02 00:00:00+00:00,0.00016682500000000003
2024-11-03 00:00:00+00:00,2.5767000000000006e-05
2024-11-04 00:00:00+00:00,1.9885000000000017e-05
2024-11-05 00:00:00+00:00,5.2125000000000013e-05
2024-11-06 00:00:00+00:00,0.00021346200000000006
2024-11-07 00:00:00+00:00,0.00022255650000000006
2024-11-08 00:00:00+00:00,0.00022799000000000007
2024-11-09 00:00:00+00:00,0.0002011025000000001
2024-11-10 00:00:00+00:00,0.00048290599999999996
2024-11-11 00:00:00+00:00,0.0004537729999999999
2024-11-12 00:00:00+00:00,0.0009786944999999997
2024-11-13 00:00:00+00:00,0.00043819949999999996
2024-11-14 00:00:00+00:00,0.00035126300000000004
2024-11-15 00:00:00+00:00,0.0002914235000000001
2024-11-16 00:00:00+00:00,0.00034088200000000003
2024-11-17 00:00:00+00:00,0.00037329400000000003
2024-11-18 00:00:00+00:00,0.00043090049999999996
2024-11-19 00:00:00+00:00,0.00043046100000000004
2024-11-20 00:00:00+00:00,0.0003246000000000001
2024-11-21 00:00:00+00:00,0.0002971765000000001
2024-11-22 00:00:00+00:00,0.0005430075
2024-11-23 00:00:00+00:00,0.000692069
2024-11-24 00:00:00+00:00,0.0006320985
2024-11-25 00:00:00+00:00,0.00047122099999999997
2024-11-26 00:00:00+00:00,0.0004120719999999999
2024-11-27 00:00:00+00:00,0.0004043589999999999
2024-11-28 00:00:00+00:00,0.000438896
2024-11-29 00:00:00+00:00,0.0005150245
2024-11-30 00:00:00+00:00,0.0005233729999999999
2024-12-01 00:00:00+00:00,0.0005245924999999999
2024-12-02 00:00:00+00:00,0.0008001795
2024-12-03 00:00:00+00:00,0.0009319775
2024-12-04 00:00:00+00:00,0.0010012905000000001
2024-12-05 00:00:00+00:00,0.0013416589999999998
2024-12-06 00:00:00+00:00,0.0009454204999999999
2024-12-07 00:00:00+00:00,0.0010746965
2024-12-08 00:00:00+00:00,0.000854168
2024-12-09 00:00:00+00:00,0.0006096485
2024-12-10 00:00:00+00:00,0.0002923770000000001
2024-12-11 00:00:00+00:00,0.00027762450000000003
2024-12-12 00:00:00+00:00,0.0002702560000000001
2024-12-13 00:00:00+00:00,0.0002910460000000001
2024-12-14 00:00:00+00:00,0.00027456600000000007
2024-12-15 00:00:00+00:00,0.00024835400000000006
2024-12-16 00:00:00+00:00,0.00028158300000000007
2024-12-17 00:00:00+00:00,0.00028903100000000003
2024-12-18 00:00:00+00:00,0.00023495650000000007
2024-12-19 00:00:00+00:00,0.00011488900000000002
2024-12-20 00:00:00+00:00,6.189700000000003e-05
2024-12-21 00:00:00+00:00,0.00019089300000000006
2024-12-22 00:00:00+00:00,0.00017511950000000004
2024-12-23 00:00:00+00:00,0.00017410250000000002
2024-12-24 00:00:00+00:00,0.00018988150000000004
2024-12-25 00:00:00+00:00,0.00019741950000000004
2024-12-26 00:00:00+00:00,0.00019492800000000006
2024-12-27 00:00:00+00:00,0.00016575000000000002
2024-12-28 00:00:00+00:00,0.00016003550000000006
2024-12-29 00:00:00+00:00,0.00024214050000000007
2024-12-30 00:00:00+00:00,0.00017139900000000003
2024-12-31 00:00:00+00:00,0.00023644700000000004
2025-01-01 00:00:00+00:00,0.0002116860000000001
2025-01-02 00:00:00+00:00,0.0002665415000000001
2025-01-03 00:00:00+00:00,0.00024460150000000006
2025-01-04 00:00:00+00:00,0.0002534785000000001
2025-01-05 00:00:00+00:00,0.0002705940000000001
2025-01-06 00:00:00+00:00,0.0002505190000000001
2025-01-07 00:00:00+00:00,0.00025630000000000005
2025-01-08 00:00:00+00:00,0.00011157300000000001
2025-01-09 00:00:00+00:00,0.000104797
2025-01-10 00:00:00+00:00,0.00012276550000000003
2025-01-11 00:00:00+00:00,0.00019071850000000005
2025-01-12 00:00:00+00:00,0.00016564700000000002
2025-01-13 00:00:00+00:00,-2.7047499999999995e-05
2025-01-14 00:00:00+00:00,8.474300000000003e-05
2025-01-15 00:00:00+00:00,0.0002049525
2025-01-16 00:00:00+00:00,0.00025377950000000005
2025-01-17 00:00:00+00:00,0.0002488165000000001
2025-01-18 00:00:00+00:00,0.00024110350000000006
2025-01-19 00:00:00+00:00,0.0002747575000000001
2025-01-20 00:00:00+00:00,0.00023883950000000008
2025-01-21 00:00:00+00:00,0.0002442635000000001
2025-01-22 00:00:00+00:00,0.0002761580000000001
2025-01-23 00:00:00+00:00,0.00025828400000000006
2025-01-24 00:00:00+00:00,0.00024446700000000006
2025-01-25 00:00:00+00:00,0.00020046250000000005
2025-01-26 00:00:00+00:00,0.00020513550000000004
2025-01-27 00:00:00+00:00,3.001e-05
2025-01-28 00:00:00+00:00,0.00018329700000000004
2025-01-29 00:00:00+00:00,0.00014267500000000004
2025-01-30 00:00:00+00:00,0.0002090945
2025-01-31 00:00:00+00:00,0.0002585085000000001
2025-02-01 00:00:00+00:00,0.00022654000000000006
2025-02-02 00:00:00+00:00,6.91245e-05
2025-02-03 00:00:00+00:00,-0.0003728395
2025-02-04 00:00:00+00:00,-0.000258892
2025-02-05 00:00:00+00:00,-1.0500999999999988e-05
2025-02-06 00:00:00+00:00,-4.14645e-05
2025-02-07 00:00:00+00:00,-6.838949999999999e-05
2025-02-08 00:00:00+00:00,1.7272999999999995e-05
2025-02-09 00:00:00+00:00,1.4465000000000072e-06
2025-02-10 00:00:00+00:00,9.091250000000002e-05
2025-02-11 00:00:00+00:00,9.35365e-05
2025-02-12 00:00:00+00:00,-2.3071499999999998e-05
2025-02-13 00:00:00+00:00,7.742250000000001e-05
2025-02-14 00:00:00+00:00,6.784750000000002e-05
2025-02-15 00:00:00+00:00,2.4162500000000008e-05
2025-02-16 00:00:00+00:00,-9.97175e-05
2025-02-17 00:00:00+00:00,1.6146000000000004e-05
2025-02-18 00:00:00+00:00,-5.8116500000000005e-05
2025-02-19 00:00:00+00:00,5.2819e-05
2025-02-20 00:00:00+00:00,0.00010268950000000003
2025-02-21 00:00:00+00:00,0.00011509200000000002
2025-02-22 00:00:00+00:00,-0.00010574699999999999
2025-02-23 00:00:00+00:00,9.481850000000001e-05
2025-02-24 00:00:00+00:00,-0.000121501
2025-02-25 00:00:00+00:00,-9.12875e-05
2025-02-26 00:00:00+00:00,-5.489749999999999e-05
2025-02-27 00:00:00+00:00,0.00017526800000000004
2025-02-28 00:00:00+00:00,-2.8955500000000004e-05
2025-03-01 00:00:00+00:00,0.000103381
2025-03-02 00:00:00+00:00,3.75115e-05
2025-03-03 00:00:00+00:00,8.509350000000003e-05
2025-03-04 00:00:00+00:00,-0.00023551599999999999
2025-03-05 00:00:00+00:00,-9.364800000000001e-05
2025-03-06 00:00:00+00:00,3.831000000000006e-06
2025-03-07 00:00:00+00:00,-5.97849999999999e-06
2025-03-08 00:00:00+00:00,2.4492000000000002e-05
2025-03-09 00:00:00+00:00,-0.0001038725
2025-03-10 00:00:00+00:00,-0.0002546735
2025-03-11 00:00:00+00:00,-0.00010187350000000003
2025-03-12 00:00:00+00:00,-0.0001065355
2025-03-13 00:00:00+00:00,3.4485000000000006e-05
2025-03-14 00:00:00+00:00,-1.2608999999999999e-05
2025-03-15 00:00:00+00:00,-0.00018665100000000003
2025-03-16 00:00:00+00:00,-0.00020485799999999998
2025-03-17 00:00:00+00:00,-4.87395e-05
2025-03-18 00:00:00+00:00,-2.4105e-06
2025-03-19 00:00:00+00:00,8.730800000000001e-05
2025-03-20 00:00:00+00:00,5.675899999999999e-05
2025-03-21 00:00:00+00:00,-3.3754500000000004e-05
2025-03-22 00:00:00+00:00,-7.0402e-05
2025-03-23 00:00:00+00:00,5.481499999999995e-06
2025-03-24 00:00:00+00:00,9.134250000000003e-05
2025-03-25 00:00:00+00:00,0.00013095400000000002
2025-03-26 00:00:00+00:00,9.367300000000001e-05
2025-03-27 00:00:00+00:00,8.794000000000002e-05
2025-03-28 00:00:00+00:00,-9.830449999999998e-05
2025-03-29 00:00:00+00:00,-0.00010628500000000002
2025-03-30 00:00:00+00:00,-0.00025962599999999994
2025-03-31 00:00:00+00:00,-0.00013021599999999995
2025-04-01 00:00:00+00:00,-2.6143000000000004e-05
2025-04-02 00:00:00+00:00,4.331699999999999e-05
2025-04-03 00:00:00+00:00,-8.270750000000001e-05
2025-04-04 00:00:00+00:00,-1.5529499999999987e-05
2025-04-05 00:00:00+00:00,0.00010955000000000003
2025-04-06 00:00:00+00:00,-7.05005e-05
2025-04-07 00:00:00+00:00,-0.000141921
2025-04-08 00:00:00+00:00,-0.00016940850000000002
2025-04-09 00:00:00+00:00,-0.00010702349999999999
2025-04-10 00:00:00+00:00,5.4493500000000016e-05
2025-04-11 00:00:00+00:00,-7.550000000000021e-07
2025-04-12 00:00:00+00:00,-1.6254500000000012e-05
2025-04-13 00:00:00+00:00,7.663750000000001e-05
2025-04-14 00:00:00+00:00,-0.00011406499999999999
2025-04-15 00:00:00+00:00,-0.00013981250000000002
2025-04-16 00:00:00+00:00,-0.0001446925
2025-04-17 00:00:00+00:00,2.1723000000000002e-05
2025-04-18 00:00:00+00:00,-9.673499999999995e-06
2025-04-19 00:00:00+00:00,1.4172999999999998e-05
2025-04-20 00:00:00+00:00,6.187100000000002e-05
2025-04-21 00:00:00+00:00,9.942250000000002e-05
2025-04-22 00:00:00+00:00,-0.00012654949999999998
2025-04-23 00:00:00+00:00,0.00017697650000000006
2025-04-24 00:00:00+00:00,0.00020999950000000006
2025-04-25 00:00:00+00:00,8.95335e-05
2025-04-26 00:00:00+00:00,6.0965e-05
2025-04-27 00:00:00+00:00,-8.811099999999998e-05
2025-04-28 00:00:00+00:00,-3.9402999999999975e-05
2025-04-29 00:00:00+00:00,9.917800000000002e-05
2025-04-30 00:00:00+00:00,-0.000115857
2025-05-01 00:00:00+00:00,7.842e-05
2025-05-02 00:00:00+00:00,8.15105e-05
2025-05-03 00:00:00+00:00,8.292500000000002e-06
2025-05-04 00:00:00+00:00,-0.00019945949999999998
2025-05-05 00:00:00+00:00,-0.00015643499999999996
2025-05-06 00:00:00+00:00,-0.00014392900000000002
2025-05-07 00:00:00+00:00,-1.772099999999999e-05
2025-05-08 00:00:00+00:00,0.00020545950000000002
2025-05-09 00:00:00+00:00,0.0002584830000000001
2025-05-10 00:00:00+00:00,0.0002608955000000001
2025-05-11 00:00:00+00:00,0.00020162900000000004
2025-05-12 00:00:00+00:00,0.00021775550000000004
2025-05-13 00:00:00+00:00,0.00021218150000000004
2025-05-14 00:00:00+00:00,0.00021473300000000005
2025-05-15 00:00:00+00:00,9.605150000000001e-05
2025-05-16 00:00:00+00:00,0.00011414900000000001
2025-05-17 00:00:00+00:00,3.3958e-05
2025-05-18 00:00:00+00:00,5.3607000000000004e-05
2025-05-19 00:00:00+00:00,-5.4993000000000014e-05
2025-05-20 00:00:00+00:00,0.000139905
2025-05-21 00:00:00+00:00,0.0001921795
2025-05-22 00:00:00+00:00,0.0002566320000000001
2025-05-23 00:00:00+00:00,0.00025378550000000003
2025-05-24 00:00:00+00:00,6.986e-05
2025-05-25 00:00:00+00:00,-2.40499999999992e-07
2025-05-26 00:00:00+00:00,0.00010257700000000002
2025-05-27 00:00:00+00:00,0.00012966350000000003
2025-05-28 00:00:00+00:00,0.00011816900000000001
2025-05-29 00:00:00+00:00,0.00013145350000000002
2025-05-30 00:00:00+00:00,-9.45025e-05
2025-05-31 00:00:00+00:00,-0.000133049
2025-06-01 00:00:00+00:00,-3.75375e-05
2025-06-02 00:00:00+00:00,9.815000000000003e-05
2025-06-03 00:00:00+00:00,0.00020449250000000003
2025-06-04 00:00:00+00:00,0.00014549900000000002
2025-06-05 00:00:00+00:00,4.2516e-05
2025-06-06 00:00:00+00:00,-0.000247881
2025-06-07 00:00:00+00:00,9.7331e-05
2025-06-08 00:00:00+00:00,0.00012741700000000003
2025-06-09 00:00:00+00:00,9.441450000000003e-05
2025-06-10 00:00:00+00:00,0.00023121350000000006
2025-06-11 00:00:00+00:00,0.00025286450000000006
2025-06-12 00:00:00+00:00,8.296550000000001e-05
2025-06-13 00:00:00+00:00,-0.00021490099999999995
2025-06-14 00:00:00+00:00,-2.963499999999998e-06
2025-06-15 00:00:00+00:00,-2.429e-05
2025-06-16 00:00:00+00:00,0.00010790749999999999
2025-06-17 00:00:00+00:00,0.00014560550000000002
2025-06-18 00:00:00+00:00,-2.863149999999998e-05
2025-06-19 00:00:00+00:00,4.50785e-05
2025-06-20 00:00:00+00:00,8.54095e-05
2025-06-21 00:00:00+00:00,-0.0001124645
2025-06-22 00:00:00+00:00,-0.00011417449999999999
2025-06-23 00:00:00+00:00,-0.00016351099999999997
2025-06-24 00:00:00+00:00,1.0066000000000012e-05
2025-06-25 00:00:00+00:00,6.3464e-05
2025-06-26 00:00:00+00:00,2.765500000000001e-05
2025-06-27 00:00:00+00:00,-7.517100000000002e-05
2025-06-28 00:00:00+00:00,3.0443e-05
2025-06-29 00:00:00+00:00,4.6793000000000024e-05
2025-06-30 00:00:00+00:00,7.370350000000002e-05
2025-07-01 00:00:00+00:00,-3.3189999999999863e-06
2025-07-02 00:00:00+00:00,-4.795499999999978e-06
2025-07-03 00:00:00+00:00,0.00019880650000000006
2025-07-04 00:00:00+00:00,8.251400000000003e-05
2025-07-05 00:00:00+00:00,-0.00017802600000000002
2025-07-06 00:00:00+00:00,-4.65945e-05
2025-07-07 00:00:00+00:00,0.00016336850000000003
2025-07-08 00:00:00+00:00,3.569450000000001e-05
2025-07-09 00:00:00+00:00,0.00015153
2025-07-10 00:00:00+00:00,0.00018919450000000007
2025-07-11 00:00:00+00:00,0.00026696350000000006
2025-07-12 00:00:00+00:00,0.00024168850000000006
2025-07-13 00:00:00+00:00,0.00018819400000000003
2025-07-14 00:00:00+00:00,0.00023747000000000007
2025-07-15 00:00:00+00:00,0.00021994400000000005
2025-07-16 00:00:00+00:00,0.0002446825000000001
2025-07-17 00:00:00+00:00,0.0002736335000000001
2025-07-18 00:00:00+00:00,0.00032814400000000005
2025-07-19 00:00:00+00:00,0.0002835985000000001
2025-07-20 00:00:00+00:00,0.0002752605000000001
2025-07-21 00:00:00+00:00,0.00029461800000000007
2025-07-22 00:00:00+00:00,0.0002903260000000001
2025-07-23 00:00:00+00:00,0.00032999350000000006
2025-07-24 00:00:00+00:00,0.0002535320000000001
2025-07-25 00:00:00+00:00,0.0002579165000000001
2025-07-26 00:00:00+00:00,0.00029117450000000006
2025-07-27 00:00:00+00:00,0.00028424000000000006
2025-07-28 00:00:00+00:00,0.0002962510000000001
2025-07-29 00:00:00+00:00,0.00016724200000000004
2025-07-30 00:00:00+00:00,0.00016000400000000002
2025-07-31 00:00:00+00:00,0.0001350775
2025-08-01 00:00:00+00:00,6.372650000000001e-05
2025-08-02 00:00:00+00:00,0.00017866600000000001
2025-08-03 00:00:00+00:00,7.935200000000001e-05
2025-08-04 00:00:00+00:00,7.782450000000001e-05
2025-08-05 00:00:00+00:00,0.00017365850000000005
2025-08-06 00:00:00+00:00,0.00015437650000000002
2025-08-07 00:00:00+00:00,0.00021444950000000003
2025-08-08 00:00:00+00:00,0.00019734800000000005
2025-08-09 00:00:00+00:00,0.0002485635000000001
2025-08-10 00:00:00+00:00,0.00023256350000000004
2025-08-11 00:00:00+00:00,0.00022816650000000009
2025-08-12 00:00:00+00:00,0.00014181600000000004
2025-08-13 00:00:00+00:00,0.0003019865000000001
2025-08-14 00:00:00+00:00,0.00028594250000000003
2025-08-15 00:00:00+00:00,9.588950000000001e-05
2025-08-16 00:00:00+00:00,0.00015437100000000002
2025-08-17 00:00:00+00:00,0.00018622950000000003
2025-08-18 00:00:00+00:00,5.445450000000002e-05
2025-08-19 00:00:00+00:00,0.00012698
2025-08-20 00:00:00+00:00,3.1096500000000016e-05
2025-08-21 00:00:00+00:00,0.00013096850000000003
2025-08-22 00:00:00+00:00,0.00019085300000000002
2025-08-23 00:00:00+00:00,0.00031086450000000006
2025-08-24 00:00:00+00:00,0.0002830300000000001
2025-08-25 00:00:00+00:00,0.00010432250000000004
2025-08-26 00:00:00+00:00,7.256500000000011e-06
2025-08-27 00:00:00+00:00,0.00017414000000000004
2025-08-28 00:00:00+00:00,0.00021488150000000005
2025-08-29 00:00:00+00:00,0.00013348150000000003
2025-08-30 00:00:00+00:00,0.00011602600000000003
2025-08-31 00:00:00+00:00,0.00016528050000000002
2025-09-01 00:00:00+00:00,0.00014095600000000002
2025-09-02 00:00:00+00:00,0.00014958200000000005
2025-09-03 00:00:00+00:00,0.00017794850000000005
2025-09-04 00:00:00+00:00,0.0001022165
2025-09-05 00:00:00+00:00,9.80745e-05
2025-09-06 00:00:00+00:00,0.00013296950000000004
2025-09-07 00:00:00+00:00,8.754550000000002e-05
2025-09-08 00:00:00+00:00,0.00017466200000000004
2025-09-09 00:00:00+00:00,0.00020732500000000004
2025-09-10 00:00:00+00:00,0.0001849145
2025-09-11 00:00:00+00:00,0.00022199550000000007
2025-09-12 00:00:00+00:00,0.00021994300000000006
2025-09-13 00:00:00+00:00,0.00027307800000000006
2025-09-14 00:00:00+00:00,0.00019277800000000006
2025-09-15 00:00:00+00:00,6.070200000000001e-05
2025-09-16 00:00:00+00:00,8.1599e-05
2025-09-17 00:00:00+00:00,7.248550000000002e-05
2025-09-18 00:00:00+00:00,0.0002492305000000001
2025-09-19 00:00:00+00:00,0.00022693150000000002
2025-09-20 00:00:00+00:00,4.8172000000000006e-05
2025-09-21 00:00:00+00:00,0.00011520800000000003
2025-09-22 00:00:00+00:00,-9.547499999999999e-05
2025-09-23 00:00:00+00:00,-2.333e-05
2025-09-24 00:00:00+00:00,0.00015154050000000004
2025-09-25 00:00:00+00:00,4.850500000000001e-05
2025-09-26 00:00:00+00:00,0.0001207925
2025-09-27 00:00:00+00:00,0.00016111650000000003
2025-09-28 00:00:00+00:00,0.0001262365
2025-09-29 00:00:00+00:00,0.00014007100000000002
2025-09-30 00:00:00+00:00,0.00011844350000000001
2025-10-01 00:00:00+00:00,0.00022099450000000005
2025-10-02 00:00:00+00:00,0.00018309850000000004
2025-10-03 00:00:00+00:00,0.00023367150000000005
2025-10-04 00:00:00+00:00,0.00018340300000000003
2025-10-05 00:00:00+00:00,0.00020516950000000006
2025-10-06 00:00:00+00:00,0.00017205450000000005
2025-10-07 00:00:00+00:00,0.00023150600000000006
2025-10-08 00:00:00+00:00,8.861250000000003e-05
2025-10-09 00:00:00+00:00,0.00019438700000000002
2025-10-10 00:00:00+00:00,0.00018778950000000004
2025-10-11 00:00:00+00:00,-0.0011574265000000002
2025-10-12 00:00:00+00:00,-0.000836151
2025-10-13 00:00:00+00:00,-0.00026494400000000003
2025-10-14 00:00:00+00:00,-0.000193972
2025-10-15 00:00:00+00:00,-4.3562499999999995e-05
2025-10-16 00:00:00+00:00,-0.000122586
2025-10-17 00:00:00+00:00,-0.00015628350000000002
2025-10-18 00:00:00+00:00,-0.000163024
2025-10-19 00:00:00+00:00,-7.971149999999999e-05
2025-10-20 00:00:00+00:00,-0.00010686949999999999
2025-10-21 00:00:00+00:00,-5.6445999999999995e-05
2025-10-22 00:00:00+00:00,-7.279700000000001e-05
2025-10-23 00:00:00+00:00,-2.620899999999999e-05
2025-10-24 00:00:00+00:00,-5.138999999999999e-06
2025-10-25 00:00:00+00:00,-3.8854e-05
2025-10-26 00:00:00+00:00,-1.2744499999999986e-05
2025-10-27 00:00:00+00:00,3.8040500000000016e-05
2025-10-28 00:00:00+00:00,-6.3028e-05
2025-10-29 00:00:00+00:00,-0.000191859
2025-10-30 00:00:00+00:00,-0.00024053250000000001
2025-10-31 00:00:00+00:00,-0.0004155395
2025-11-01 00:00:00+00:00,-1.0699500000000001e-05
2025-11-02 00:00:00+00:00,1.4998000000000021e-05
2025-11-03 00:00:00+00:00,-0.000321734
2025-11-04 00:00:00+00:00,-0.00027182000000000004
2025-11-05 00:00:00+00:00,-8.313699999999996e-05
2025-11-06 00:00:00+00:00,-0.0001576835
2025-11-07 00:00:00+00:00,-0.0005500205000000001
2025-11-08 00:00:00+00:00,0.00017862300000000004
2025-11-09 00:00:00+00:00,1.7877e-05
2025-11-10 00:00:00+00:00,1.4974999999999986e-05
2025-11-11 00:00:00+00:00,3.60285e-05
2025-11-12 00:00:00+00:00,6.977500000000006e-06
2025-11-13 00:00:00+00:00,-1.0212999999999992e-05
2025-11-14 00:00:00+00:00,-3.449249999999998e-05
2025-11-15 00:00:00+00:00,1.5459999999999998e-05
2025-11-16 00:00:00+00:00,5.875500000000008e-06
2025-11-17 00:00:00+00:00,0.00013017700000000004
2025-11-18 00:00:00+00:00,8.034000000000002e-05
2025-11-19 00:00:00+00:00,6.840350000000001e-05
2025-11-20 00:00:00+00:00,0.00018585500000000004
2025-11-21 00:00:00+00:00,-7.537700000000001e-05
2025-11-22 00:00:00+00:00,-2.347250000000001e-05
2025-11-23 00:00:00+00:00,-0.0001174375
2025-11-24 00:00:00+00:00,-3.741549999999999e-05
2025-11-25 00:00:00+00:00,-0.00011084550000000002
2025-11-26 00:00:00+00:00,3.5077500000000004e-05
2025-11-27 00:00:00+00:00,4.5464500000000005e-05
2025-11-28 00:00:00+00:00,-4.882899999999999e-05
2025-11-29 00:00:00+00:00,-5.8318999999999995e-05
2025-11-30 00:00:00+00:00,-4.6398e-05
2025-12-01 00:00:00+00:00,-0.00018898149999999997
2025-12-02 00:00:00+00:00,-5.9972499999999995e-05
2025-12-03 00:00:00+00:00,0.00014648300000000004
2025-12-04 00:00:00+00:00,0.00012837550000000002
2025-12-05 00:00:00+00:00,-7.437499999999998e-06
2025-12-06 00:00:00+00:00,-0.0003138895
2025-12-07 00:00:00+00:00,-0.0001128535
2025-12-08 00:00:00+00:00,1.5241000000000012e-05
2025-12-09 00:00:00+00:00,4.3491e-05
2025-12-10 00:00:00+00:00,-3.879849999999997e-05
2025-12-11 00:00:00+00:00,-0.00018169549999999998
2025-12-12 00:00:00+00:00,-8.910299999999999e-05
2025-12-13 00:00:00+00:00,-9.5566e-05
2025-12-14 00:00:00+00:00,-8.1894e-05
2025-12-15 00:00:00+00:00,-0.00012783349999999997
2025-12-16 00:00:00+00:00,-0.000132567
2025-12-17 00:00:00+00:00,1.6019499999999998e-05
2025-12-18 00:00:00+00:00,-0.00016843050000000002
2025-12-19 00:00:00+00:00,-5.509499999999992e-06
2025-12-20 00:00:00+00:00,0.00014232800000000002
2025-12-21 00:00:00+00:00,-4.7217e-05
2025-12-22 00:00:00+00:00,7.443499999999997e-06
2025-12-23 00:00:00+00:00,-0.0001382615
2025-12-24 00:00:00+00:00,-2.7469499999999992e-05
2025-12-25 00:00:00+00:00,0.00014767050000000004
2025-12-26 00:00:00+00:00,5.6660500000000004e-05
2025-12-27 00:00:00+00:00,0.00012697900000000005
2025-12-28 00:00:00+00:00,0.00020594150000000005
2025-12-29 00:00:00+00:00,4.144050000000001e-05
2025-12-30 00:00:00+00:00,5.8499000000000024e-05
2025-12-31 00:00:00+00:00,2.4034000000000004e-05
2026-01-01 00:00:00+00:00,-1.9868000000000004e-05
2026-01-02 00:00:00+00:00,0.00012844400000000002
2026-01-03 00:00:00+00:00,0.00014873350000000002
2026-01-04 00:00:00+00:00,0.00010061450000000002
2026-01-05 00:00:00+00:00,9.680200000000003e-05
2026-01-06 00:00:00+00:00,0.00012206500000000003
2026-01-07 00:00:00+00:00,0.00011406950000000003
2026-01-08 00:00:00+00:00,0.0001640915
2026-01-09 00:00:00+00:00,0.000117534
2026-01-10 00:00:00+00:00,0.000142306
2026-01-11 00:00:00+00:00,0.0001243545
2026-01-12 00:00:00+00:00,-4.735199999999999e-05
2026-01-13 00:00:00+00:00,0.00012786450000000003
2026-01-14 00:00:00+00:00,0.00019063050000000004
2026-01-15 00:00:00+00:00,6.63215e-05
2026-01-16 00:00:00+00:00,-7.857149999999998e-05
2026-01-17 00:00:00+00:00,0.000126297
2026-01-18 00:00:00+00:00,2.2123000000000005e-05
2026-01-19 00:00:00+00:00,-0.00013873500000000002
2026-01-20 00:00:00+00:00,6.53075e-05
2026-01-21 00:00:00+00:00,-2.691999999999995e-06
2026-01-22 00:00:00+00:00,5.0270000000000046e-06
2026-01-23 00:00:00+00:00,6.86500000000001e-07
2026-01-24 00:00:00+00:00,-3.3785e-05
2026-01-25 00:00:00+00:00,-3.5136e-05
2026-01-26 00:00:00+00:00,-4.342999999999999e-06
2026-01-27 00:00:00+00:00,1.9328000000000016e-05
2026-01-28 00:00:00+00:00,2.2832500000000012e-05
2026-01-29 00:00:00+00:00,-0.00011660699999999999
2026-01-30 00:00:00+00:00,-0.000135862
2026-01-31 00:00:00+00:00,-0.000166438
2026-02-01 00:00:00+00:00,-0.00032221500000000004
2026-02-02 00:00:00+00:00,-0.00024939000000000005
2026-02-03 00:00:00+00:00,-0.000105427
2026-02-04 00:00:00+00:00,6.220499999999999e-06
2026-02-05 00:00:00+00:00,-0.00010821050000000002
2026-02-06 00:00:00+00:00,-0.00043437
2026-02-07 00:00:00+00:00,-1.2824500000000006e-05
2026-02-08 00:00:00+00:00,-0.0001495995
2026-02-09 00:00:00+00:00,-0.00011588399999999999
2026-02-10 00:00:00+00:00,-0.00019036350000000004
2026-02-11 00:00:00+00:00,-0.0001533275
2026-02-12 00:00:00+00:00,-3.6702499999999996e-05
2026-02-13 00:00:00+00:00,1.5442000000000002e-05
2026-02-14 00:00:00+00:00,8.090900000000001e-05
2026-02-15 00:00:00+00:00,-2.8505999999999994e-05
2026-02-16 00:00:00+00:00,-0.0001113655
2026-02-17 00:00:00+00:00,-2.849499999999997e-06
2026-02-18 00:00:00+00:00,-4.32875e-05
2026-02-19 00:00:00+00:00,-0.000142056
2026-02-20 00:00:00+00:00,-7.557899999999999e-05
2026-02-21 00:00:00+00:00,-7.4539999999999866e-06
2026-02-22 00:00:00+00:00,-0.00026773599999999997
2026-02-23 00:00:00+00:00,-0.0002558855
2026-02-24 00:00:00+00:00,-0.00013308200000000002
2026-02-25 00:00:00+00:00,1.8402000000000004e-05
2026-02-26 00:00:00+00:00,-0.000389059
2026-02-27 00:00:00+00:00,-0.00020721300000000004
2026-02-28 00:00:00+00:00,-0.00026094599999999996
2026-03-01 00:00:00+00:00,-0.00013918649999999997
2026-03-02 00:00:00+00:00,-0.0001794535
2026-03-03 00:00:00+00:00,-0.000244336
2026-03-04 00:00:00+00:00,-6.2734e-05
2026-03-05 00:00:00+00:00,-4.970400000000001e-05
2026-03-06 00:00:00+00:00,-9.5582e-05
2026-03-07 00:00:00+00:00,-0.0003223645
2026-03-08 00:00:00+00:00,-0.0003992805
2026-03-09 00:00:00+00:00,-0.000188528
2026-03-10 00:00:00+00:00,-0.00010369249999999999
2026-03-11 00:00:00+00:00,-0.0001816705
2026-03-12 00:00:00+00:00,-0.00010397149999999999
2026-03-13 00:00:00+00:00,0.00012048100000000003
2026-03-14 00:00:00+00:00,-0.0002861235
2026-03-15 00:00:00+00:00,-0.000519756
2026-03-16 00:00:00+00:00,2.8481500000000015e-05
2026-03-17 00:00:00+00:00,2.59555e-05
2026-03-18 00:00:00+00:00,-5.041000000000001e-06
2026-03-19 00:00:00+00:00,-3.29015e-05
2026-03-20 00:00:00+00:00,-4.639999999999999e-05
2026-03-21 00:00:00+00:00,8.168000000000005e-06
2026-03-22 00:00:00+00:00,-0.00021185300000000002
2026-03-23 00:00:00+00:00,-9.2498e-05
2026-03-24 00:00:00+00:00,-1.705e-05
2026-03-25 00:00:00+00:00,2.1260500000000008e-05
2026-03-26 00:00:00+00:00,-0.00010930099999999999
2026-03-27 00:00:00+00:00,-0.00022448250000000003
2026-03-28 00:00:00+00:00,-0.000250636
2026-03-29 00:00:00+00:00,-0.00027719200000000005
2026-03-30 00:00:00+00:00,-4.513649999999999e-05
2026-03-31 00:00:00+00:00,-3.2242999999999996e-05
2026-04-01 00:00:00+00:00,5.4562500000000005e-05
2026-04-02 00:00:00+00:00,-0.000248568
2026-04-03 00:00:00+00:00,-7.694999999999998e-06
2026-04-04 00:00:00+00:00,1.0368500000000006e-05
2026-04-05 00:00:00+00:00,-6.444549999999998e-05
2026-04-06 00:00:00+00:00,4.1585500000000004e-05
2026-04-07 00:00:00+00:00,-0.00020185099999999996
2026-04-08 00:00:00+00:00,0.00015296550000000003
2026-04-09 00:00:00+00:00,-7.9935e-05
2026-04-10 00:00:00+00:00,-2.53075e-05
2026-04-11 00:00:00+00:00,-0.000141364
2026-04-12 00:00:00+00:00,-0.00029198099999999997
2026-04-13 00:00:00+00:00,-0.00022606700000000004
2026-04-14 00:00:00+00:00,-9.562799999999993e-05
2026-04-15 00:00:00+00:00,-0.000228657
2026-04-16 00:00:00+00:00,9.069150000000001e-05
2026-04-17 00:00:00+00:00,0.00013921000000000002
2026-04-18 00:00:00+00:00,3.8344500000000005e-05
2026-04-19 00:00:00+00:00,-4.327299999999999e-05
2026-04-20 00:00:00+00:00,-1.2082500000000002e-05
2026-04-21 00:00:00+00:00,9.793100000000001e-05
2026-04-22 00:00:00+00:00,0.0001708235
2026-04-23 00:00:00+00:00,-4.09305e-05
2026-04-24 00:00:00+00:00,7.087400000000001e-05
2026-04-25 00:00:00+00:00,4.905700000000003e-05
2026-04-26 00:00:00+00:00,1.4269500000000013e-05
2026-04-27 00:00:00+00:00,-9.3383e-05
2026-04-28 00:00:00+00:00,2.8431000000000013e-05
2026-04-29 00:00:00+00:00,2.6786500000000012e-05
2026-04-30 00:00:00+00:00,-2.8307499999999996e-05
2026-05-01 00:00:00+00:00,5.1187e-05
2026-05-02 00:00:00+00:00,-1.2275500000000008e-05
2026-05-03 00:00:00+00:00,5.999300000000003e-05
2026-05-04 00:00:00+00:00,0.00013843400000000002
2026-05-05 00:00:00+00:00,0.00014175250000000004
2026-05-06 00:00:00+00:00,0.000141738
2026-05-07 00:00:00+00:00,9.253550000000002e-05
2026-05-08 00:00:00+00:00,0.00010572500000000002
2026-05-09 00:00:00+00:00,0.000174138
2026-05-10 00:00:00+00:00,7.115800000000001e-05
2026-05-11 00:00:00+00:00,9.822550000000002e-05
2026-05-12 00:00:00+00:00,4.8578e-05
2026-05-13 00:00:00+00:00,2.8088500000000014e-05
2026-05-14 00:00:00+00:00,4.744300000000001e-05
2026-05-15 00:00:00+00:00,-4.6592499999999985e-05
2026-05-16 00:00:00+00:00,-7.367e-05
2026-05-17 00:00:00+00:00,4.4174499999999995e-05
2026-05-18 00:00:00+00:00,-6.6504e-05
2026-05-19 00:00:00+00:00,2.6797999999999997e-05
2026-05-20 00:00:00+00:00,5.5255500000000007e-05
2026-05-21 00:00:00+00:00,5.4056e-05
2026-05-22 00:00:00+00:00,0.0001185845
2026-05-23 00:00:00+00:00,-0.0001046475
2026-05-24 00:00:00+00:00,7.142500000000003e-06
2026-05-25 00:00:00+00:00,-9.256e-06
2026-05-26 00:00:00+00:00,4.1576500000000004e-05
2026-05-27 00:00:00+00:00,-2.5801999999999974e-05
2026-05-28 00:00:00+00:00,-0.0001625345
2026-05-29 00:00:00+00:00,-9.273e-06
2026-05-30 00:00:00+00:00,9.132000000000007e-06
2026-05-31 00:00:00+00:00,-2.137999999999992e-06
2026-06-01 00:00:00+00:00,-4.1547499999999995e-05
2026-06-02 00:00:00+00:00,-0.000133463
2026-06-03 00:00:00+00:00,-7.696600000000001e-05
2026-06-04 00:00:00+00:00,-0.0002710435
2026-06-05 00:00:00+00:00,-0.0003649355
2026-06-06 00:00:00+00:00,-0.0003590425
2026-06-07 00:00:00+00:00,-0.0002562495
2026-06-08 00:00:00+00:00,-0.000103015
2026-06-09 00:00:00+00:00,-0.00012907750000000002
2026-06-10 00:00:00+00:00,-4.908799999999999e-05
2026-06-11 00:00:00+00:00,-4.386100000000001e-05
2026-06-12 00:00:00+00:00,-0.000154237
2026-06-13 00:00:00+00:00,-3.87525e-05
2026-06-14 00:00:00+00:00,-0.000253383
2026-06-15 00:00:00+00:00,4.000500000000001e-05
2026-06-16 00:00:00+00:00,-2.5001999999999995e-05
2026-06-17 00:00:00+00:00,-2.293500000000001e-06
2026-06-18 00:00:00+00:00,-0.000145895
2026-06-19 00:00:00+00:00,-8.09255e-05
2026-06-20 00:00:00+00:00,-8.874649999999999e-05
2026-06-21 00:00:00+00:00,-5.5776500000000004e-05
2026-06-22 00:00:00+00:00,-3.3877499999999995e-05
2026-06-23 00:00:00+00:00,-8.564549999999999e-05
2026-06-24 00:00:00+00:00,-4.04325e-05
2026-06-25 00:00:00+00:00,-6.24025e-05
2026-06-26 00:00:00+00:00,1.6066499999999996e-05
2026-06-27 00:00:00+00:00,4.539950000000002e-05
2026-06-28 00:00:00+00:00,-5.715199999999999e-05
2026-06-29 00:00:00+00:00,3.716699999999999e-05
2026-06-30 00:00:00+00:00,-4.10405e-05
2026-07-01 00:00:00+00:00,6.098849999999999e-05
2026-07-02 00:00:00+00:00,2.5120500000000015e-05
2026-07-03 00:00:00+00:00,9.136550000000001e-05
2026-07-04 00:00:00+00:00,0.00019113450000000004
2026-07-05 00:00:00+00:00,0.00013906000000000001
2026-07-06 00:00:00+00:00,0.000123974
2026-07-07 00:00:00+00:00,7.230850000000002e-05
2026-07-08 00:00:00+00:00,-1.2839e-05
2026-07-09 00:00:00+00:00,0.0001255305
2026-07-10 00:00:00+00:00,0.00015347150000000003
2026-07-11 00:00:00+00:00,0.00011055250000000002
2026-07-12 00:00:00+00:00,-4.3933499999999995e-05
2026-07-13 00:00:00+00:00,-0.00011600849999999999
2026-07-14 00:00:00+00:00,-5.4130999999999994e-05
2026-07-15 00:00:00+00:00,0.00011878350000000003
2026-07-16 00:00:00+00:00,-1.1005499999999995e-05
2026-07-17 00:00:00+00:00,-1.88585e-05
2026-07-18 00:00:00+00:00,-3.097e-05
2026-07-19 00:00:00+00:00,-0.00022001250000000001
2026-07-20 00:00:00+00:00,-8.401100000000002e-05
2026-07-21 00:00:00+00:00,0.00017634600000000002
2026-07-22 00:00:00+00:00,8.0364e-05
2026-07-23 00:00:00+00:00,-8.33805e-05
2026-07-24 00:00:00+00:00,-2.8524999999999985e-05
2026-07-25 00:00:00+00:00,-4.326499999999995e-06
2026-07-26 00:00:00+00:00,6.882450000000001e-05
2026-07-27 00:00:00+00:00,6.9657e-05
2026-07-28 00:00:00+00:00,-0.00014882549999999998
2026-07-29 00:00:00+00:00,7.03825e-05
2026-07-30 00:00:00+00:00,6.0580500000000014e-05
2026-07-31 00:00:00+00:00,5.195950000000001e-05
2026-08-01 00:00:00+00:00,0.00010492450000000001
2026-08-02 00:00:00+00:00,0.00012272350000000002
2026-08-03 00:00:00+00:00,0.0001346985
2026-08-04 00:00:00+00:00,0.0001622785
2026-08-05 00:00:00+00:00,9.107400000000003e-05
2026-08-06 00:00:00+00:00,4.632100000000001e-05
2026-08-07 00:00:00+00:00,5.13275e-05
2026-08-08 00:00:00+00:00,0.00014015350000000002
2026-08-09 00:00:00+00:00,0.00017729000000000003
2026-08-10 00:00:00+00:00,0.00016196350000000003
2026-08-11 00:00:00+00:00,9.21165e-05
2026-08-12 00:00:00+00:00,7.880650000000001e-05
2026-08-13 00:00:00+00:00,4.317e-05
2026-08-14 00:00:00+00:00,-6.97885e-05
2026-08-15 00:00:00+00:00,6.5263e-05
2026-08-16 00:00:00+00:00,4.140000000000004e-06
2026-08-17 00:00:00+00:00,6.758499999999995e-06
2026-08-18 00:00:00+00:00,-2.3017e-05
2026-08-19 00:00:00+00:00,0.00013808800000000002
2026-08-20 00:00:00+00:00,0.0002472675000000001
2026-08-21 00:00:00+00:00,0.00028955550000000005
2026-08-22 00:00:00+00:00,0.000320567
2026-08-23 00:00:00+00:00,0.0002913870000000001
2026-08-24 00:00:00+00:00,0.0002770065000000001
2026-08-25 00:00:00+00:00,0.00023372450000000005
2026-08-26 00:00:00+00:00,0.00016706750000000003
2026-08-27 00:00:00+00:00,0.00017948650000000006
2026-08-28 00:00:00+00:00,0.00010126650000000001
2026-08-29 00:00:00+00:00,8.0086e-05
2026-08-30 00:00:00+00:00,9.8263e-05
2026-08-31 00:00:00+00:00,4.9095000000000036e-06
2026-09-01 00:00:00+00:00,9.312500000000016e-06
2026-09-02 00:00:00+00:00,7.526000000000016e-06
2026-09-03 00:00:00+00:00,0.00016597349999999999
2026-09-04 00:00:00+00:00,0.00012534450000000003
2026-09-05 00:00:00+00:00,0.00014445600000000003
2026-09-06 00:00:00+00:00,0.00018325700000000004
2026-09-07 00:00:00+00:00,0.000167903
2026-09-08 00:00:00+00:00,0.00016899
2026-09-09 00:00:00+00:00,0.00010992650000000003
2026-09-10 00:00:00+00:00,5.7894999999999994e-05
2026-09-11 00:00:00+00:00,-3.6500499999999994e-05
2026-09-12 00:00:00+00:00,7.3889e-05
2026-09-13 00:00:00+00:00,5.179650000000001e-05
2026-09-14 00:00:00+00:00,7.676850000000002e-05
2026-09-15 00:00:00+00:00,4.608999999999999e-06
2026-09-16 00:00:00+00:00,-6.156799999999999e-05
2026-09-17 00:00:00+00:00,0.0001008355
2026-09-18 00:00:00+00:00,0.00024971650000000004
2026-09-19 00:00:00+00:00,0.00018198450000000006
