symbol,n,mean_pct,neg_pct,min_pct,max_pct,worst_run_neg,ann_pct_at_vip0
LTC_USDT,7336,0.01353,13.71,-0.4875,0.38064,18,14.81
XRP_USDT,7345,0.01335,20.34,-0.5025,0.48789,28,14.61
AAVE_USDT,6493,0.01304,15.09,-0.75,0.52981,21,14.27
UNI_USDT,6580,0.01286,11.22,-0.75,0.41195,12,14.08
XLM_USDT,7305,0.01271,24.28,-0.4875,0.38336,29,13.92
ETH_USDT,7465,0.0126,13.7,-0.35633,0.375,25,13.8
LINK_USDT,7312,0.01257,12.96,-0.4875,0.4444,19,13.77
ALGO_USDT,6921,0.01251,16.28,-0.75,0.41024,21,13.7
ADA_USDT,7305,0.01232,19.88,-0.4875,0.39664,25,13.49
NEO_USDT,7219,0.0121,16.43,-0.76099,0.4659,27,13.25
BTC_USDT,7699,0.01056,14.21,-0.3,0.3,24,11.57
ETC_USDT,7315,0.01002,21.9,-0.5025,0.48481,55,10.98
ATOM_USDT,7251,0.00882,34.52,-0.75,0.75,98,9.66
DOT_USDT,6664,0.00711,33.87,-0.33102,0.37992,135,7.78
AVAX_USDT,6564,0.00626,28.73,-0.75,0.51847,48,6.86
FIL_USDT,6493,0.00576,18.51,-0.75,0.41895,64,6.3
BCH_USDT,7398,0.00472,36.28,-0.5025,0.30794,90,5.16
TRX_USDT,7318,0.00292,35.39,-0.4875,0.37846,103,3.19
SOL_USDT,6666,0.00017,28.71,-2.0,0.33247,53,0.19
BNB_USDT,7240,-5e-05,24.01,-0.58437,0.4419,46,-0.06
