universe,rebal,turnover,years,sigma_cs_%,portfolio_vol_%,observations,edge_needed_%,cost_%,headroom,IC_needed,verdict
5,1d,1,3,2.18,1.442099247624795,1095.0,0.07168488473909984,0.16,0.44803052961937395,0.009368368846428271,cost-bound
5,1d,3,3,2.18,1.442099247624795,1095.0,0.07168488473909984,0.48000000000000004,0.14934350987312464,0.009368368846428271,cost-bound
5,1d,10,3,2.18,1.442099247624795,1095.0,0.07168488473909984,1.6,0.0448030529619374,0.009368368846428271,cost-bound
5,7d,1,3,6.29,4.160919388788972,156.42857142857144,0.5472310900223398,0.16,3.420194312639624,0.024786374157974262,VIABLE
5,7d,3,3,6.29,4.160919388788972,156.42857142857144,0.5472310900223398,0.48000000000000004,1.1400647708798746,0.024786374157974262,VIABLE
5,7d,10,3,6.29,4.160919388788972,156.42857142857144,0.5472310900223398,1.6,0.3420194312639624,0.024786374157974262,cost-bound
5,14d,1,3,9.65,6.383604467696914,78.21428571428572,1.1873053612681115,0.16,7.420658507925696,0.035053226496261206,VIABLE
5,14d,3,3,9.65,6.383604467696914,78.21428571428572,1.1873053612681115,0.48000000000000004,2.473552835975232,0.035053226496261206,VIABLE
5,14d,10,3,9.65,6.383604467696914,78.21428571428572,1.1873053612681115,1.6,0.7420658507925696,0.035053226496261206,cost-bound
5,30d,1,3,15.260000000000002,10.094694733373565,36.5,2.7484399882633976,0.16,17.177749926646236,0.05131266944217416,VIABLE
5,30d,3,3,15.260000000000002,10.094694733373565,36.5,2.7484399882633976,0.48000000000000004,5.725916642215411,0.05131266944217416,VIABLE
5,30d,10,3,15.260000000000002,10.094694733373565,36.5,2.7484399882633976,1.6,1.7177749926646235,0.05131266944217416,VIABLE
20,1d,1,3,2.18,1.2563875437141203,1095.0,0.06245339660715245,0.16,0.3903337287947028,0.008161922241453312,cost-bound
20,1d,3,3,2.18,1.2563875437141203,1095.0,0.06245339660715245,0.48000000000000004,0.1301112429315676,0.008161922241453312,cost-bound
20,1d,10,3,2.18,1.2563875437141203,1095.0,0.06245339660715245,1.6,0.03903337287947028,0.008161922241453312,cost-bound
20,7d,1,3,6.29,3.625081490808172,156.42857142857144,0.47675936740801256,0.16,2.9797460463000784,0.021594416471132336,VIABLE
20,7d,3,3,6.29,3.625081490808172,156.42857142857144,0.47675936740801256,0.48000000000000004,0.993248682100026,0.021594416471132336,cost-bound
20,7d,10,3,6.29,3.625081490808172,156.42857142857144,0.47675936740801256,1.6,0.29797460463000786,0.021594416471132336,cost-bound
20,14d,1,3,9.65,5.56153201689966,78.21428571428572,1.0344056894413989,0.16,6.465035559008742,0.030539116645008305,VIABLE
20,14d,3,3,9.65,5.56153201689966,78.21428571428572,1.0344056894413989,0.48000000000000004,2.155011853002914,0.030539116645008305,VIABLE
20,14d,10,3,9.65,5.56153201689966,78.21428571428572,1.0344056894413989,1.6,0.6465035559008743,0.030539116645008305,cost-bound
20,30d,1,3,15.260000000000002,8.794712805998842,36.5,2.3944993880187804,0.16,14.965621175117375,0.044704689242471056,VIABLE
20,30d,3,3,15.260000000000002,8.794712805998842,36.5,2.3944993880187804,0.48000000000000004,4.988540391705792,0.044704689242471056,VIABLE
20,30d,10,3,15.260000000000002,8.794712805998842,36.5,2.3944993880187804,1.6,1.4965621175117376,0.044704689242471056,VIABLE
50,1d,1,3,2.18,1.2158460198561327,1095.0,0.0604381299951672,0.16,0.37773831246979495,0.007898550667185134,cost-bound
50,1d,3,3,2.18,1.2158460198561327,1095.0,0.0604381299951672,0.48000000000000004,0.125912770823265,0.007898550667185134,cost-bound
50,1d,10,3,2.18,1.2158460198561327,1095.0,0.0604381299951672,1.6,0.0377738312469795,0.007898550667185134,cost-bound
50,7d,1,3,6.29,3.508106176557374,156.42857142857144,0.4613751403317459,0.16,2.883594627073412,0.02089760078321516,VIABLE
50,7d,3,3,6.29,3.508106176557374,156.42857142857144,0.4613751403317459,0.48000000000000004,0.9611982090244706,0.02089760078321516,cost-bound
50,7d,10,3,6.29,3.508106176557374,156.42857142857144,0.4613751403317459,1.6,0.2883594627073412,0.02089760078321516,cost-bound
50,14d,1,3,9.65,5.382070684225542,78.21428571428572,1.0010271486025153,0.16,6.256419678765719,0.029553670448681495,VIABLE
50,14d,3,3,9.65,5.382070684225542,78.21428571428572,1.0010271486025153,0.48000000000000004,2.08547322625524,0.029553670448681495,VIABLE
50,14d,10,3,9.65,5.382070684225542,78.21428571428572,1.0010271486025153,1.6,0.625641967876572,0.029553670448681495,cost-bound
50,30d,1,3,15.260000000000002,8.510922138992932,36.5,2.3172328992247877,0.16,14.482705620154922,0.04326214372014778,VIABLE
50,30d,3,3,15.260000000000002,8.510922138992932,36.5,2.3172328992247877,0.48000000000000004,4.82756854005164,0.04326214372014778,VIABLE
50,30d,10,3,15.260000000000002,8.510922138992932,36.5,2.3172328992247877,1.6,1.4482705620154923,0.04326214372014778,VIABLE
100,1d,1,3,2.18,1.202028357402603,1095.0,0.05975127190133177,0.16,0.3734454493833235,0.007808786416442115,cost-bound
100,1d,3,3,2.18,1.202028357402603,1095.0,0.05975127190133177,0.48000000000000004,0.12448181646110783,0.007808786416442115,cost-bound
100,1d,10,3,2.18,1.202028357402603,1095.0,0.05975127190133177,1.6,0.03734454493833235,0.007808786416442115,cost-bound
100,7d,1,3,6.29,3.46823778351485,156.42857142857144,0.4561317741081938,0.16,2.850823588176211,0.020660106899125088,VIABLE
100,7d,3,3,6.29,3.46823778351485,156.42857142857144,0.4561317741081938,0.48000000000000004,0.9502745293920702,0.020660106899125088,cost-bound
100,7d,10,3,6.29,3.46823778351485,156.42857142857144,0.4561317741081938,1.6,0.2850823588176211,0.020660106899125088,cost-bound
100,14d,1,3,9.65,5.32090534354822,78.21428571428572,0.9896508270779807,0.16,6.185317669237379,0.02921780337682065,VIABLE
100,14d,3,3,9.65,5.32090534354822,78.21428571428572,0.9896508270779807,0.48000000000000004,2.0617725564124596,0.02921780337682065,VIABLE
100,14d,10,3,9.65,5.32090534354822,78.21428571428572,0.9896508270779807,1.6,0.6185317669237379,0.02921780337682065,cost-bound
100,30d,1,3,15.260000000000002,8.414198501818221,36.5,2.290898362198881,0.16,14.318114763743004,0.04277048467025276,VIABLE
100,30d,3,3,15.260000000000002,8.414198501818221,36.5,2.290898362198881,0.48000000000000004,4.772704921247668,0.04277048467025276,VIABLE
100,30d,10,3,15.260000000000002,8.414198501818221,36.5,2.290898362198881,1.6,1.4318114763743004,0.04277048467025276,VIABLE
