design,rebal_per_year,diversification,cost_in_sigma_units,t_1yr,capture_needed_1y,capture_needed_2y,capture_needed_3y,capture_needed_5y,capture_needed_10y,headroom_1y,headroom_2y,headroom_3y,headroom_5y,headroom_10y,luck_benchmark
 20 sym /  1d rebal,365.0,0.48989794855663565,0.009797958971132713,1.9498931594662647,0.042179234077887914,0.029825222441729256,0.024352192149080822,0.018863126927406607,0.013338244964751774,3.3049000513432136,2.0440240186351026,1.4854352034774378,0.9252098302291519,0.36132892616203505,0.0
 20 sym /  1d rebal,365.0,0.48989794855663565,0.03265986323710904,1.9498931594662647,0.042179234077887914,0.029825222441729256,0.024352192149080822,0.018863126927406607,0.013338244964751774,0.29147001540296424,-0.08679279440946909,-0.2543694389567685,-0.42243705093125433,-0.5916013221513894,0.0
 20 sym /  1d rebal,365.0,0.48989794855663565,0.06531972647421808,1.9498931594662647,0.042179234077887914,0.029825222441729256,0.024352192149080822,0.018863126927406607,0.013338244964751774,-0.3542649922985179,-0.5433963972047345,-0.6271847194783842,-0.7112185254656272,-0.7958006610756947,0.0
 20 sym /  7d rebal,52.142857142857146,0.48989794855663565,0.009797958971132713,0.736990340441964,0.11159576386127219,0.07891012137799822,0.0644298443057274,0.049907142798963806,0.03528967910279268,10.389694954843328,7.053730538215925,5.575843448166517,4.093626432403216,2.6017377911833557,0.0
 20 sym /  7d rebal,52.142857142857146,0.48989794855663565,0.03265986323710904,0.736990340441964,0.11159576386127219,0.07891012137799822,0.0644298443057274,0.049907142798963806,0.03528967910279268,2.416908486452999,1.416119161464778,0.9727530344499555,0.5280879297209651,0.08052133735500687,0.0
 20 sym /  7d rebal,52.142857142857146,0.48989794855663565,0.06531972647421808,0.736990340441964,0.11159576386127219,0.07891012137799822,0.0644298443057274,0.049907142798963806,0.03528967910279268,0.7084542432264996,0.20805958073238895,-0.013623482775022244,-0.23595603513951746,-0.45973933132249656,0.0
 20 sym / 14d rebal,26.071428571428573,0.48989794855663565,0.009797958971132713,0.521130867395495,0.15782024275599643,0.11159576386127219,0.09111755963874663,0.07057935820558536,0.049907142798963806,15.107461076431848,10.389694954843328,8.299646988439347,6.203475582366711,4.093626432403216,0.0
 20 sym / 14d rebal,26.071428571428573,0.48989794855663565,0.03265986323710904,0.521130867395495,0.15782024275599643,0.11159576386127219,0.09111755963874663,0.07057935820558536,0.049907142798963806,3.832238322929556,2.416908486452999,1.7898940965318049,1.1610426747100138,0.5280879297209651,0.0
 20 sym / 14d rebal,26.071428571428573,0.48989794855663565,0.06531972647421808,0.521130867395495,0.15782024275599643,0.11159576386127219,0.09111755963874663,0.07057935820558536,0.049907142798963806,1.416119161464778,0.7084542432264996,0.3949470482659024,0.08052133735500687,-0.23595603513951746,0.0
 20 sym / 30d rebal,12.166666666666666,0.48989794855663565,0.009797958971132713,0.3560001560548971,0.23102517962749822,0.16335947113944424,0.13338244964751775,0.10331760123223713,0.07305657644724246,22.578908659258254,15.672806205939718,12.613289261620352,9.544808519471978,6.456305610432313,0.0
 20 sym / 30d rebal,12.166666666666666,0.48989794855663565,0.03265986323710904,0.3560001560548971,0.23102517962749822,0.16335947113944424,0.13338244964751775,0.10331760123223713,0.07305657644724246,6.0736725977774775,4.001841861781917,3.083986778486106,2.163442555841594,1.2368916831296943,0.0
 20 sym / 30d rebal,12.166666666666666,0.48989794855663565,0.06531972647421808,0.3560001560548971,0.23102517962749822,0.16335947113944424,0.13338244964751775,0.10331760123223713,0.07305657644724246,2.5368362988887387,1.5009209308909581,1.041993389243053,0.581721277920797,0.11844584156484717,0.0
 20 sym / 90d rebal,4.055555555555555,0.48989794855663565,0.009797958971132713,0.20553678592984365,0.40014734894255327,0.2829469039110991,0.23102517962749822,0.17895133465037552,0.12653770223366373,39.839867784861056,27.87814745343728,22.578908659258254,17.264144111810612,11.914700154029639,0.0
 20 sym / 90d rebal,4.055555555555555,0.48989794855663565,0.03265986323710904,0.20553678592984365,0.40014734894255327,0.2829469039110991,0.23102517962749822,0.17895133465037552,0.12653770223366373,11.251960335458318,7.663444236031187,6.0736725977774775,4.479243233543185,2.8744100462088924,0.0
 20 sym / 90d rebal,4.055555555555555,0.48989794855663565,0.06531972647421808,0.20553678592984365,0.40014734894255327,0.2829469039110991,0.23102517962749822,0.17895133465037552,0.12653770223366373,5.12598016772916,3.331722118015593,2.5368362988887387,1.7396216167715925,0.9372050231044461,0.0
 50 sym /  1d rebal,365.0,0.46475800154489005,0.010327955589886445,2.0553678592984364,0.040014734894255326,0.02829469039110991,0.023102517962749824,0.017895133465037554,0.012653770223366372,2.874410046208892,1.7396216167715925,1.236891683129694,0.7326888472062368,0.22519603354583162,0.0
 50 sym /  1d rebal,365.0,0.46475800154489005,0.03442651863295482,2.0553678592984364,0.040014734894255326,0.02829469039110991,0.023102517962749824,0.017895133465037554,0.012653770223366372,0.1623230138626676,-0.17811351496852224,-0.32893249506109173,-0.48019334583812895,-0.6324411899362505,0.0
 50 sym /  1d rebal,365.0,0.46475800154489005,0.06885303726590963,2.0553678592984364,0.040014734894255326,0.02829469039110991,0.023102517962749824,0.017895133465037554,0.012653770223366372,-0.4188384930686662,-0.5890567574842611,-0.6644662475305458,-0.7400966729190644,-0.8162205949681252,0.0
 50 sym /  7d rebal,52.142857142857146,0.46475800154489005,0.010327955589886445,0.776856029779837,0.10586903730837804,0.07486071419844571,0.06112351718883859,0.04734607282679893,0.03347872915838166,9.250725459358996,6.248357484394334,4.918259103349866,3.5842637891628946,2.2415640120650204,0.0
 50 sym /  7d rebal,52.142857142857146,0.46475800154489005,0.03442651863295482,0.776856029779837,0.10586903730837804,0.07486071419844571,0.06112351718883859,0.04734607282679893,0.03347872915838166,2.075217637807699,1.1745072453183003,0.77547773100496,0.3752791367488683,-0.027530796380493834,0.0
 50 sym /  7d rebal,52.142857142857146,0.46475800154489005,0.06885303726590963,0.776856029779837,0.10586903730837804,0.07486071419844571,0.06112351718883859,0.04734607282679893,0.03347872915838166,0.5376088189038495,0.08725362265915011,-0.11226113449752004,-0.3123604316255658,-0.5137653981902469,0.0
 50 sym / 14d rebal,26.071428571428573,0.46475800154489005,0.010327955589886445,0.5493201666629813,0.14972142839689143,0.10586903730837804,0.08644170698840054,0.06695745831676332,0.04734607282679893,13.496714968788668,9.250725459358996,7.369682289595414,5.483128024130041,3.5842637891628946,0.0
 50 sym / 14d rebal,26.071428571428573,0.46475800154489005,0.03442651863295482,0.5493201666629813,0.14972142839689143,0.10586903730837804,0.08644170698840054,0.06695745831676332,0.04734607282679893,3.3490144906366006,2.075217637807699,1.5109046868786242,0.9449384072390123,0.3752791367488683,0.0
 50 sym / 14d rebal,26.071428571428573,0.46475800154489005,0.06885303726590963,0.5493201666629813,0.14972142839689143,0.10586903730837804,0.08644170698840054,0.06695745831676332,0.04734607282679893,1.1745072453183003,0.5376088189038495,0.2554523434393121,-0.027530796380493834,-0.3123604316255658,0.0
 50 sym / 30d rebal,12.166666666666666,0.46475800154489005,0.010327955589886445,0.37525711350295266,0.21916972934172738,0.15497640184835568,0.12653770223366373,0.09801568268366655,0.06930755388824947,20.22101779333243,14.005525585345747,11.251960335458318,8.490327667524781,5.710675049389082,0.0
 50 sym / 30d rebal,12.166666666666666,0.46475800154489005,0.03442651863295482,0.37525711350295266,0.21916972934172738,0.15497640184835568,0.12653770223366373,0.09801568268366655,0.06930755388824947,5.366305337999729,3.501657675603724,2.675588100637495,1.8470983002574342,1.0132025148167247,0.0
 50 sym / 30d rebal,12.166666666666666,0.46475800154489005,0.06885303726590963,0.37525711350295266,0.21916972934172738,0.15497640184835568,0.12653770223366373,0.09801568268366655,0.06930755388824947,2.1831526689998646,1.250828837801862,0.8377940503187475,0.42354915012871713,0.006601257408362343,0.0
 50 sym / 90d rebal,4.055555555555555,0.46475800154489005,0.010327955589886445,0.21665479549625166,0.3796131067009912,0.2684270019755633,0.21916972934172738,0.16976814234665943,0.12004420468276597,35.75588100637495,24.990332708093547,20.22101779333243,15.437729700629554,10.623230138626676,0.0
 50 sym / 90d rebal,4.055555555555555,0.46475800154489005,0.03442651863295482,0.21665479549625166,0.3796131067009912,0.2684270019755633,0.21916972934172738,0.16976814234665943,0.12004420468276597,10.026764301912486,6.7970998124280655,5.366305337999729,3.931318910188866,2.4869690415880026,0.0
 50 sym / 90d rebal,4.055555555555555,0.46475800154489005,0.06885303726590963,0.21665479549625166,0.3796131067009912,0.2684270019755633,0.21916972934172738,0.16976814234665943,0.12004420468276597,4.513382150956243,2.8985499062140327,2.1831526689998646,1.465659455094433,0.7434845207940013,0.0
100 sym /  1d rebal,365.0,0.4560701700396552,0.01052469623168435,2.0945212414223042,0.03926672996839639,0.027765771035674115,0.02267065711745,0.0175606154926925,0.012417230296692412,2.7309133778307846,1.6381541494837557,1.1540438430137794,0.6685151861985983,0.17981840267376378,0.0
100 sym /  1d rebal,365.0,0.4560701700396552,0.03508232077228117,2.0945212414223042,0.03926672996839639,0.027765771035674115,0.02267065711745,0.0175606154926925,0.012417230296692412,0.11927401334923536,-0.20855375515487337,-0.35378684709586616,-0.4994454441404205,-0.6460544791978708,0.0
100 sym /  1d rebal,365.0,0.4560701700396552,0.07016464154456234,2.0945212414223042,0.03926672996839639,0.027765771035674115,0.02267065711745,0.0175606154926925,0.012417230296692412,-0.4403629933253823,-0.6042768775774368,-0.676893423547933,-0.7497227220702103,-0.8230272395989355,0.0
100 sym /  7d rebal,52.142857142857146,0.4560701700396552,0.01052469623168435,0.7916546172208137,0.10389000229510399,0.07346132512035401,0.05998092079118913,0.046461021462892334,0.0328529033372649,8.871068960864218,5.979899799787135,4.6990643217443155,3.41447624141612,2.121506085692241,0.0
100 sym /  7d rebal,52.142857142857146,0.4560701700396552,0.03508232077228117,0.7916546172208137,0.10389000229510399,0.07346132512035401,0.05998092079118913,0.046461021462892334,0.0328529033372649,1.9613206882592653,1.0939699399361404,0.7097192965232947,0.32434287242483595,-0.06354817429232765,0.0
100 sym /  7d rebal,52.142857142857146,0.4560701700396552,0.07016464154456234,0.7916546172208137,0.10389000229510399,0.07346132512035401,0.05998092079118913,0.046461021462892334,0.0328529033372649,0.48066034412963266,0.04698496996807021,-0.14514035173835269,-0.337828563787582,-0.5317740871461638,0.0
100 sym / 14d rebal,26.071428571428573,0.4560701700396552,0.01052469623168435,0.559784348194478,0.14692265024070802,0.10389000229510399,0.08482583166652602,0.0657058066745298,0.046461021462892334,12.959799599574271,8.871068960864218,7.0596940566474355,5.243012171384483,3.41447624141612,0.0
100 sym / 14d rebal,26.071428571428573,0.4560701700396552,0.03508232077228117,0.559784348194478,0.14692265024070802,0.10389000229510399,0.08482583166652602,0.0657058066745298,0.046461021462892334,3.187939879872281,1.9613206882592653,1.4179082169942305,0.8729036514153448,0.32434287242483595,0.0
100 sym / 14d rebal,26.071428571428573,0.4560701700396552,0.07016464154456234,0.559784348194478,0.14692265024070802,0.10389000229510399,0.08482583166652602,0.0657058066745298,0.046461021462892334,1.0939699399361404,0.48066034412963266,0.20895410849711527,-0.06354817429232765,-0.337828563787582,0.0
100 sym / 30d rebal,12.166666666666666,0.4560701700396552,0.01052469623168435,0.3824055103669067,0.21507273763154822,0.1520793912276229,0.12417230296692411,0.09618345229022379,0.06801197135235,19.435054171357155,13.44976537848109,10.798184026737637,8.138834050209047,5.462131529041338,0.0
100 sym / 30d rebal,12.166666666666666,0.4560701700396552,0.03508232077228117,0.3824055103669067,0.21507273763154822,0.1520793912276229,0.12417230296692411,0.09618345229022379,0.06801197135235,5.130516251407146,3.3349296135443263,2.539455208021291,1.7416502150627142,0.9386394587124014,0.0
100 sym / 30d rebal,12.166666666666666,0.4560701700396552,0.07016464154456234,0.3824055103669067,0.21507273763154822,0.1520793912276229,0.12417230296692411,0.09618345229022379,0.06801197135235,2.065258125703573,1.1674648067721631,0.7697276040106455,0.37082510753135706,-0.03068027064379933,0.0
100 sym / 90d rebal,4.055555555555555,0.4560701700396552,0.01052469623168435,0.2207819243499298,0.3725169089007724,0.2634092323903875,0.21507273763154822,0.16659462621404467,0.11780018990518917,34.39455208021292,24.027727792978975,19.435054171357155,14.828924896902532,10.192740133492354,0.0
100 sym / 90d rebal,4.055555555555555,0.4560701700396552,0.03508232077228117,0.2207819243499298,0.3725169089007724,0.2634092323903875,0.21507273763154822,0.16659462621404467,0.11780018990518917,9.618365624063875,6.508318337893692,5.130516251407146,3.7486774690707594,2.357822040047706,0.0
100 sym / 90d rebal,4.055555555555555,0.4560701700396552,0.07016464154456234,0.2207819243499298,0.3725169089007724,0.2634092323903875,0.21507273763154822,0.16659462621404467,0.11780018990518917,4.309182812031937,2.754159168946846,2.065258125703573,1.3743387345353797,0.6789110200238531,0.0
200 sym /  1d rebal,365.0,0.4516635916254486,0.010627378626481145,2.114956078902414,0.038887332375565076,0.027497496425017236,0.022451611815098943,0.017390943731078377,0.012297254243479197,2.659165043641731,1.5874204158398368,1.1126199229558218,0.636428355694779,0.15712958723772968,0.0
200 sym /  1d rebal,365.0,0.4516635916254486,0.03542459542160381,2.114956078902414,0.038887332375565076,0.027497496425017236,0.022451611815098943,0.017390943731078377,0.012297254243479197,0.09774951309251942,-0.22377387524804887,-0.36621402311325335,-0.5090714932915663,-0.6528611238286811,0.0
200 sym /  1d rebal,365.0,0.4516635916254486,0.07084919084320762,2.114956078902414,0.038887332375565076,0.027497496425017236,0.022451611815098943,0.017390943731078377,0.012297254243479197,-0.4511252434537403,-0.6118869376240244,-0.6831070115566267,-0.7545357466457832,-0.8264305619143405,0.0
200 sym /  7d rebal,52.142857142857146,0.4516635916254486,0.010627378626481145,0.7993782598000125,0.1028862106164558,0.07275153721748324,0.05940138139531128,0.046012112177151135,0.03253547653717969,8.681240711616828,5.845670957483536,4.58946693094154,3.3295824675427332,2.061477122505852,0.0
200 sym /  7d rebal,52.142857142857146,0.4516635916254486,0.03542459542160381,0.7993782598000125,0.1028862106164558,0.07275153721748324,0.05940138139531128,0.046012112177151135,0.03253547653717969,1.9043722134850491,1.053701287245061,0.6768400792824621,0.29887474026282007,-0.08155686324824422,0.0
200 sym /  7d rebal,52.142857142857146,0.4516635916254486,0.07084919084320762,0.7993782598000125,0.1028862106164558,0.07275153721748324,0.05940138139531128,0.046012112177151135,0.03253547653717969,0.4521861067425245,0.026850643622530566,-0.16157996035876893,-0.35056262986858994,-0.5407784316241221,0.0
200 sym / 14d rebal,26.071428571428573,0.4516635916254486,0.010627378626481145,0.5652457882376907,0.1455030744349665,0.1028862106164558,0.08400623919294606,0.06507095307435938,0.046012112177151135,12.691341914967072,8.681240711616828,6.904699940173447,5.122954245011704,3.3295824675427332,0.0
200 sym / 14d rebal,26.071428571428573,0.4516635916254486,0.03542459542160381,0.5652457882376907,0.1455030744349665,0.1028862106164558,0.08400623919294606,0.06507095307435938,0.046012112177151135,3.107402574490122,1.9043722134850491,1.371409982052034,0.8368862735035115,0.29887474026282007,0.0
200 sym / 14d rebal,26.071428571428573,0.4516635916254486,0.07084919084320762,0.5652457882376907,0.1455030744349665,0.1028862106164558,0.08400623919294606,0.06507095307435938,0.046012112177151135,1.053701287245061,0.4521861067425245,0.185704991026017,-0.08155686324824422,-0.35056262986858994,0.0
200 sym / 30d rebal,12.166666666666666,0.4516635916254486,0.010627378626481145,0.3861363841825094,0.21299469143297947,0.15060999066899605,0.12297254243479198,0.09525412177814685,0.06735483544529683,19.042072360369513,13.17188527504876,10.571295872377297,7.963087241551181,5.337859768867466,0.0
200 sym / 30d rebal,12.166666666666666,0.4516635916254486,0.03542459542160381,0.3861363841825094,0.21299469143297947,0.15060999066899605,0.12297254243479198,0.09525412177814685,0.06735483544529683,5.012621708110855,3.251565582514629,2.47138876171319,1.6889261724653544,0.9013579306602398,0.0
200 sym / 30d rebal,12.166666666666666,0.4516635916254486,0.07084919084320762,0.3861363841825094,0.21299469143297947,0.15060999066899605,0.12297254243479198,0.09525412177814685,0.06735483544529683,2.0063108540554273,1.1257827912573144,0.7356943808565949,0.3444630862326772,-0.04932103466988006,0.0
200 sym / 90d rebal,4.055555555555555,0.4516635916254486,0.010627378626481145,0.22293594535168051,0.36891762730437594,0.2608641559661757,0.21299469143297947,0.1649849785501034,0.11666199712669521,33.71388761713189,23.546425335421684,19.042072360369513,14.52452249503902,9.97749513092519,0.0
200 sym / 90d rebal,4.055555555555555,0.4516635916254486,0.03542459542160381,0.22293594535168051,0.36891762730437594,0.2608641559661757,0.21299469143297947,0.1649849785501034,0.11666199712669521,9.414166285139569,6.363927600626507,5.012621708110855,3.6573567485117064,2.293248539277558,0.0
200 sym / 90d rebal,4.055555555555555,0.4516635916254486,0.07084919084320762,0.22293594535168051,0.36891762730437594,0.2608641559661757,0.21299469143297947,0.1649849785501034,0.11666199712669521,4.207083142569784,2.6819638003132535,2.0063108540554273,1.3286783742558532,0.646624269638779,0.0
