id,symbol,name,rank,mcap,fdv,vol_mcap,fdv_mcap,chg24,chg7,chg30,ath_chg,mom_accel,screen_score
neon,NEON,Neon,1012.0,16351192,37936181.0,0.0847967536556356,2.320086572281703,-20.93145,174.4915,144.0099,-99.0296,140.889189999888,202.4495708736406
chex-token,CHEX,Chintai,802.0,24581992,24581992.0,0.052304141991422,1.0,71.36247,128.5554,104.3955,-97.54689,104.1964499999188,149.4967330852505
rhea-2,RHEA,RHEA,448.0,55712808,135093917.0,0.2627799697333511,2.4248269266916145,-4.74187,275.3641,978.4084,-32.34475,47.0688066659057,144.84613536062946
benqi,QI,BENQI,852.0,21994965,21994965.0,0.5785895544730351,1.0,-8.24625,115.9312,130.7931,-99.22499,85.41280999989827,128.72792056778306
distributed-training,SN38,Distributed Training,1169.0,11984161,11984161.0,0.2220963987383013,1.0,-25.34373,104.3147,225.0056,-35.36057,51.81339333315834,89.52694479521406
yee-token,YEE,Yee Token,1654.0,5733606,5733606.0,0.176298301627283,1.0,23.25083,78.0843,97.7445,-80.99653,55.277249999923974,83.58098985086627
fwog,FWOG,Fwog,1497.0,7076010,7076010.0,0.2205854711906851,1.0,-1.09275,63.2807,44.5521,-99.01482,52.885209999965355,76.22943882827292
payai-network-2,PAYAI,PayAI Network,1238.0,10823471,10823471.0,0.0771308021243832,1.0,-21.96374,61.2368,46.4546,-42.88815,50.3973933332972,72.27607838073847
grass,GRASS,Grass,125.0,409916213,586019601.0,0.1882497826452158,1.429608252650402,-6.75246,61.624,63.1393,-84.94772,46.89149666661756,69.49478538816888
genesysgo-shadow,SHDW,Shadow Token,1684.0,5433021,5433021.0,0.0961816639398228,1.0,10.19436,59.044,56.3062,-98.86094,45.90588666662287,67.12228422598544
marlin,POND,Marlin,1182.0,11796539,14337582.0,0.230714449382145,1.215405806737044,-10.33568,62.9611,92.5183,-99.55661,41.37349666659471,64.65545079005858
aleo,ALEO,ALEO,629.0,35672258,51070902.0,0.0529589968765083,1.4316700109087572,-2.5394,54.7128,43.0017,-99.63437,44.67906999996656,64.13817575829736
apeonfone,FONE,apeonfone,1360.0,8463802,8463802.0,0.5447236360207859,1.0,-11.61041,31.8122,-62.2952,-78.41664,46.34774666671512,60.09108677463996
cryptex-finance,CTX,Cryptex Finance,1500.0,7046725,7545801.0,0.3704671318946035,1.0708238224139583,8.7151,59.4153,99.7707,-98.29224,36.13546999992241,58.82173492337083
bankercoin-2,BNKR,BankrCoin,552.0,42067007,42067007.0,0.0654744940613436,1.0,-9.40925,54.4478,68.2873,-64.97341,38.514096666613554,57.95134807223559
lofi-2,LOFI,LOFI,1585.0,6356533,6356533.0,0.0615514778260413,1.0,-7.40562,55.333,90.5494,-97.46061,34.20480666659624,53.929745644676025
ark,ARK,ARK,497.0,47954530,47954915.0,0.1644324529924493,1.0000080284386064,-2.27513,59.4978,117.9482,-97.64792,31.976553333241593,53.71418615424749
destra-network,DSYNC,Destra Network,1390.0,8389547,8389547.0,0.0781539217790901,1.0,-4.60784,50.6513,72.7001,-98.46308,33.68794333327679,51.867399814531424
metaplex,MPLX,Metaplex,795.0,24990173,53011717.0,0.0734298638108667,2.121302521595189,-7.61061,48.2679,66.535,-94.08868,32.743066666614915,50.06198567904567
superrare,RARE,SuperRare,1069.0,14497056,17669101.0,2.3443915785384286,1.218806149331285,-11.1372,37.22,38.9191,-99.51477,28.138876666636396,48.40958538990926
nillion,NIL,Nillion,535.0,44113604,87850340.0,0.5989110751413554,1.9914568757519788,-14.50618,40.6847,53.8041,-90.3092,28.130409999958154,45.18599191702247
kled-ai,KLED,Kled AI,817.0,23727395,23727395.0,0.0629096030137316,1.0,18.03371,49.9392,109.6865,-57.74366,24.345683333248022,42.190463670723105
marinade,MNDE,Marinade,1099.0,13713049,17567891.0,0.2210875932843235,1.2811075786282102,-16.42126,34.3358,26.686,-98.46994,28.10906666664591,41.32504825580821
layerzero,ZRO,LayerZero,107.0,558730606,1581402582.0,0.2202684651214542,2.830348946375778,-5.83305,35.9418,45.8812,-78.86015,25.23618666663098,39.01024199412226
doublezero,2Z,DoubleZero,174.0,233776665,673677448.0,0.0809357255566974,2.881713827169192,0.81347,32.0588,23.9131,-92.45959,26.479076666648066,38.166619138067624
okzoo,AIOT,OKZOO,630.0,35633304,67840655.0,0.1013912153641436,1.9038553090670456,15.38663,39.3253,67.3136,-96.60538,23.618793333280976,37.962093064878744
prometeus,PROM,Prom,265.0,114229282,120488421.0,0.074267078033459,1.0547945228264677,0.54402,27.0269,-1.2424,-94.07528,27.3167933333343,37.206040180418654
amp-token,AMP,Amp,445.0,56321988,62557012.0,0.3835074323015728,1.1107031946386552,-4.90959,31.3969,39.6708,-99.48086,22.14037999996914,35.077026353956924
cets-on-gold,CETS,Cets On Gold,1600.0,6302527,6302527.0,0.1939447462898612,1.0,10.64162,12.3111,-63.8252,-80.20645,27.20364666671631,32.57610809327926
rich-kids-of-tao,SN110,Green Compute,1065.0,14700717,14700717.0,0.0886553356547167,1.0,-3.88907,32.6271,53.337,-7.80709,20.181799999958514,32.11094478598153
sei-network,SEI,Sei,111.0,523745005,777839116.0,0.4610077512815611,1.4851485142087415,3.29675,33.4951,70.2935,-93.1759,17.093283333278663,31.091326962584077
czs-dog,BROCCOLI,CZ's Dog,805.0,24695217,24695217.0,0.2931503699684032,1.0,-12.83938,26.1469,28.7825,-90.09348,19.430983333310948,30.124886663953735
marscoin-4,MARSCOIN,MarsCoin,218.0,159244219,159244219.0,0.7893091679516478,1.0,25.34776,61.8885,245.4288,-39.44569,4.621779999809114,29.77373263381085
jimothy-the-raccoon,JIMOTHY,Jimothy The Raccoon,1735.0,5137922,5137922.0,0.3004029644669576,1.0,-2.72186,8.413,-65.8412,-88.62383,23.77594666671788,28.296541801334556
thorchain,RUNE,THORChain,164.0,258575775,278494056.0,0.8573482724744806,1.0770307311270748,3.44427,29.5342,70.8508,-96.23236,13.002346666611558,27.054215529881986
audius,AUDIO,Audius,816.0,23810098,23810098.0,1.6076473519764598,1.0,-14.126,20.0623,25.9477,-99.67069,14.007836666646487,26.7803321693738
neet,NEET,"Not in Employment, Education, or Training",591.0,38329767,38329767.0,0.0702011833257426,1.0,5.26675,19.7119,1.2272,-31.05027,19.425553333332378,26.731798248930524
sportstensor,SN41,Sportstensor,1187.0,11654520,11654520.0,0.1171953885702714,1.0,-6.75622,37.141,108.142,-85.57009,11.907866666582557,25.572145231061914
stargate-finance,STG,Stargate Finance,953.0,18128882,18128882.0,0.2408484428328233,1.0,-5.57099,14.7636,-18.5794,-96.71789,19.098793333347786,25.560825575731474
polariscloud-ai,SN49,PolarisCloud.ai,1697.0,5284453,5284453.0,0.3281141870312783,1.0,-25.68117,21.266,22.5916,-32.20883,15.994626666649093,25.140286856057763
numeraire,NMR,Numeraire,341.0,80792233,119721996.0,0.7635020311915379,1.4818503159827257,10.11243,20.2807,24.741,-87.90316,14.507799999980756,25.009854734914185
jasmycoin,JASMY,JasmyCoin,167.0,252396406,255229455.0,0.1498493841469359,1.01122460119341,-2.66849,19.9291,11.7525,-99.8934,17.18684999999086,24.99982078093558
nomina,NOM,Nomina,1638.0,5862206,14748834.0,3.591596917610879,2.515918751405188,-9.41631,16.3933,27.6037,-95.55195,9.952436666645198,24.835458922036295
the-graph,GRT,The Graph,137.0,336809941,357486313.0,0.39024913756925,1.061388841251571,0.51173,31.8614,87.0581,-98.91696,11.547843333265622,24.676231133724457
superfarm,SUPER,SuperVerse,254.0,122766198,191772877.0,0.098544983856224,1.5620983635902774,-7.62937,30.3981,74.0421,-95.95536,13.121609999942411,24.324864373502987
delysium,AGI,Delysium,965.0,17746706,20410163.0,0.3115764694586139,1.1500817672868415,-14.91167,16.0077,-2.9488,-98.98764,16.695753333335627,23.925827286299334
plume,PLUME,Plume,261.0,117964643,178568127.0,0.2212731148603569,1.5137427830811985,-3.97813,21.4093,27.143,-92.78761,15.075933333312225,23.76855144177193
b3,B3,B3 (Base),626.0,35815715,77136535.0,0.2215122328285223,2.153706410719429,-9.59748,28.7059,70.0448,-95.78186,12.362113333278856,23.609716090845517
moonbeam,GLMR,Moonbeam,1397.0,8327303,9346071.0,1.297822236082919,1.1223406906173583,-10.98531,14.0527,4.0038,-99.96125,13.118479999996886,23.02869592304979
chromaway,CHR,Chromia,884.0,20683012,20683012.0,0.4277040017188986,1.0,-10.12525,23.0869,44.8689,-98.57658,12.617489999965104,22.834310364297796
aleph,ALEPH,Aleph Cloud,1731.0,5147569,7333078.0,0.0645512473946439,1.424571093656054,9.34654,23.0831,38.5363,-98.33793,14.091296666636696,22.54570174512048
thinking-cat,HMM,Thinking Cat,1159.0,12222594,12222594.0,0.1152527033132246,1.0,-2.93572,7.8066,-48.1138,-68.03032,19.033153333370755,22.41994944722662
xdce-crowd-sale,XDC,XDC Network,95.0,720673538,1375312650.0,0.0577891150486505,1.908371235354003,11.92784,21.4071,30.9492,-81.25375,14.185619999975927,22.015190936482696
clearpool,CPOOL,Clearpool,623.0,35947827,35947827.0,0.2590604433475214,1.0,-0.2772,30.6111,90.488,-98.59125,9.497233333262955,21.593312910800574
virtual-protocol,VIRTUAL,Virtuals Protocol,109.0,538669351,818166668.0,0.3109853729175692,1.5188661958976015,-0.05983,17.6225,18.2607,-83.84764,13.361669999985796,21.1542192851327
the-juggernaut,JUGGERNAUT,The Juggernaut,1426.0,7959933,7959933.0,0.1821833173721437,1.0,7.62852,9.1566,-30.8102,-62.46822,16.345646666690627,20.55463465347828
pyth-network,PYTH,Pyth Network,99.0,623512806,791766379.0,0.0762543600427671,1.2698478225000562,-7.65136,25.9597,66.7048,-93.38203,10.395246666614785,19.922062633983003
aurora-near,AURORA,Aurora,506.0,47185927,63789671.0,0.0666347828665101,1.3518791524430578,-12.44323,54.9917,280.7763,-99.8198,-10.52277000021838,19.634146777769065
xai-blockchain,XAI,Xai,924.0,19116016,20101807.0,0.6072933293213397,1.0515688520034718,-7.85717,15.7129,20.9156,-99.43024,10.832593333317064,19.179417947390945
sperax,SPA,Sperax,1677.0,5518057,14294233.0,0.0654759456091156,2.59044678226412,-7.14671,20.0152,35.3433,-98.79542,11.768429999972511,19.154279579681063
