protocol,slug,category,fees_1d,fees_30d,ann_holders_rev,mcap_llama,ann_rev_over_mcap,change_30d
StonkFun,stonkfun,Launchpad,287036.0,12441950.0,149303400.0,208295793.06821302,0.7167854799213631,2442.39
ORE Protocol,ore-protocol,Gamified Mining,87794.0,2428488.0,29141856.0,41816311.87369708,0.6969016322630439,-18.53
Graphite Protocol,graphite-protocol,Launchpad,16251.0,564113.0,6769356.0,20102726.002999492,0.3367382114739044,3519.38
Quickswap Dex,quickswap-dex,Dexs,2996.0,106038.0,1272456.0,6720003.786680008,0.18935346472902093,-10.81
THORSwap,thorswap,DEX Aggregator,4541.0,122266.0,1467192.0,9618660.161897471,0.1525360055667636,-48.39
The Index,the-index,Indexes,0.0,267965.0,3215580.0,26743297.62352951,0.12023872468034166,-100.0
Canton,canton,Chain,1881174.0,48714856.0,584578272.0,5239092332.224149,0.1115800667234718,10.32
SSV Network,ssv-network,Staking Pool,10513.0,298053.0,3576636.0,45333994.92837115,0.0788952309552947,5.59
Lido,lido,Liquid Staking,0.0,2247173.0,26966076.0,372742073.99333715,0.07234513590349885,
Geodnet,geodnet,Oracle,20234.0,663564.0,7962768.0,119497389.64066227,0.06663549742755594,-26.42
Definitive,definitive,DEX Aggregator,3881.0,153690.0,1844280.0,30612219.96468264,0.060246529070016756,-14.06
Convex Finance,convex-finance,Yield,5124.0,919816.0,11037792.0,197879089.60358337,0.05578048707477032,-3.99
Usual USD0,usual-usd0,RWA,26.0,131644.0,1579728.0,29356733.10258073,0.05381143720862889,0.0
deBridge,debridge,Bridge,12802.0,535084.0,6421008.0,122655139.86530215,0.05235009317221802,-28.58
Jupiter Aggregator,jupiter-aggregator,DEX Aggregator,50554.0,2215013.0,26580156.0,1087593184.679124,0.02443942861580364,77.95
Railgun,railgun,Privacy,0.0,225897.0,2710764.0,159379191.55951735,0.017008267976988158,
Monad,monad,Chain,13730.0,359279.0,4311348.0,341984982.0289727,0.012606834295532738,5.84
Tron,tron,Chain,521586.0,23390812.0,280689744.0,31831949367.067932,0.008817862229021714,-36.89
Venice,venice,Farm,17269.0,820741.0,9848892.0,1334011181.428299,0.007382915628529432,20.39
Render Network BME,render-network-bme,DePIN,8617.0,209864.0,2518368.0,997437297.6640062,0.002524838409289493,145.64
Aptos,aptos,Chain,4713.0,107927.0,1295124.0,716137856.202423,0.0018084842028430923,47.56
Avalanche,avalanche,Chain,20132.0,264802.0,3177624.0,4921882463.283818,0.000645611516265248,475.86
Solana,solana,Chain,114573.0,2823203.0,33878436.0,70419335220.30183,0.0004810956521247147,24.35
