id,circ_start_180d,circ_end,supply_180d_pct,supply_ann_pct,supply_30d_pct,supply_ann_from_30d_pct,points,vol_accel_3d_vs_prior
kinetiq,270000000.0,280485779.23090035,3.883621937370507,7.875122261890195,0.003418739709748486,0.04159466646860658,181,0.9237783894490256
concierge-io,72161693.0,74366379.21313274,3.055203005191043,6.195272760526282,-0.010062388271081524,-0.1224257239648252,181,1.0705588491315732
syrup,1082449669.2323356,1167252187.704647,7.834315154112681,15.88625017361738,-0.0016938191879645181,-0.020608133453568305,181,1.0610583787259467
lido-dao,849264458.5927889,829777496.7684339,-2.294569333166774,-4.652876703365958,-0.5243444403948527,-6.3795240248040415,181,1.5881392418784634
aerodrome-finance,928469680.9461212,995785936.5415734,7.250237350438438,14.701870182833499,1.329685204687614,16.177836657032636,181,2.641985054290802
sushi,242591668.65567067,286728281.22122335,18.19378744955962,36.892957883829226,-0.007510680341882292,-0.09137994415956789,181,0.7460640098119801
ethena,8492187500.0,10095312500.000006,18.877644894204295,38.27966881324759,2.718600953895134,33.07631160572413,181,2.588832107816479
ondo-finance,4869330647.0,4861470608.789316,-0.16141927464972117,-0.3273224180397124,-0.16141927464972117,-1.9639345082382742,181,3.038192305488687
layerzero,252331652.65,353313325.89,40.01942371457772,81.1504980878937,0.0,0.0,181,2.107588817674048
immutable-x,825884748.5096283,879472059.62718,6.488473266306727,13.157181901121973,1.1947356437502776e-06,1.4535950332295045e-05,181,1.857105961299091
hyperliquid,238385315.954141,222366135.1820323,-6.719868926486383,-13.6264008787085,-0.035774522534759434,-0.4352566908395731,181,1.1345334383305203
uniswap,615717531.844492,620537740.142582,0.7828603294192771,1.5874667791002008,-0.429176871753445,-5.221651939666914,181,2.4622425153955176
rhea-2,200000000.0,412194224.0390376,106.09711201951879,215.14136603957974,4.999157054090109,60.82307749142966,181,19.383011924118357
thorchain,351055844.0,328601196.0,-6.396317960170461,-12.970311419234545,-0.5593498057714141,-6.805422636885538,181,10.605299976399683
the-graph,10771616811.780447,10944523565.918795,1.6052070655655726,3.2550032162857443,0.029276291814150923,0.35619488373883623,181,4.812284450003063
sei-network,6733333333.0,6727412369.339327,-0.08793510387573589,-0.1783128495257978,-0.08793510387574699,-1.0698770971549219,181,3.6187718951024572
lighter,250000000.0,249982668.32679227,-0.006932669283088444,-0.014057912712929345,-0.006932669283088444,-0.08434747627757606,181,1.447207177035873
doublezero,3471417500.0,3469779224.4961166,-0.047193272024570465,-0.09569746827204566,0.00705802196596661,0.08587260058592709,181,7.058337693844655
monad,10830583396.0,11818685330.848318,9.123256787933043,18.49993737553089,-0.05479559187276939,-0.6666797011186942,181,2.2315631553202286
