id,symbol,name,rank,price,mcap,fdv,vol24,circ,total,chg1h,chg24,chg7,chg30,chg1y,ath_chg,ath_date,updated,vol_mcap,fdv_mcap
hyperliquid,HYPE,Hyperliquid,11,87.26,19396401758,83299064636,996579857,222445714.07414138,955307079.4341414,-1.2401,-4.9116,-5.6919,5.4306,91.2098,-10.92852,2026-09-23T05:16:50.000Z,2026-09-28T20:02:20.000Z,0.05137962542918369,4.29456275835509
uniswap,UNI,Uniswap,23,8.76,5430069700,7769088846,1024028034,620420422.6104751,887650418.9163101,-1.683,-10.33264,0.1397,87.7772,15.3472,-80.49123,2021-05-02T21:25:04.000Z,2026-09-28T20:02:20.000Z,0.18858469422593233,1.430753061236028
ethena,ENA,Ethena,41,0.259954,2621715837,3895445293,630535624,10095312500.0,15000000000.0,-1.2559,-9.83742,23.3184,66.8358,-55.5849,-82.87185,2024-04-11T05:15:15.000Z,2026-09-28T20:02:20.000Z,0.24050494531150823,1.485838105726025
ondo-finance,ONDO,Ondo,44,0.510701,2485389965,5104171693,744703497,4869330647.0,10000000000.0,-1.7491,-8.93589,16.0078,44.5599,-42.5163,-76.13722,2024-12-15T16:36:00.000Z,2026-09-28T20:02:20.000Z,0.29963245506223807,2.0536703555089795
lighter,LIT,Lighter,76,4.47,1115980465,4463921861,105469296,250000000.0,1000000000.0,0.9887,-4.84401,-6.2854,27.9956,,-43.16464,2025-12-30T01:05:21.000Z,2026-09-28T20:02:20.000Z,0.09450819195119155,4.000000000896073
aerodrome-finance,AERO,Aerodrome Finance,88,0.818963,815172002,1627476323,85697316,995768944.6622236,1988034890.229641,-1.0439,-3.38452,20.4712,66.1324,-21.7123,-64.65318,2024-12-07T06:00:38.000Z,2026-09-28T20:02:20.000Z,0.10512789422323658,1.996482115439485
layerzero,ZRO,LayerZero,108,1.55,545414771,1543714122,117602897,353313325.89,1000000000.0,-2.4885,-9.55762,30.69,41.8163,-32.68,-79.31857,2024-12-06T06:15:52.000Z,2026-09-28T20:02:20.000Z,0.2156210342165449,2.8303489455733866
bittorrent,BTT,BitTorrent,131,3.72917e-07,367119973,368221705,20376095,987037885840674.8,990000000000000.0,-0.2551,-0.66115,8.2416,26.8416,-36.1022,-89.13202,2022-01-20T20:00:31.000Z,2026-09-28T20:02:20.000Z,0.05550255093312507,1.0030010135133671
lido-dao,LDO,Lido DAO,132,0.440882,365465182,440548920,73816464,829567764.2043006,1000000000.0,-1.8862,-10.21613,1.9015,21.4388,-59.7501,-93.9629,2021-08-20T00:35:20.000Z,2026-09-28T20:02:20.000Z,0.20197947064626254,1.2054470348970205
pons,PONS,Pons,133,0.532685,363532820,363526292,55946344,682681186.2712325,682681186.2712325,-1.1161,-9.15805,-8.9334,141.9078,,-45.14246,2026-09-05T17:13:10.000Z,2026-09-28T20:02:20.000Z,0.15389626719260177,0.9999820428868018
monad,MON,Monad,135,0.02890139,341681097,2909173130,147297995,11825165000.0,100682925000.0,0.1095,1.7607,14.2904,8.6598,,-40.81103,2025-11-26T04:21:37.000Z,2026-09-28T20:02:20.000Z,0.4310978754554865,8.514293461191972
syrup,SYRUP,Maple Finance,166,0.217489,253779355,270608275,10897763,1167271959.1810675,1244677492.511099,-1.3117,-0.52831,-5.4167,23.5314,-42.7392,-66.70563,2025-06-25T06:15:45.000Z,2026-09-28T20:02:20.000Z,0.04294188154115216,1.0663131955710108
doublezero,2Z,DoubleZero,173,0.066716,231156168,666125928,18624967,3469487432.6,9998069932.6,-1.5071,-2.74862,29.9265,21.4533,,-92.53472,2025-10-02T05:11:45.000Z,2026-09-28T20:02:20.000Z,0.08057309117531314,2.881713837720307
stonk-3,STONK,STONK,187,0.249484,203314887,203314887,28237909,814016405.9965302,813852211.6482251,-2.4622,-7.62191,-36.1725,1252.9922,,-37.83166,2026-09-21T19:45:30.000Z,2026-09-28T20:02:20.000Z,0.1388875621291814,1.0
vision-3,VSN,Vision,209,0.04404802,166952144,184861086,1906201,3793113090.054845,4200000000.0,-0.0729,-0.52939,-0.1296,9.0697,-65.7162,-80.32463,2025-08-11T03:13:12.000Z,2026-09-28T20:02:20.000Z,0.011417649119857964,1.1072699132273498
immutable-x,IMX,Immutable,226,0.168767,148264422,337166877,36541257,879472049.1198139,2000000000.0,-2.5001,-4.0953,11.6197,31.4416,-78.0168,-98.22723,2021-11-25T17:03:01.000Z,2026-09-28T20:02:20.000Z,0.246460050948703,2.2740916023670197
kinetiq,KNTQ,Kinetiq,318,0.306954,86096218,306964334,2369090,280476290.48,1000000000.0,0.103,-4.63301,-3.6653,62.0848,,-18.55554,2026-06-02T03:42:30.000Z,2026-09-28T20:02:20.000Z,0.02751677199107631,3.5653637422261686
kaito,KAITO,KAITO,344,0.329389,79429679,329052755,23658523,241388889.0,1000000000.0,-1.8609,-8.61006,-4.3087,4.1176,-78.033,-88.57983,2025-02-27T00:58:05.000Z,2026-09-28T20:02:20.000Z,0.297854949155718,4.142692745868959
sushi,SUSHI,Sushi,372,0.24956,71491716,72680712,9344391,286745816.0901894,291514753.9009228,-2.097,-7.80174,-2.1638,31.8014,-62.1044,-98.93243,2021-03-13T15:44:36.000Z,2026-09-28T20:02:20.000Z,0.13070592682374557,1.0166312415832905
wink,WIN,WINkLink,529,4.501e-05,44726584,44726584,9073241,993701854154.286,993701859243.3864,-0.8365,-2.02111,13.0507,32.2767,-8.2498,-98.44493,2021-04-05T12:24:01.000Z,2026-09-28T20:02:20.000Z,0.20286013794391272,1.0
ore,ORE,ORE,562,82.72,41222049,41222049,1023710,498261.4121941337,498281.3035122283,-1.1791,-7.99643,8.8084,5.6349,653.593,-94.30149,2024-07-29T21:07:18.000Z,2026-09-28T20:02:20.000Z,0.024834039666490136,1.0
concierge-io,AVA,AVA (Travala),956,0.23951,17798804,17798804,9501593,74373863.0,74373863.0,-1.1108,-3.71161,-0.0621,19.9256,-51.0745,-96.28393,2021-04-13T23:24:28.000Z,2026-09-28T20:02:20.000Z,0.5338332283450057,1.0
