protocol,slug,category,fees_1d,fees_7d,fees_30d,change_7d,change_1m,mcap_llama
Curve DEX,curve-dex,Dexs,7902.0,356666.0,995694.0,52.05,-66.39,
Aave V2,aave-v2,Lending,0.0,0.0,0.0,,,
Yearn Finance,yearn-finance,Yield Aggregator,746.0,5573.0,29763.0,-0.13,-9.02,
Compound V2,compound-v2,Lending,0.0,0.0,0.0,,,
Synthetix v1+v2,synthetix-v1+v2,Synthetics,0.0,0.0,0.0,,,
Balancer V1,balancer-v1,Dexs,0.0,0.0,0.0,,,
Sky Lending,sky-lending,CDP,209455.0,1399425.0,4886631.0,4.65,65.73,
SushiSwap,sushiswap,Dexs,484.0,465.0,6094.0,,38.29,
Nexus Mutual,nexus-mutual,Insurance,27.0,10283.0,46666.259999999995,-90.82,-98.56,
KyberSwap Classic,kyberswap-classic,Dexs,,,,,,
Hegic,hegic,Options,694.0,-30242.09,-42882.729999999996,22.18,-408.44,
DODO AMM,dodo-amm,Dexs,,,795.0,,,
Idle,idle,Yield Aggregator,0.0,0.0,0.0,,,
Index Coop,index-coop,Indexes,0.0,0.0,0.0,,,
Badger DAO,badger-dao,Yield Aggregator,0.0,0.0,0.0,,,
Lido,lido,Liquid Staking,0.0,2247173.0,2247173.0,,,
Wing Finance,wing-finance,Lending,0.0,0.0,0.0,,,
Chamber Vaults,chamber-vaults,Indexes,0.0,0.0,0.0,,,
PancakeSwap AMM,pancakeswap-amm,Dexs,14507.0,141161.0,1177384.0,-42.91,-54.71,
Saddle Finance,saddle-finance,Dexs,0.0,0.0,0.0,,,
Alchemix V2,alchemix-v2,Synthetics,0.0,0.0,0.0,,,
Venus Core Pool,venus-core-pool,Lending,1890.0,43406.0,190281.0,-84.34,-50.83,
Raydium AMM,raydium-amm,Dexs,92573.0,1004830.0,3977016.0,-18.72,176.67,
Vesper,vesper,Yield Aggregator,0.0,0.0,4205.0,,,
Enzyme Finance,enzyme-finance,Indexes,0.0,0.0,0.0,,,
FutureSwap,futureswap,Derivatives,0.0,0.0,0.0,,,
Pangolin V2,pangolin-v2,Dexs,113.0,1169.83,1880.71,-42.05,606.25,
Stake DAO Yield,stake-dao-yield,Yield,0.0,9641.0,40077.51,,-100.0,
Reflexer,reflexer,CDP,0.0,0.0,0.0,,,
Liquity V1,liquity-v1,CDP,0.0,100.0,2087.7200000000003,,-100.0,
Honeyswap,honeyswap,Dexs,,,,,,
StakeWise V3,stakewise-v3,Liquid Staking,0.0,0.0,0.0,,,
Ankr,ankr,Liquid Staking,0.0,0.0,0.0,,,
Orca DEX,orca-dex,Dexs,17932.0,132612.0,476524.0,38.08,46.54,
Swapr V2,swapr-v2,Dexs,0.0,0.0,0.0,,,
SpookySwap V2,spookyswap-v2,Dexs,0.95,14.559999999999999,36.69,-47.22,-8.65,
Quickswap Dex,quickswap-dex,Dexs,2996.0,18447.0,106038.0,-10.3,-10.81,
SpiritSwap AMM,spiritswap-amm,Dexs,0.0,0.0,0.0,,,
Convex Finance,convex-finance,Yield,5286.0,59963.0,919816.0,-18.71,-0.96,
Beefy,beefy,Yield Aggregator,749.0,9738.0,38151.0,-10.94,10.15,
GMX V1 Perps,gmx-v1-perps,Derivatives,,,,,,
Olympus DAO,olympus-dao,Reserve Currency,0.0,0.0,0.0,,,
Impermax V2,impermax-v2,Lending,,,,,,
Abracadabra Spell,abracadabra-spell,CDP,0.0,1747.67,1751.84,,-100.0,
Frax,frax,Algo-Stables,0.0,0.0,0.0,,,
Biswap V2,biswap-v2,Dexs,,,,,,
Premia V2,premia-v2,Options,,,,,,
Pendle V2,pendle-v2,Yield,9060.0,114407.0,410530.0,224.73,-58.27,
Meteora DAMM V1,meteora-damm-v1,Dexs,,,,,,
ApeSwap AMM,apeswap-amm,Dexs,48.05,228.39,1195.2400000000002,85.95,155.45,
Tokenlon AMM,tokenlon-amm,Dexs,0.0,0.0,0.0,,,
THORChain DEX,thorchain-dex,Dexs,2282.0,14120.0,54227.74,791.41,488.14,
Saber,saber,Dexs,,,0.0,,,
Elk,elk,Dexs,,,,,,
PaintSwap on Fantom,paintswap-on-fantom,Dexs,,,,,,
Origin Dollar,origin-dollar,Yield Aggregator,231.0,1626.0,7047.0,-0.86,-2.12,
AUTOfinance,autofinance,Yield,0.0,0.0,0.0,,,
Illuvium,illuvium,Gaming,0.0,0.0,0.0,,,
QiDao,qidao,CDP,0.0,0.0,0.0,,,
Save,save,Lending,0.0,0.0,0.0,,,
Benqi Lending,benqi-lending,Lending,0.0,0.0,0.0,,,
Joe DEX,joe-dex,Dexs,317.0,2989.0,6359.95,-66.67,219.59,
Yield Yak Aggregator,yield-yak-aggregator,Yield Aggregator,0.0,184.0,836.2,-100.0,-100.0,
Marinade Liquid Staking,marinade-liquid-staking,Liquid Staking,2259.0,15701.0,58654.0,12.67,24.26,
JustLend V1,justlend-v1,Lending,0.0,0.0,0.0,,,
Mento V2,mento-v2,Algo-Stables,0.0,0.0,0.0,,,
Overtime,overtime,Prediction Market,27808.0,18414.0,83523.0,514.0,1111.15,
Teddy Cash,teddy-cash,CDP,0.0,0.0,0.0,,,
Solarbeam,solarbeam,Dexs,,,,,,
Allbridge Classic,allbridge-classic,Bridge,,,0.0,,,
Maple,maple,Lending,3931.0,32579.0,134037.0,,-59.87,
Strike,strike,Lending,0.0,0.0,0.0,,,
Swop,swop,Dexs,0.81,42.8,329.58000000000004,-96.63,-93.25,
Reserve Protocol,reserve-protocol,Indexes,102.0,10972.0,35674.0,-81.79,,
Synapse Cross Chain Bridge,synapse-cross-chain-bridge,Cross Chain Bridge,0.0,0.0,0.0,,,
JetSwap,jetswap,Dexs,0.0,0.0,0.0,,,
Tinyman,tinyman,Dexs,0.0,0.0,0.0,,,
DefiPlaza,defiplaza,Dexs,0.0,0.0,0.0,,,
OolongSwap,oolongswap,Dexs,0.0,0.0,0.0,,,
Katana DEX,katana-dex,Dexs,,,,,,
Rubicon,rubicon,Dexs,0.0,0.0,0.0,,,
VVS Standard,vvs-standard,Dexs,1925.0,9252.0,29120.0,95.43,184.34,
xExchange,xexchange,Dexs,274.0,851.0,11549.0,,40.51,
Enosys AMM V2,enosys-amm-v2,Dexs,0.0,0.0,0.0,,,
Velora,velora,DEX Aggregator,15.49,126.99,491.55000000000007,77.23,-46.51,
Colony,colony,Yield,,,,,,
Gains Network,gains-network,Derivatives,2383.0,11451.0,35908.0,176.77,-7.02,
Stader,stader,Liquid Staking,83.0,1409.76,5425.33,3.75,20.29,
MooniSwap,mooniswap,Dexs,0.0,0.0,0.0,,,
Gearbox,gearbox,Lending,0.0,0.0,0.0,,,
Tectonic,tectonic,Lending,2.19,28.770000000000003,1525.74,-68.49,-99.54,
NetSwap,netswap,Dexs,0.0,0.0,0.0,,,
MojitoSwap,mojitoswap,Dexs,0.0,8.33,13.53,-100.0,,
Sperax USD,sperax-usd,Yield Aggregator,0.1,68.30999999999997,251.50999999999993,,,
Zunami Protocol,zunami-protocol,Yield Aggregator,,,,,,
Across,across,Cross Chain Bridge,0.0,0.0,0.0,,,
LooksRare,looksrare,NFT Marketplace,0.0,0.0,0.0,,,
Mimo V2,mimo-v2,Dexs,0.0,0.0,0.0,,,
Solarflare,solarflare,Dexs,,,,,,
StellaSwap V2,stellaswap-v2,Dexs,,,,,,
BeamSwap Classic,beamswap-classic,Dexs,,,,,,
SundaeSwap V2,sundaeswap-v2,Dexs,26.0,208.0,603.72,-7.14,85.71,
Iron Bank,iron-bank,Lending,0.0,0.0,0.0,,,
Railgun,railgun,Privacy,0.0,114612.0,225897.0,,,
Api3,api3,Risk Curators,0.0,0.0,0.0,,,
WigoSwap,wigoswap,Dexs,0.12,5.21,12.66,-93.02,-68.42,
Maia DAO,maia-dao,Yield,0.0,0.0,0.0,,,
Kromatika,kromatika,Dexs,0.0,0.0,0.0,,,
Benqi Staked Avax,benqi-staked-avax,Liquid Staking,0.0,0.0,0.0,,,
PayCash,paycash,Dexs,853.0,24830.0,70378.0,4917.65,-43.92,
WOOFi Swap,woofi-swap,Dexs,0.0,0.0,1097.0,,-100.0,
deBridge,debridge,Bridge,12802.0,123641.0,535084.0,-28.67,-28.58,
ALEX,alex,Dexs,0.0,0.0,0.0,,,
Minswap DEX,minswap-dex,Dexs,1674.0,8108.0,25215.0,114.34,231.49,
Concentrator,concentrator,Yield,0.0,628.0,3182.0,,,
Kleros,kleros,Services,0.0,0.0,0.0,,,
Valas Finance,valas-finance,Lending,0.0,0.0,0.0,,,
Symbiosis,symbiosis,Cross Chain Bridge,0.0,0.0,0.0,,,
Aave V3,aave-v3,Lending,0.0,0.0,0.0,,,
SMBSwap V2,smbswap-v2,Dexs,,,,,,
Clearpool Lending,clearpool-lending,Uncollateralized Lending,0.0,0.0,0.0,,,
Folks Finance Lending,folks-finance-lending,Lending,0.0,0.0,0.0,,,
Swappi,swappi,Dexs,20.89,110.22,420.0199999999999,-6.7,-8.3,
Wombat Exchange,wombat-exchange,Dexs,0.0,0.0,0.0,,,
UNCX Network V2,uncx-network-v2,Token Locker,0.0,0.0,0.0,,,
BendDAO Lending V1,benddao-lending-v1,NFT Lending,600.0,4210.0,16998.0,3.45,8.7,
Velodrome V1,velodrome-v1,Dexs,8.06,75.48,235.71999999999997,-27.97,7.32,
PinkSale,pinksale,Launchpad,0.0,0.0,0.0,,,
FluidTokens,fluidtokens,Lending,0.0,0.0,0.0,,,
UniDex Perp,unidex-perp,Derivatives,,,,,,
Moonwell Lending,moonwell-lending,Lending,0.0,0.0,0.0,,,
Ferro,ferro,Dexs,7.23,80.61000000000001,868.8399999999998,-60.14,53.83,
SideShift,sideshift,Cross Chain Bridge,0.0,0.0,0.0,,,
BetSwirl,betswirl,Prediction Market,,,0.0,,,
Aura,aura,Yield,0.0,0.0,0.0,,,
Canto Lending,canto-lending,Lending,,,,,,
Bancor V3,bancor-v3,Dexs,443.0,966.7900000000001,2993.23,1183.31,1867.14,
Lista CDP,lista-cdp,CDP,0.0,0.0,0.0,,,
Kamino Liquidity,kamino-liquidity,Liquidity Manager,0.0,0.0,0.0,,,
Fraxlend,fraxlend,Lending,0.0,0.0,0.0,,,
Compound V3,compound-v3,Lending,0.0,0.0,0.0,,,
Sommelier,sommelier,Onchain Capital Allocator,0.0,0.0,0.0,,,
Jupiter Aggregator,jupiter-aggregator,DEX Aggregator,50554.0,421333.0,2215013.0,-9.54,77.95,
Sonne Finance,sonne-finance,Lending,,,,,,
BabyDogeSwap,babydogeswap,Dexs,0.0,0.0,0.0,,,
Joe Lend,joe-lend,Lending,0.0,0.0,0.0,,,
Uniswap V1,uniswap-v1,Dexs,0.0,0.0,0.0,,,
Uniswap V2,uniswap-v2,Dexs,0.0,0.0,0.0,,,
Uniswap V3,uniswap-v3,Dexs,421110.0,2882293.0,15671710.0,72.28,-10.43,
Frax Ether,frax-ether,Liquid Staking,0.0,0.0,0.0,,,
Axelar,axelar,Bridge,0.0,0.0,0.0,,,
Quickswap V3,quickswap-v3,Dexs,196.0,1471.0,7498.25,5.95,19.51,
Llamalend,llamalend,NFT Lending,0.0,0.0,0.0,,,
MUX Perps,mux-perps,Derivatives,0.0,0.0,0.0,,,
Helix Spot,helix-spot,Dexs,0.14,3.4100000000000006,226.26000000000002,-61.11,-99.67,
Cetus CLMM,cetus-clmm,Dexs,0.0,0.0,0.0,,,
GhostMarket,ghostmarket,NFT Marketplace,,,,,,
HMX,hmx,Derivatives,,,,,,
Camelot V2,camelot-v2,Dexs,202.0,1769.0,5523.13,32.89,144.02,
Jito Liquid Staking,jito-liquid-staking,Liquid Staking,0.0,0.0,0.0,,,
Indigo,indigo,CDP,,,0.0,,,
Archly V1,archly-v1,Dexs,,,,,,
Equalizer Exchange,equalizer-exchange,Dexs,207.0,862.2199999999999,2795.08,-37.08,23.21,
RealT RMM Marketplace,realt-rmm-marketplace,Lending,0.0,0.0,0.0,,,
ABcDeFX,abcdefx,Dexs,,,,,,
stake.link liquid,stake.link-liquid,Liquid Staking,0.0,13180.0,48072.0,,,
Exactly,exactly,Lending,0.0,0.0,0.0,,,
Joe V2,joe-v2,Dexs,0.0,0.0,0.0,,,
Level Perps,level-perps,Derivatives,,,,,,
Solidly V2,solidly-v2,Dexs,0.49,6.23,26.2,-52.88,-2.0,
Veno Finance,veno-finance,Liquid Staking,0.0,0.0,0.0,,,
THENA V1,thena-v1,Dexs,20.0,274.0,1121.0,-64.91,-4.76,
Metronome Synth,metronome-synth,Synthetics,0.0,0.0,46832.0,,,
Inverse Finance FiRM,inverse-finance-firm,CDP,312.0,1373.0,4355.0,136.36,149.6,
GETH,geth,Liquid Staking,0.0,0.0,0.0,,,
Zyberswap AMM,zyberswap-amm,Dexs,0.0,0.0,0.0,,,
Cap Finance V4,cap-finance-v4,Derivatives,0.0,0.0,0.0,,,
Stargaze,stargaze,NFT Marketplace,0.0,0.0,0.0,,,
Liqwid,liqwid,Lending,0.0,0.0,0.0,,,
Rarible,rarible,Services,,0.0,0.0,,,
HawkFi,hawkfi,Liquidity Manager,0.0,0.0,0.0,,,
Liquid Bolt,liquid-bolt,Yield,,,,,,
ENS,ens,Domains,0.0,0.0,0.0,,,
Covo V1,covo-v1,Derivatives,,,,,,
SolidLizard Dex,solidlizard-dex,Dexs,,,,,,
PancakeSwap StableSwap,pancakeswap-stableswap,Dexs,20.06,123.14,799.9399999999999,-40.19,106.59,
ZyberSwap Stableswap,zyberswap-stableswap,Dexs,,,,,,
tBTC,tbtc,Decentralized BTC,0.0,0.0,0.0,,,
Ondo Yield Assets,ondo-yield-assets,RWA,0.0,0.0,0.0,,,
Equilibre,equilibre,Dexs,,,,,,
Zyberswap V3,zyberswap-v3,Dexs,0.0,0.0,0.0,,,
Streamflow,streamflow,Payments,606.0,4425.0,14850.0,204.52,171.75,
ZORA Marketplace,zora-marketplace,NFT Marketplace,0.0,0.0,0.0,,,
Balancer V2,balancer-v2,Dexs,0.0,0.0,0.0,,,
KyberSwap Elastic,kyberswap-elastic,Dexs,,,,,,
ether.fi Stake,ether.fi-stake,Liquid Staking,0.0,0.0,0.0,,,
Fulcrom Perps,fulcrom-perps,Derivatives,496.0,1189.0,14898.35,-21.27,-50.94,
CoWSwap,cowswap,DEX Aggregator,0.0,0.0,0.0,,,
Maverick V1,maverick-v1,Dexs,0.0,0.0,0.0,,,
Morphex V2,morphex-v2,Derivatives,,,,,,
Ramses Legacy,ramses-legacy,Dexs,0.76,9.270000000000001,26.429999999999996,15.15,76.74,
Arbitrum Exchange V2,arbitrum-exchange-v2,Dexs,2.18,19.729999999999997,94.26999999999998,-46.57,473.68,
SMARDEX AMM,smardex-amm,Dexs,0.07,1.9400000000000002,12.739999999999998,-87.5,-69.57,
Radiant V2,radiant-v2,Lending,0.0,657.6999999999999,1287.9199999999998,-100.0,-100.0,
Koi Finance AMM,koi-finance-amm,Dexs,0.0,0.0,0.0,,,
Covo V2,covo-v2,Derivatives,,,,,,
GET Protocol,get-protocol,Services,,,,,,
Maia CL,maia-cl,Dexs,0.0,0.0,0.0,,,
PancakeSwap AMM V3,pancakeswap-amm-v3,Dexs,40446.0,582418.0,3505841.0,-45.92,-37.76,
Auragi Finance,auragi-finance,Dexs,,,,,,
SushiSwap V3,sushiswap-v3,Dexs,0.0,0.0,0.0,,,
Camelot V3,camelot-v3,Dexs,666.0,2308.0,8243.97,206.91,324.2,
Dove Swap V3,dove-swap-v3,Dexs,,,,,,
Bonkswap,bonkswap,Dexs,17.0,209.68,1431.4500000000003,-10.53,-10.53,
Bedrock uniETH,bedrock-unieth,Liquid Restaking,0.0,0.0,0.0,,,
Juicebox V1,juicebox-v1,Launchpad,0.0,0.0,49.28,,,
WAGMI,wagmi,Dexs,0.0,0.0,0.0,,,
Sharky,sharky,NFT Lending,0.0,0.0,0.0,,,
GLIF,glif,Liquid Staking,0.0,0.0,0.0,,,
THENA FUSION,thena-fusion,Dexs,1490.0,6760.0,21721.0,149.58,191.02,
Swell Liquid Staking,swell-liquid-staking,Liquid Staking,0.0,956.0,3095.0,,-100.0,
Lybra V1,lybra-v1,CDP,0.0,0.0,0.0,,,
Joe V2.1,joe-v2.1,Dexs,301.0,1344.82,2197.2400000000002,44.71,1199.65,
Chronos V1,chronos-v1,Dexs,,,,,,
Hydradex V3,hydradex-v3,Dexs,0.0,0.0,0.0,,,
E3,e3,Dexs,0.06,2.1699999999999995,3.9499999999999997,-66.67,-50.0,
SparkLend,sparklend,Lending,29974.0,211803.0,979262.0,-3.0,-53.37,
BlazeStake,blazestake,Liquid Staking,0.0,0.0,0.0,,,
Typus DOV,typus-dov,Options Vault,,,,,,
Origin Ether,origin-ether,Liquid Staking,1501.0,10537.0,42530.0,2.74,10.29,
AirSwap,airswap,DEX Aggregator,0.0,0.0,0.0,,,
Arbitrum Exchange V3,arbitrum-exchange-v3,Dexs,0.0,0.0,0.0,,,
GND Protocol,gnd-protocol,Yield,0.0,0.0,0.0,,,
Extra Finance Leverage Farming,extra-finance-leverage-farming,Leveraged Farming,27.26,196.28999999999996,735.14,-4.25,12.41,
crvUSD,crvusd,CDP,23400.0,42070.0,123995.0,,,
PulseX V1,pulsex-v1,Dexs,3537.0,30585.0,151792.0,58.33,-60.58,
SUNSwap V2,sunswap-v2,Dexs,643.0,8814.0,36939.0,-45.23,-84.22,
KTX Perps,ktx-perps,Derivatives,,,,,,
WINR Protocol,winr-protocol,Prediction Market,0.0,0.0,0.0,,,
Rainbow Wallet,rainbow-wallet,Wallets,0.0,0.0,0.0,,,
Houdini Swap,houdini-swap,DEX Aggregator,0.0,0.0,0.0,,,
Unlimited Network,unlimited-network,Derivatives,,,,,,
PulseX V2,pulsex-v2,Dexs,700.0,6339.0,32717.0,13.45,-71.24,
Penpie,penpie,Yield,0.0,15.040000000000001,847.6700000000001,-100.0,-100.0,
BeamSwap V3,beamswap-v3,Dexs,,,,,,
Ramses CL,ramses-cl,Dexs,5.42,56.95,158.23999999999995,-29.43,292.75,
Unibot,unibot,Telegram Bot,0.0,0.0,0.0,,,
EigenCloud,eigencloud,Restaking,0.0,0.0,0.0,,,
Pearl V1,pearl-v1,Dexs,,,,,,
zkSwap V2,zkswap-v2,Dexs,0.0,0.0,0.0,,,
Sui Foundation,sui-foundation,Canonical Bridge,0.0,0.0,0.0,,,
xALGO Liquid Staking,xalgo-liquid-staking,Liquid Staking,0.0,0.0,0.0,,,
stUSDT,stusdt,RWA,0.0,0.0,0.0,,,
Ajna V1,ajna-v1,Lending,0.0,0.0,102.06,,,
DerpDEX,derpdex,Dexs,,,,,,
FusionX V2,fusionx-v2,Dexs,,,,,,
FusionX V3,fusionx-v3,Dexs,,,,,,
ZeroLend Lending,zerolend-lending,Lending,0.0,0.0,0.0,,,
Beamex Perps,beamex-perps,Derivatives,,,,,,
ICPSwap,icpswap,Dexs,367.0,2700.0,8997.0,33.94,125.15,
0x0.ai,0x0.ai,Privacy,0.0,0.0,0.0,,,
Agni Finance,agni-finance,Dexs,,,,,,
Pika V4,pika-v4,Derivatives,0.0,0.0,0.0,,,
FVM Exchange,fvm-exchange,Dexs,0.15,7.29,26.320000000000004,-93.88,-93.39,
Lendle Pooled Markets,lendle-pooled-markets,Lending,0.0,0.0,0.0,,,
Grizzly Trade Perps,grizzly-trade-perps,Derivatives,,,,,,
Velodrome V2,velodrome-v2,Dexs,1053.0,28313.0,100664.0,37.11,-0.85,
Retro,retro,Dexs,0.0,0.0,0.0,,,
Safe,safe,Services,0.0,0.0,0.0,,,
NAVI Lending,navi-lending,Lending,0.0,0.0,0.0,,,
Gambit Trade,gambit-trade,Derivatives,0.0,0.0,0.0,,,
SwapBased AMM,swapbased-amm,Dexs,0.0,0.0,0.0,,,
Banana Gun,banana-gun,Telegram Bot,0.0,0.0,0.0,,,
DackieSwap V3,dackieswap-v3,Dexs,0.0,0.0,0.0,,,
Lista Liquid Staking,lista-liquid-staking,Liquid Staking,952.0,6889.0,31735.0,5.19,21.74,
Sable Finance,sable-finance,CDP,0.9,4.75,104.26,-36.62,,
GMX V2 Perps,gmx-v2-perps,Derivatives,10961.0,94539.0,355262.0,-28.82,-5.65,
Aark Digital,aark-digital,Derivatives,0.0,0.0,0.0,,,
friend.tech V1,friend.tech-v1,SoFi,0.0,0.0,0.0,,,
Sanctum Reserve,sanctum-reserve,Yield,0.0,0.0,0.0,,,
Lynex V2,lynex-v2,Dexs,55.0,958.0,3665.0,-30.38,-63.58,
Mendi Finance,mendi-finance,Lending,18.0,54.61,280.98,185.26,710.81,
Hydration DEX,hydration-dex,Dexs,,689.0,12555.0,,,
Aerodrome V1,aerodrome-v1,Dexs,34753.0,357914.0,1089008.0,64.38,120.71,
Lybra V2,lybra-v2,CDP,0.52,2.0199999999999996,10.17,48.57,,
Solidly V3,solidly-v3,Dexs,0.35,2.5,10.699999999999998,45.83,29.63,
Morphex V1 Perps,morphex-v1-perps,Derivatives,,,,,,
Premia V3,premia-v3,Options,,,,,,
Liquis,liquis,Yield,0.0,0.0,0.0,,,
Ekubo,ekubo,Dexs,402.0,4488.0,16967.83,-77.05,2015.79,
Seamless V1,seamless-v1,Lending,0.0,0.0,0.0,,,
BaseX,basex,Dexs,0.0,0.0,0.0,,,
Nether.Fi,nether.fi,Derivatives,,,,,,
DackieSwap V2,dackieswap-v2,Dexs,0.0,0.0,0.0,,,
Caviar Tangible,caviar-tangible,Yield,0.0,0.0,0.0,,,
BMX Classic Perps,bmx-classic-perps,Derivatives,,,,,,
THENA PERPS,thena-perps,Derivatives,,,,,,
Shoebill V2,shoebill-v2,Lending,3110.0,54846.0,88753.0,-10.43,277.43,
Arena SocialFi,arena-socialfi,SoFi,0.0,0.0,0.0,,,
MagicSea AMM,magicsea-amm,Dexs,,,,,,
Scale,scale,Dexs,12.25,227.28000000000003,1274.4300000000003,-51.64,-98.47,
TangleSwap,tangleswap,Dexs,,,,,,
Contango V2,contango-v2,Derivatives,7.18,202.63,1392.28,-60.74,-52.67,
basedmarkets,basedmarkets,Derivatives,,,,,,
Xena Finance,xena-finance,Derivatives,0.0,0.0,0.0,,,
VaporDex V2,vapordex-v2,Dexs,,,,,,
Amnis Finance,amnis-finance,Liquid Staking,0.0,0.0,0.0,,,
Marinade Native,marinade-native,Staking Pool,3866.0,26860.0,92429.0,12.88,64.09,
PoolTogether V5,pooltogether-v5,Yield Lottery,79.46,915.5600000000001,3885.29,-1.21,-37.92,
Volo Vault,volo-vault,Risk Curators,0.0,0.0,0.0,,,
Hipo,hipo,Liquid Staking,56.0,442.0,1285.04,21.74,,
PAAL AI,paal-ai,Telegram Bot,0.0,0.0,0.0,,,
IntentX,intentx,Derivatives,,,,,,
Metavault V3,metavault-v3,Dexs,,,,,,
Goku Money,goku-money,CDP,0.0,0.0,0.0,,,
Kamino Lend,kamino-lend,Lending,0.0,0.0,0.0,,,
Frankencoin,frankencoin,CDP,0.0,0.0,0.0,,,
Maya Protocol,maya-protocol,Cross Chain Bridge,0.0,0.0,0.0,,,
Voodoo Trade Base,voodoo-trade-base,Derivatives,0.0,0.0,0.0,,,
Bedrock uniIOTX,bedrock-uniiotx,Liquid Staking,,,0.0,,,
Sumer.money,sumer.money,Lending,0.0,0.0,0.0,,,
Hover,hover,Lending,,,,,,
Amped Finance,amped-finance,Derivatives,,,,,,
Chainflip AMM,chainflip-amm,Dexs,22880.0,110886.0,292091.0,323.47,140.77,
mETH Protocol,meth-protocol,Liquid Staking,0.0,0.0,0.0,,,
Storm Trade,storm-trade,Derivatives,330.0,1905.0,6801.0,122.97,-30.67,
Chainlink Staking,chainlink-staking,Services,0.0,1162490.0,4464892.0,,,
Lynex V1,lynex-v1,Dexs,13.87,7.99,23.849999999999998,13770.0,4234.37,
Dinero (pxETH),dinero-(pxeth),Liquid Staking,0.0,0.0,0.0,,,
Butter.xyz,butter.xyz,Dexs,,,,,,
Pharaoh CL,pharaoh-cl,Dexs,37.0,188.53,407.53999999999996,60.87,236.36,
Derive V2,derive-v2,Derivatives,0.0,0.0,0.0,,,
D8X,d8x,Derivatives,0.0,0.0,0.0,,,
Renzo,renzo,Liquid Restaking,0.0,0.0,0.0,,,
Allbridge Core,allbridge-core,Bridge,0.0,0.0,0.0,,,
Kelp,kelp,Liquid Restaking,0.0,0.0,0.0,,,
Parcl V3,parcl-v3,Derivatives,,,,,,
ODOS,odos,DEX Aggregator,,,,,,
MilkyWay Liquid Staking,milkyway-liquid-staking,Liquid Staking,,,,,,
Yearn Ether,yearn-ether,Indexes,0.0,0.0,0.0,,,
KyberSwap Aggregator,kyberswap-aggregator,DEX Aggregator,0.0,0.0,0.0,,,
Cleopatra CL,cleopatra-cl,Dexs,0.01,0.23,3.019999999999999,0.0,-94.44,
SquadSwap V2,squadswap-v2,Dexs,0.0,0.0,0.0,,,
SquadSwap V3,squadswap-v3,Dexs,,,,,,
Deepr Finance,deepr-finance,Lending,,0.0,22.560000000000002,,,
Ajna V2,ajna-v2,Lending,0.0,5.6,242.6,,,
Morpho Blue,morpho-blue,Lending,0.0,0.0,0.0,,,
FWX Derivatives,fwx-derivatives,Derivatives,,,,,,
Horiza,horiza,Dexs,,,,,,
LiquidLoans,liquidloans,CDP,28.01,59.32,384.68999999999994,,350.32,
Peapods Finance,peapods-finance,Yield,0.0,0.0,0.0,,,
dYdX V4,dydx-v4,Derivatives,13959.0,93949.0,240407.0,98.48,-15.04,
Nile CL,nile-cl,Dexs,0.29,1.35,19.130000000000006,81.25,-90.24,
Jupiter Perpetual Exchange,jupiter-perpetual-exchange,Derivatives,38029.0,293904.0,981473.0,58.32,-38.92,
Swell Liquid Restaking,swell-liquid-restaking,Liquid Restaking,0.0,0.0,0.0,,,
Garden,garden,Cross Chain Bridge,0.0,0.0,0.0,,,
Puffer Stake,puffer-stake,Liquid Restaking,0.0,0.0,0.0,,,
Binaryx Platform,binaryx-platform,RWA,5.02,384.90999999999997,1861.3899999999994,-85.04,-99.41,
FlashTrade,flashtrade,Derivatives,,,662.55,,,
Segment Finance,segment-finance,Lending,0.0,0.0,0.0,,,
SwapMode V2,swapmode-v2,Dexs,0.0,0.0,0.0,,,
SupSwap V2,supswap-v2,Dexs,,,,,,
SupSwap V3,supswap-v3,Dexs,,,,,,
Omnidrome,omnidrome,Dexs,,,,,,
DragonSwap V2 Kaia,dragonswap-v2-kaia,Dexs,,,,,,
KPK,kpk,Risk Curators,0.0,0.0,0.0,,,
Meteora DLMM,meteora-dlmm,Dexs,0.0,0.0,0.0,,,
Orby Network,orby-network,CDP,0.0,0.0,0.0,,,
Fluid Lending,fluid-lending,Lending,0.0,0.0,0.0,,,
RealT RMM Marketplace V2,realt-rmm-marketplace-v2,Lending,0.0,0.0,0.0,,,
Cellana Finance,cellana-finance,Dexs,13.0,184.0,527.19,-40.91,,
Juice Finance,juice-finance,Leveraged Farming,,,,,,
SynFutures V3,synfutures-v3,Derivatives,0.0,0.0,0.0,,,
BONKbot,bonkbot,Telegram Bot,0.0,0.0,0.0,,,
Velodrome V3,velodrome-v3,Dexs,11022.0,74970.0,264059.0,27.9,-6.5,
Definitive,definitive,DEX Aggregator,3881.0,28032.0,153690.0,-36.9,-14.06,
Suilend,suilend,Lending,0.0,0.0,0.0,,,
Nile Legacy,nile-legacy,Dexs,0.75,5.869999999999999,18.439999999999998,167.86,-47.18,
Pharaoh Legacy,pharaoh-legacy,Dexs,1.8,196.46999999999997,462.97,-99.08,-73.88,
Lets Get HAI,lets-get-hai,CDP,0.0,0.0,0.0,,,
Geodnet,geodnet,Oracle,0.0,131196.0,663564.0,-100.0,-100.0,
MYX Finance,myx-finance,Derivatives,0.0,0.0,0.0,,,
Curve LlamaLend,curve-llamalend,Lending,0.0,0.0,0.0,,,
Javsphere,javsphere,Derivatives,0.0,0.0,0.33,,,
Echelon Market,echelon-market,Lending,0.0,0.0,0.0,,,
Sanctum Infinity,sanctum-infinity,Dexs,0.0,0.0,0.0,,,
Sanctum Validator LSTs,sanctum-validator-lsts,Liquid Staking,0.0,0.0,0.0,,,
Hercules V2,hercules-v2,Dexs,0.14,0.67,3.1299999999999994,180.0,40.0,
Hercules V3,hercules-v3,Dexs,15.0,81.83,291.24999999999994,89.39,115.83,
POWERCITY Earn Protocol,powercity-earn-protocol,CDP,7.23,454.31,8799.66,28.65,-87.73,
Keller Finance V2,keller-finance-v2,Dexs,,,,,,
River Omni-CDP,river-omni-cdp,CeDeFi,0.0,0.2,25.44,-100.0,-100.0,
Zest V1,zest-v1,Lending,0.0,0.0,0.0,,,
AshPerp,ashperp,Derivatives,,,,,,
Merchant Moe Liquidity Book,merchant-moe-liquidity-book,Dexs,33.45,353.47999999999996,1688.6100000000001,45.94,-88.3,
ether.fi Liquid,ether.fi-liquid,Onchain Capital Allocator,0.0,0.0,0.0,,,
Synthetix V3,synthetix-v3,Derivatives,,,0.0,,,
Superform,superform,Yield Aggregator,0.0,0.0,0.0,,,
pump.fun,pump.fun,Launchpad,1243936.0,6819730.0,23405552.0,63.46,-0.86,
Arcadia V2,arcadia-v2,Liquidity Manager,0.0,2.18,41.53,,,
fly.trade,fly.trade,Cross Chain Bridge,0.0,0.0,0.0,,,
Avalon Finance,avalon-finance,Lending,0.0,0.0,0.0,,,
Loxodrome AMM,loxodrome-amm,Dexs,0.0,0.04,0.16,,,
YOLO Games,yolo-games,Gaming,0.0,0.44,1.52,-100.0,,
PotatoSwap V2,potatoswap-v2,Dexs,1011.0,4273.0,16240.0,162.6,253.5,
Colend Protocol,colend-protocol,Lending,0.0,0.0,0.0,,,
Aerodrome Slipstream,aerodrome-slipstream,Dexs,240645.0,1467048.0,13222896.0,33.93,37.52,
MorpheusAI,morpheusai,AI Agents,1882.0,13267.0,39386.0,0.75,144.73,
TLX Finance,tlx-finance,Derivatives,,,,,,
Fenix Concentrated Liquidity,fenix-concentrated-liquidity,Dexs,0.0,0.0,0.0,,,
FlowX V3,flowx-v3,Dexs,0.0,0.0,0.0,,,
Keller Finance V3,keller-finance-v3,Dexs,0.0,0.0,0.0,,,
YieldNest,yieldnest,Onchain Capital Allocator,0.0,0.0,0.0,,,
SolvBTC,solvbtc,Bridge,0.0,0.0,0.0,,,
Viridian Exchange,viridian-exchange,Dexs,,,,,,
Zeno Exchange,zeno-exchange,Derivatives,,,,,,
LineHub V3,linehub-v3,Dexs,,,,,,
EISEN Finance,eisen-finance,DEX Aggregator,0.0,0.0,0.0,,,
Cellula,cellula,Gaming,0.0,0.0,0.0,,,
Physica Finance,physica-finance,Dexs,,,,,,
Saphyre V2,saphyre-v2,Dexs,0.0,0.0,0.0,,,
YeiLend,yeilend,Lending,0.0,0.0,0.0,,,
Spectra V2,spectra-v2,Yield,10.09,293.64,1129.8999999999999,70.44,-4.45,
Blend Pools,blend-pools,Lending,0.0,0.0,0.0,,,
stabble Stableswap,stabble-stableswap,Dexs,,,49.410000000000004,,,
Summer.fi Pro,summer.fi-pro,CDP Manager,0.0,0.0,0.0,,,
The Vault Liquid Staking,the-vault-liquid-staking,Liquid Staking,0.0,0.0,0.0,,,
Maverick V2,maverick-v2,Dexs,0.0,0.0,0.0,,,
MagicSea LB,magicsea-lb,Dexs,1014.0,1159.54,5039.73,168.25,752.1,
Clober V2,clober-v2,Dexs,,,,,,
Fenix Standard Pools,fenix-standard-pools,Dexs,0.0,0.0,0.0,,,
Joe V2.2,joe-v2.2,Dexs,478.0,3022.0,5494.09,41.84,146.39,
TermMax,termmax,Lending,0.0,0.0,0.0,,,
Threshold thUSD,threshold-thusd,CDP,0.0,0.0,0.0,,,
FanX Protocol,fanx-protocol,Dexs,0.0,0.0,0.0,,,
Apex Omni,apex-omni,Derivatives,3100.0,46833.0,217708.0,-35.01,-74.84,
Step Finance,step-finance,Portfolio Tracker,,,,,,
BlackRock BUIDL,blackrock-buidl,RWA,0.0,0.0,0.0,,,
Ape Jupiter,ape-jupiter,Launchpad,0.0,0.0,0.0,,,
LayerZero V2,layerzero-v2,Bridge,0.0,0.0,191090.0,,,
Yaka V2,yaka-v2,Dexs,0.12,8.979999999999999,12.119999999999997,0.0,500.0,
Clearpool TPOOL,clearpool-tpool,RWA,0.0,0.0,0.0,,,
Powercity Flex Protocol,powercity-flex-protocol,CDP,0.0,16.91,100.45,,-100.0,
Usual USD0,usual-usd0,RWA,26.0,28170.0,131644.0,0.0,0.0,
SparkDEX V3,sparkdex-v3,Dexs,0.0,0.0,0.01,,,
BMX Freestyle,bmx-freestyle,Derivatives,,,,,,
SolTradingBot,soltradingbot,Telegram Bot,0.0,0.0,0.0,,,
Kinetic,kinetic,Lending,0.0,0.0,0.0,,,
Boson Protocol,boson-protocol,RWA,0.0,0.0,0.0,,,
WaterNeuron,waterneuron,Liquid Staking,108.0,676.0,2678.0,18.68,50.0,
Metaplex,metaplex,Launchpad,70.0,1369.0,54856.0,37.25,-98.32,
GoPlus Security App,goplus-security-app,Developer Tools,0.0,0.0,0.0,,,
Reya Perps,reya-perps,Derivatives,0.0,0.0,0.0,,,
JVault,jvault,Farm,0.0,0.0,5.83,,-100.0,
Bonk Staked SOL,bonk-staked-sol,Liquid Staking,0.0,0.0,0.0,,,
Jupiter Staked SOL,jupiter-staked-sol,Liquid Staking,3057.0,14184.0,60736.270000000004,23.92,-13.62,
DEXTools,dextools,Coins Tracker,0.0,573.0,3469.27,,-100.0,
Helio,helio,Payments,,,,,,
The Graph,the-graph,Developer Tools,0.0,0.0,0.0,,,
Cyberperp,cyberperp,Derivatives,0.0,0.0,0.0,,,
Aquarius Stellar,aquarius-stellar,Dexs,2969.0,29928.0,85515.0,-0.34,122.56,
Euler V2,euler-v2,Lending,0.0,0.02,0.03,,,
Drift Staked SOL,drift-staked-sol,Liquid Staking,0.0,0.0,0.0,,,
Derive Options,derive-options,Options,0.0,0.0,0.0,,,
SushiSwap Agg,sushiswap-agg,DEX Aggregator,0.0,0.0,0.0,,,
Apex DeFi,apex-defi,Dexs,0.0,0.0,0.0,,,
Saphyre V3,saphyre-v3,Dexs,0.0,0.0,0.0,,,
Helix Perp,helix-perp,Derivatives,0.18,1.0699999999999998,4.2,-80.85,-10.0,
Lombard LBTC,lombard-lbtc,Restaked BTC,0.0,0.0,0.0,,,
Treehouse Protocol,treehouse-protocol,DOR,0.0,0.0,0.0,,,
Elixir,elixir,Yield,,,,,,
Lombard Vaults,lombard-vaults,Onchain Capital Allocator,0.0,0.0,0.0,,,
Enosys AMM V3,enosys-amm-v3,Dexs,0.0,0.0,0.0,,,
Limitless Exchange,limitless-exchange,Prediction Market,0.0,0.0,0.0,,,
Folks Finance xChain,folks-finance-xchain,Lending,0.0,0.0,0.0,,,
SparkDEX V3.1,sparkdex-v3.1,Dexs,46.0,737.0,2434.0,-28.13,-37.84,
M0,m0,Stablecoin Issuer,80.55,502.37,2228.520000000001,21.33,28.0,
Trueo,trueo,Prediction Market,0.0,0.0,0.0,,,
SpookySwap V3,spookyswap-v3,Dexs,0.0,0.0,0.0,,,
Origin ARM,origin-arm,Yield,61.0,594.0,2754.0,-18.67,-8.96,
Fragmetric,fragmetric,Liquid Restaking,0.0,0.0,0.0,,,
Kyros,kyros,Liquid Restaking,0.0,0.0,0.0,,,
Bedrock uniBTC,bedrock-unibtc,Anchor BTC,0.0,0.0,0.0,,,
DeepBook V3,deepbook-v3,Dexs,3116.0,4707.0,14999.0,,221.9,
MorFi,morfi,Dexs,0.0,0.0,0.0,,,
Nabla Finance,nabla-finance,Dexs,0.0,0.0,0.0,,,
SpringSui,springsui,Liquid Staking,0.0,0.0,0.0,,,
Avalon USDa,avalon-usda,CDP,0.0,0.0,0.0,,,
Fluid DEX,fluid-dex,Dexs,0.0,0.0,0.0,,,
Molten V3,molten-v3,Dexs,0.0,0.0,0.0,,,
TeleSwap,teleswap,Bridge,0.0,0.0,0.0,,,
Adrena Protocol,adrena-protocol,Derivatives,,,,,,
Solayer Restaking,solayer-restaking,Restaking,0.0,0.0,0.0,,,
SwapMode V3,swapmode-v3,Dexs,0.0,0.0,0.0,,,
Shido Dex V2,shido-dex-v2,Dexs,0.0,0.0,0.0,,,
reddex,reddex,Dexs,0.0,0.0,0.0,,,
Lavarage,lavarage,Derivatives,0.0,0.0,0.0,,,
zkSwap StableSwap,zkswap-stableswap,Dexs,0.0,0.0,0.0,,,
zkSwap V3,zkswap-v3,Dexs,0.0,0.0,0.0,,,
RFX Exchange V1,rfx-exchange-v1,Derivatives,,,,,,
9mm V3,9mm-v3,Dexs,137.0,1300.72,6428.72,30.48,-50.72,
Hydrometer Finance,hydrometer-finance,Dexs,,,,,,
SpringSui Ecosystem,springsui-ecosystem,Liquid Staking,0.0,0.0,0.0,,,
Ubeswap V3,ubeswap-v3,Dexs,0.0,0.0,0.0,,,
Taraswap,taraswap,Dexs,,,,,,
clanker,clanker,Launchpad,0.0,0.0,0.0,,,
Hermes V2,hermes-v2,Yield,0.0,10.01,109.43,,,
Balancer V3,balancer-v3,Dexs,0.0,0.0,0.0,,,
SparkDEX Perps,sparkdex-perps,Derivatives,35.0,2981.0,6474.25,-85.83,-84.16,
Metropolis AMM,metropolis-amm,Dexs,0.19,7.85,30.450000000000006,-92.66,-82.41,
Metropolis DLMM,metropolis-dlmm,Dexs,38.0,771.0,2506.0,-91.68,-51.28,
Hyperliquid Perps,hyperliquid-perps,Derivatives,1298840.0,14567221.0,52993458.0,-23.35,-46.83,
AlphaFi stSUI,alphafi-stsui,Liquid Staking,0.0,0.0,0.0,,,
NEBY DEX,neby-dex,Dexs,,,,,,
Vader AI,vader-ai,AI Agents,0.0,0.0,0.0,,,
Zivoe,zivoe,RWA,0.0,0.0,0.0,,,
Extra Finance Xlend,extra-finance-xlend,Lending,0.0,0.0,0.0,,,
Shadow Exchange CLMM,shadow-exchange-clmm,Dexs,1152.0,10858.0,33397.0,-52.84,-22.16,
SATOSHI PERPS,satoshi-perps,Derivatives,,,,,,
MachFi,machfi,Lending,0.0,0.0,0.0,,,
Virtuals Protocol,virtuals-protocol,AI Agents,0.0,0.0,0.0,,,
Aethir,aethir,Developer Tools,0.0,0.0,0.0,,,
Creator Bid,creator-bid,AI Agents,0.0,0.0,0.0,,,
Navigator,navigator,Derivatives,,,,,,
Silo V2,silo-v2,Lending,0.0,0.0,0.0,,,
SoSoValue Indexes,sosovalue-indexes,Indexes,0.0,0.0,0.0,,,
SakeFinance,sakefinance,Lending,0.0,0.0,0.0,,,
SailFish Finance,sailfish-finance,Dexs,,,,,,
Sailor,sailor,Dexs,0.0,0.0,0.0,,,
Resolv USR,resolv-usr,Basis Trading,,,0.0,,,
Hfun,hfun,Launchpad,0.0,0.0,0.0,,,
SakuraSwap AMM,sakuraswap-amm,Dexs,0.0,0.0,0.0,,,
SakuraSwap CLMM,sakuraswap-clmm,Dexs,0.0,0.0,0.0,,,
Shadow Exchange Legacy,shadow-exchange-legacy,Dexs,66.91,1188.0800000000002,3907.43,-77.99,-65.33,
Origin Sonic,origin-sonic,Liquid Staking,0.0,0.0,0.0,,,
KAIO,kaio,RWA,0.0,0.0,0.0,,,
Uniswap V4,uniswap-v4,Dexs,0.0,0.0,0.0,,,
Looter,looter,Trading App,0.0,0.0,0.0,,,
Kodiak V2,kodiak-v2,Dexs,0.27,1.7600000000000002,11.579999999999997,-12.9,17.39,
Kodiak V3,kodiak-v3,Dexs,287.0,1951.0,7603.29,-4.65,64.0,
Beralis V3,beralis-v3,Dexs,,,,,,
Snake Finance,snake-finance,Algo-Stables,0.0,0.0,0.0,,,
Hyperliquid Spot Orderbook,hyperliquid-spot-orderbook,Dexs,39051.0,489930.0,2170131.0,-32.13,-69.27,
Bulla Exchange,bulla-exchange,Dexs,,,,,,
SoSoValue Basis,sosovalue-basis,Basis Trading,0.0,0.0,0.0,,,
Takara Lend,takara-lend,Lending,,,,,,
Unit,unit,Bridge,0.0,0.0,0.0,,,
Eggs Finance,eggs-finance,Reserve Currency,0.0,0.0,0.0,,,
PulseX StableSwap,pulsex-stableswap,Dexs,45.0,314.0,1629.0,36.36,-55.0,
Lazy Summer Protocol,lazy-summer-protocol,Yield Aggregator,0.0,0.03,0.18999999999999997,-100.0,-100.0,
Beradrome,beradrome,Yield,0.0,0.0,37.16,,,
StellaSwap V4,stellaswap-v4,Dexs,,,,,,
GoPlus Locker V2,goplus-locker-v2,Token Locker,0.0,0.0,0.0,,,
STEAMM,steamm,Dexs,,,0.0,,,
HyperSwap V2,hyperswap-v2,Dexs,57.13,896.3,15960.349999999999,-69.45,-98.95,
HyperSwap V3,hyperswap-v3,Dexs,357.0,5062.0,21925.0,-29.72,-75.63,
Jupiter DCA,jupiter-dca,DCA Tools,2823.0,19926.0,66165.0,49.76,213.67,
Flex Perpetuals,flex-perpetuals,Derivatives,,,,,,
FlareBank,flarebank,Reserve Currency,0.0,87.0,136.03,,,
Puffer Vaults,puffer-vaults,Onchain Capital Allocator,0.0,0.0,0.0,,,
Looped Hype,looped-hype,Yield,0.0,0.0,0.0,,,
Kittenswap AMM,kittenswap-amm,Dexs,4.15,49.91,123.36999999999999,20.99,-36.15,
Ooga Booga,ooga-booga,DEX Aggregator,0.0,0.0,0.0,,,
DefiTuna AMM,defituna-amm,Dexs,3.73,57.33,580.0400000000001,-73.36,-85.08,
SquadSwap Dynamo,squadswap-dynamo,Dexs,0.0,0.0,0.0,,,
sedge,sedge,Dexs,,,,,,
SUITE,suite,Trading App,,,,,,
Finder Bot,finder-bot,AI Agents,0.0,0.0,0.0,,,
PumpSwap,pumpswap,Dexs,0.0,0.0,0.0,,,
HyperLend Pooled,hyperlend-pooled,Lending,0.0,0.0,0.0,,,
Centrifuge Protocol,centrifuge-protocol,RWA,0.0,0.0,0.0,,,
JustBet,justbet,Luck Games,,,,,,
DexToro,dextoro,Trading App,0.0,0.0,0.0,,,
Resupply,resupply,Lending,0.0,15507.0,73068.0,-100.0,-100.0,
BakerDAO,bakerdao,Reserve Currency,0.0,37.43,43.18,-100.0,-100.0,
JPG Store,jpg-store,NFT Marketplace,0.0,0.0,0.0,,,
Katana DEX V3,katana-dex-v3,Dexs,,,,,,
LiquidOps,liquidops,Lending,,,,,,
Impermax V3,impermax-v3,Lending,,,,,,
SyncSwap V3,syncswap-v3,Dexs,0.0,0.0,0.0,,,
Spark Liquidity Layer,spark-liquidity-layer,Onchain Capital Allocator,0.0,0.0,0.0,,,
Seamless Vaults,seamless-vaults,Onchain Capital Allocator,0.0,0.0,0.0,,,
Kittenswap CL,kittenswap-cl,Dexs,37.24,240.41,1281.67,23.31,-45.2,
Bodega Market,bodega-market,Prediction Market,,,,,,
Typus Perp,typus-perp,Derivatives,0.0,0.0,0.0,,,
Mainstreet,mainstreet,Yield,0.0,0.0,0.0,,,
Moonwell Vaults,moonwell-vaults,Onchain Capital Allocator,0.0,0.0,0.0,,,
Lista Lending,lista-lending,Lending,0.0,0.0,0.0,,,
Arbitrum Timeboost,arbitrum-timeboost,MEV,0.0,0.0,0.0,,,
ZORA Coins,zora-coins,Launchpad,0.0,0.0,0.0,,,
LaunchLab,launchlab,Launchpad,12206.0,188461.0,454242.0,-51.64,4037.63,
Rank Trading,rank-trading,Yield,0.0,0.0,0.0,,,
Save SOL,save-sol,Liquid Staking,0.0,0.0,0.0,,,
ZyFAI,zyfai,AI Agents,0.0,0.0,0.0,,,
Haven1 hSwap,haven1-hswap,Dexs,,,,,,
Axie Infinity,axie-infinity,Gaming,0.0,0.0,0.0,,,
Yaka V3,yaka-v3,Dexs,0.01,0.30000000000000004,0.32,0.0,,
Blend Backstop V2,blend-backstop-v2,Insurance,0.0,0.0,0.0,,,
Blend Pools V2,blend-pools-v2,Lending,0.0,0.0,0.0,,,
boop.fun,boop.fun,Launchpad,0.0,0.0,0.0,,,
Sentinel Trader Bot,sentinel-trader-bot,Trading App,0.0,0.0,0.0,,,
PancakeSwap Infinity,pancakeswap-infinity,Dexs,5463.0,25650.0,152507.0,41.53,54.06,
Yala,yala,CDP,0.0,0.0,0.0,,,
AlphaLend,alphalend,Lending,,,,,,
Arena Launch,arena-launch,Launchpad,0.0,0.0,0.0,,,
Launch Coin on Believe,launch-coin-on-believe,Launchpad,0.0,0.0,0.0,,,
XOXNO Liquid Staking,xoxno-liquid-staking,Liquid Staking,0.0,0.0,0.0,,,
Jito MEV Tips,jito-mev-tips,MEV,0.0,0.0,0.0,,,
Strike Finance Perpetuals,strike-finance-perpetuals,Derivatives,2103.0,20890.0,73901.0,-35.61,4.89,
THENA INTEGRAL,thena-integral,Dexs,1305.0,14877.0,58387.0,-36.9,-44.47,
GT3,gt3,Dexs,28.24,210.62,490.2300000000001,102.44,1861.11,
USD AI,usd-ai,RWA,0.0,0.0,0.0,,,
Euler DAO,euler-dao,Risk Curators,,,,,,
Steakhouse Financial,steakhouse-financial,Risk Curators,0.0,0.0,0.0,,,
NEAR Intents,near-intents,Bridge,46283.0,605496.0,1672187.0,-3.33,76.59,
Berachain Incentive Buys,berachain-incentive-buys,Chain,0.0,0.0,0.0,,,
Yearn Curating,yearn-curating,Risk Curators,0.0,0.0,0.0,,,
Hybra V2,hybra-v2,Dexs,0.0,0.0,0.0,,,
Marinade Select,marinade-select,Staking Pool,1801.0,12609.0,46775.0,11.45,28.83,
BONK.fun Launchpad,bonk.fun-launchpad,Launchpad,131177.0,1805344.0,4254498.0,-45.06,3766.11,
BOOKUSD,bookusd,CDP,1.05,112.66,126.78,-67.89,-98.19,
Seamless V2,seamless-v2,Lending,0.0,0.0,0.0,,,
Meteora DAMM V2,meteora-damm-v2,Dexs,0.0,0.0,0.0,,,
MoonPie,moonpie,Launchpad,0.0,0.0,0.0,,,
Meteora Dynamic Bonding Curve,meteora-dynamic-bonding-curve,Launchpad,0.0,0.0,0.0,,,
Gliquid,gliquid,Dexs,0.0,0.0,0.0,,,
Almanak,almanak,Onchain Capital Allocator,0.0,0.0,0.0,,,
Rezerve Money,rezerve-money,Reserve Currency,,,,,,
Alpha Arcade,alpha-arcade,Prediction Market,0.0,0.0,0.0,,,
Hydro Lending,hydro-lending,Lending,0.0,0.0,0.0,,,
Nemo Yield Trading,nemo-yield-trading,Yield,,,,,,
HyperCat,hypercat,Dexs,0.0,0.0,0.0,,,
Volta Markets,volta-markets,Derivatives,0.0,0.0,0.0,,,
Smithii,smithii,Launchpad,0.0,0.0,0.0,,,
Hybra V3,hybra-v3,Dexs,0.0,0.0,0.0,,,
Tapp Exchange,tapp-exchange,Dexs,,,,,,
SSV Network,ssv-network,Staking Pool,10687.0,76084.0,298053.0,7.52,7.34,
Hydrex Integral,hydrex-integral,Dexs,2873.0,132548.0,286212.0,-43.19,-1.91,
EtherFi Borrowing Market,etherfi-borrowing-market,Lending,0.0,0.0,0.0,,,
EtherFi Cash Liquid,etherfi-cash-liquid,Crypto Card Issuer,0.0,0.0,0.0,,,
Liquidswap HL,liquidswap-hl,DEX Aggregator,,,,,,
HyperLend Isolated,hyperlend-isolated,Lending,0.0,0.0,0.0,,,
Jupiter Studio,jupiter-studio,Launchpad,68.0,861.0,37157.0,-88.49,-80.63,
BIM Yield,bim-yield,Yield Aggregator,0.0,0.0,0.0,,,
HyperWave,hyperwave,Yield,0.0,0.0,0.0,,,
Full Sail,full-sail,Dexs,21.62,174.64999999999998,1597.38,-25.35,-97.88,
Blackhole AMM,blackhole-amm,Dexs,787.0,6578.0,11065.06,47.1,262.67,
Blackhole CLMM,blackhole-clmm,Dexs,4531.0,32677.0,83303.0,-31.57,97.77,
LiquidLaunch,liquidlaunch,Launchpad,0.0,0.0,0.0,,,
Kinetiq kHYPE,kinetiq-khype,Liquid Staking,4423.0,32613.0,132851.15,-7.64,-19.67,
Nexapia,nexapia,Dexs,,,,,,
Pangolin V3,pangolin-v3,Dexs,8.2,92.30000000000001,282.43999999999994,-41.47,0.74,
Graphite Protocol,graphite-protocol,Launchpad,17346.0,238745.0,564113.0,-45.11,3763.25,
Parallel Protocol V3,parallel-protocol-v3,CDP,0.0,0.0,0.0,,,
Etherex Legacy,etherex-legacy,Dexs,0.0,0.0,0.0,,,
Etherex CL,etherex-cl,Dexs,104.0,1377.0,5862.0,-45.26,-54.98,
Omni Exchange V3,omni-exchange-v3,Dexs,0.0,0.0,0.0,,,
Axiom Perps,axiom-perps,Interface,0.0,0.0,0.0,,,
Tree News,tree-news,SoFi,2974.0,10713.0,80595.0,-29.41,189.58,
BasedApp,basedapp,Interface,0.0,0.0,0.0,,,
Immutable Orderbook,immutable-orderbook,NFT Marketplace,1153.0,8901.0,32393.0,-0.77,11.72,
Consensus Liquidity DEX,consensus-liquidity-dex,Dexs,0.0,0.0,0.0,,,
Boros,boros,Interest Rate Derivatives,0.0,0.0,0.0,,,
Omni Exchange V2,omni-exchange-v2,Dexs,,,,,,
Omni Exchange Flux,omni-exchange-flux,Dexs,,,,,,
Sendshot,sendshot,Launchpad,0.0,0.0,0.0,,,
HumidiFi,humidifi,Dexs,0.0,0.0,0.0,,,
Kinto Hyperliquid,kinto-hyperliquid,Interface,,,,,,
ADEN,aden,Interface,,,,,,
Earnium,earnium,Dexs,,,,,,
Jito DAO,jito-dao,DAO Service Provider,0.0,0.0,0.0,,,
Aqua,aqua,Telegram Bot,,,,,,
Quickswap V4,quickswap-v4,Dexs,38.8,529.5699999999999,1406.11,-0.08,-19.05,
cap,cap,Lending,0.0,0.0,0.0,,,
Apollo Diversified Credit Securitize Fund,apollo-diversified-credit-securitize-fund,RWA,0.0,0.0,0.0,,,
Fluid DEX Lite,fluid-dex-lite,Dexs,0.0,0.0,0.0,,,
Heaven,heaven,Dexs,0.0,0.0,0.0,,,
Nemo Vault,nemo-vault,Yield Aggregator,,,,,,
Jupiter Lend,jupiter-lend,Lending,3838.0,25390.0,99303.0,12.85,15.22,
OkieSwap V3,okieswap-v3,Dexs,,,,,,
ZeroLend Vaults,zerolend-vaults,Risk Curators,0.0,0.0,0.0,,,
Livepeer,livepeer,Video Infrastructure,907.0,6720.0,74927.0,-9.84,29.02,
BrownFi V2,brownfi-v2,Dexs,,,,,,
Kittenswap Algebra,kittenswap-algebra,Dexs,840.0,6068.0,30276.0,-7.08,-15.83,
Helium Network,helium-network,DePIN,0.0,0.0,0.0,,,
Upheaval V3,upheaval-v3,Dexs,0.0,0.0,0.0,,,
VanEck Treasury Fund,vaneck-treasury-fund,RWA,0.0,0.0,0.0,,,
Privacy Cash,privacy-cash,Privacy,,,,,,
PancakeSwap Prediction,pancakeswap-prediction,Prediction Market,6471.0,56308.0,216423.0,-13.07,-38.43,
Myriad Markets,myriad-markets,Prediction Market,,,,,,
W-DEX,w-dex,Dexs,0.0,0.0,0.0,,,
edgeX Perps,edgex-perps,Derivatives,19434.0,144469.0,621469.0,-3.66,-8.57,
Paradex Perps,paradex-perps,Derivatives,0.0,0.0,9686.0,,,
WinnieSwap,winnieswap,Dexs,,,,,,
SpinUp Launchpad,spinup-launchpad,Launchpad,0.0,0.0,0.0,,,
SpinUp DEX,spinup-dex,Dexs,0.0,0.0,0.0,,,
Collector Crypt,collector-crypt,Physical TCG,0.0,0.0,0.0,,,
Zapzy,zapzy,Launchpad,,,,,,
Phygitals,phygitals,Physical TCG,0.0,0.0,0.0,,,
Bucket Protocol V2,bucket-protocol-v2,CDP,48.0,3120.0,13296.410000000002,-90.82,3016.88,
OkieSwap Stableswap,okieswap-stableswap,Dexs,,,,,,
Blockchain Capital,blockchain-capital,RWA,0.0,0.0,0.0,,,
PancakeSwap Lottery,pancakeswap-lottery,Luck Games,609.0,6030.88,25124.530000000002,469.16,-13.25,
Hamilton Lane Senior Credit Opportunities Securitize Fund,hamilton-lane-senior-credit-opportunities-securitize-fund,RWA,0.0,0.0,0.0,,,
Ultrasolid V3,ultrasolid-v3,Dexs,0.0,0.0,0.0,,,
Alkimi,alkimi,Services,,,,,,
Aster Spot,aster-spot,Dexs,40424.0,792830.0,4284100.0,-62.56,-73.57,
Cashmere,cashmere,Bridge,0.0,0.0,0.0,,,
BabyDoge Algebra,babydoge-algebra,Dexs,,0.0,0.0,,,
Emporium,emporium,Physical TCG,,,,,,
HyperTek,hypertek,Prediction Market,0.0,0.0,0.0,,,
Lighter Perps,lighter-perps,Derivatives,48667.0,651657.0,2717196.0,-1.75,-65.62,
Migrate.Fun,migrate.fun,Interface,0.0,0.0,0.0,,,
DefiTuna Liquidity,defituna-liquidity,Liquidity Manager,29.0,288.54,1289.6799999999998,-14.71,20.83,
Surf Liquid,surf-liquid,Yield,0.02,0.14,0.6200000000000002,0.0,0.0,
Qubic Idle Compute,qubic-idle-compute,Mining Pools,0.0,0.0,0.0,,,
Yield Basis,yield-basis,Leveraged Farming,0.0,0.0,3880.0,,,
PacaSwap DEX,pacaswap-dex,Dexs,,,0.0,,,
Falcon Finance,falcon-finance,Basis Trading,0.0,0.0,0.0,,,
Kinetiq Earn,kinetiq-earn,Yield Aggregator,0.0,0.0,0.0,,,
Lithos,lithos,Dexs,0.0,0.0,0.0,,,
TokenWorks,tokenworks,NFT Automated Strategies,1846.0,201349.0,215060.74,29.09,511.26,
Salsadex,salsadex,Interface,0.0,0.0,0.0,,,
Quanto,quanto,Derivatives,,,,,,
Giza,giza,AI Agents,0.0,0.0,0.0,,,
BabyDoge Perps,babydoge-perps,Interface,0.0,0.0,0.0,,,
Aspecta BuildKey,aspecta-buildkey,SoFi,0.0,0.0,0.0,,,
NodeOps,nodeops,DePIN,0.0,0.0,0.0,,,
Aborean AMM,aborean-amm,Dexs,119.0,779.99,2256.5099999999998,92.4,107.24,
Aborean CL,aborean-cl,Dexs,743.0,5410.0,20284.0,27.66,-35.78,
Lorenzo sUSD1+,lorenzo-susd1+,Yield,0.0,0.0,0.0,,,
DyorSwap Launchpad,dyorswap-launchpad,Launchpad,0.0,0.0,0.0,,,
Pharaoh V3 Legacy,pharaoh-v3-legacy,Dexs,1482.0,3113.71,10263.05,12.61,78.99,
Pharaoh V3,pharaoh-v3,Dexs,51127.0,453138.0,1082921.0,-4.55,368.67,
Rainbow Perps,rainbow-perps,Interface,0.0,0.0,0.0,,,
foxify,foxify,Derivatives,180.0,1879.0,6458.0,-55.0,34.33,
Cetus DLMM,cetus-dlmm,Dexs,0.0,0.0,0.0,,,
Upheaval Spot AMM,upheaval-spot-amm,Dexs,0.0,0.0,0.0,,,
JAINE,jaine,Dexs,0.0,0.0,0.0,,,
Open Stablecoin Index,open-stablecoin-index,Indexes,0.0,0.0,0.0,,,
Hybra V4,hybra-v4,Dexs,1077.0,8310.0,36941.0,-2.09,-53.82,
PrimeFi,primefi,Lending,0.0,0.0,0.0,,,
ORE Protocol,ore-protocol,Gamified Mining,87794.0,624986.0,2428488.0,-3.92,-18.53,
Zia,zia,Dexs,0.0,0.0,0.0,,,
Mantle Index Four Fund,mantle-index-four-fund,RWA,0.0,0.0,0.0,,,
Collex,collex,Physical TCG,,,,,,
Wrapped HLP,wrapped-hlp,Yield,0.0,0.0,0.0,,,
Rain,rain,Prediction Market,0.0,0.0,2.0,,,
OPINION,opinion,Prediction Market,0.0,0.0,0.0,,,
FlowSwap V3,flowswap-v3,Dexs,0.0,0.0,0.0,,,
Shroomy Protocol Swap,shroomy-protocol-swap,Dexs,0.0,0.0,0.0,,,
DoubleZero Network,doublezero-network,Developer Tools,,,,,,
Volo LST,volo-lst,Liquid Staking,0.0,0.0,0.0,,,
THORSwap,thorswap,DEX Aggregator,4541.0,42918.0,122266.0,159.78,-48.39,
Unlock Protocol,unlock-protocol,Payments,0.0,0.0,0.0,,,
P2P.me,p2p.me,Payments,0.0,0.0,0.0,,,
Infinex Perp,infinex-perp,Interface,0.0,0.0,0.0,,,
PotatoSwap V3,potatoswap-v3,Dexs,,,,,,
AllBlue Stable,allblue-stable,Yield,,,0.0,,,
DoubleZero Staked SOL,doublezero-staked-sol,Liquid Staking,0.0,0.0,0.0,,,
Luna.fun,luna.fun,Launchpad,0.0,0.0,0.0,,,
Baumz,baumz,Interface,0.0,0.0,0.0,,,
Kodiak Perps,kodiak-perps,Interface,0.0,0.0,0.0,,,
Neverland,neverland,Lending,537.0,4324.389999999999,23656.05,411.43,-62.18,
Piku Finance,piku-finance,Basis Trading,0.0,0.0,0.0,,,
Beamable Network,beamable-network,DePIN,0.0,0.0,0.0,,,
Hivemapper,hivemapper,DePIN,0.01,0.02,38290.23,,,
GODL protocol,godl-protocol,Gamified Mining,8376.0,74532.0,291941.0,-23.95,-52.59,
LeverUp,leverup,Derivatives,0.0,0.0,0.0,,,
Futarchy AMM,futarchy-amm,Dexs,0.0,0.0,0.0,,,
ZORB,zorb,Gamified Mining,0.0,0.0,0.0,,,
Capx AI,capx-ai,AI Agents,,,,,,
Pear Interface,pear-interface,Interface,471.0,5033.0,33811.0,-40.3,-86.45,
Stabull Finance,stabull-finance,Dexs,0.0,0.0,0.0,,,
Haystack,haystack,Trading App,43.0,328.95,1000.8700000000001,-73.94,330.0,
Jupiter Prediction,jupiter-prediction,Interface,0.0,0.0,0.0,,,
HYENA,hyena,Interface,0.0,0.0,0.0,,,
Kasu,kasu,Uncollateralized Lending,0.0,0.0,0.0,,,
LiquidCore,liquidcore,Dexs,0.0,0.0,0.0,,,
Macaron.bid,macaron.bid,Gamified Mining,,,0.0,,,
Based Predict,based-predict,Interface,0.0,0.0,0.0,,,
Polycule,polycule,Interface,0.0,2603.94,2618.38,,,
Donut,donut,Farm,0.0,0.0,0.0,,,
Lighter Spot,lighter-spot,Dexs,0.0,0.0,0.0,,,
Pleasing Gold,pleasing-gold,RWA,0.0,0.0,0.0,,,
Chatter Shield,chatter-shield,Developer Tools,0.0,0.0,0.0,,,
FAITH Protocol,faith-protocol,Gamified Mining,15.0,221.0,772.72,15.38,-68.75,
AUR Protocol,aur-protocol,Gamified Mining,0.0,0.0,0.0,,,
NICKEL,nickel,Gamified Mining,0.0,0.0,0.0,,,
PossumLabs,possumlabs,Launchpad,2.83,6.680000000000001,96.59000000000002,2258.33,,
Securitize Tokenized AAA CLO Fund,securitize-tokenized-aaa-clo-fund,RWA,0.0,0.0,0.0,,,
OpenLedger,openledger,Decentralized AI,0.0,0.0,0.0,,,
Pizza City,pizza-city,Gamified Mining,,,,,,
Permapod,permapod,Lending,,,0.0,,,
nest CL,nest-cl,Dexs,12894.0,179392.0,559821.0,-56.07,-45.99,
Space and Time,space-and-time,Developer Tools,0.0,0.0,0.0,,,
o1.exchange Trading Terminal,o1.exchange-trading-terminal,Trading App,0.0,0.0,0.0,,,
Infinex Spot,infinex-spot,Dexs,0.0,0.0,0.0,,,
GroypFi,groypfi,DEX Aggregator,0.0,0.0,0.0,,,
CHOPCORP,chopcorp,Gamified Mining,,,0.0,,,
Orynth,orynth,Launchpad,0.0,0.0,0.0,,,
Mezo Borrow,mezo-borrow,CDP,0.0,0.0,0.0,,,
Coin98 Perps,coin98-perps,Interface,0.0,0.0,0.0,,,
GTR.trade Perps,gtr.trade-perps,Interface,0.0,0.0,0.0,,,
GMX Solana,gmx-solana,Derivatives,0.0,0.0,0.0,,,
COAL,coal,Gamified Mining,0.0,0.0,0.0,,,
DLMM KING Pools,dlmm-king-pools,Dexs,,,,,,
Flying Tulip Yield,flying-tulip-yield,Services,0.0,0.0,0.0,,,
Mixoor,mixoor,Privacy,0.0,0.0,0.0,,,
FLock.io,flock.io,Decentralized AI,0.0,0.0,0.0,,,
SoDEX Perps,sodex-perps,Derivatives,0.0,0.0,0.0,,,
SoDEX Spot,sodex-spot,Dexs,0.0,0.0,0.0,,,
Bankr,bankr,Interface,0.0,0.0,0.0,,,
Xeleb Protocol,xeleb-protocol,AI Agents,0.0,0.0,0.0,,,
SparkDEX V4,sparkdex-v4,Dexs,226.0,4432.0,15201.0,-59.86,-60.07,
Tria Card,tria-card,Crypto Card Issuer,0.0,0.0,0.0,,,
Supernova AMM,supernova-amm,Dexs,110.0,167.73000000000002,371.93000000000006,2519.05,1353.1,
Supernova CL,supernova-cl,Dexs,399.0,4002.0,11839.0,-19.72,3.91,
Rifts Finance,rifts-finance,Yield,0.0,0.0,0.0,,,
Fwog.fun,fwog.fun,Launchpad,,,,,,
HoneyPlay AMM,honeyplay-amm,Dexs,0.0,0.0,0.0,,,
HoneyPlay Liquid Staking,honeyplay-liquid-staking,Liquid Staking,0.0,0.0,0.0,,,
MineBTC,minebtc,Gamified Mining,0.0,0.0,0.0,,,
Hikari Finance,hikari-finance,Yield,0.0,0.0,0.0,,,
Zenland,zenland,Services,0.0,0.0,0.0,,,
Cooler Loans,cooler-loans,Lending,0.0,0.0,0.0,,,
Printr,printr,Launchpad,0.0,3.58,36.36,-100.0,-100.0,
Zest V2,zest-v2,Lending,0.0,0.0,0.0,,,
Arena Perps,arena-perps,Interface,0.0,0.0,0.0,,,
HoneyPlay Marketplace,honeyplay-marketplace,NFT Marketplace,0.0,0.0,0.0,,,
Hyperlane,hyperlane,Cross Chain Bridge,0.0,0.0,0.0,,,
WELEPHANT,welephant,Gamified Mining,0.0,0.0,0.0,,,
Minswap Aggregator,minswap-aggregator,DEX Aggregator,0.0,0.0,0.0,,,
Liquidium,liquidium,Lending,0.0,0.0,0.0,,,
Pyth Core,pyth-core,Oracle,0.0,0.0,0.0,,,
MineBean,minebean,Gamified Mining,908.0,4803.0,25460.0,71.64,-29.88,
Aave Labs,aave-labs,Developer Tools,0.0,0.0,0.0,,,
AllBlue V3,allblue-v3,Dexs,,,,,,
Venus Flux,venus-flux,Lending,0.0,0.0,0.0,,,
AlphaFi Lending,alphafi-lending,Lending,0.0,0.0,0.0,,,
Megamine,megamine,Gamified Mining,0.0,0.0,0.0,,,
Bitway Earn,bitway-earn,Basis Trading,,,,,,
PigeonHouse,pigeonhouse,Launchpad,0.0,0.0,0.0,,,
Mento V3,mento-v3,Dexs,0.0,0.0,0.0,,,
Rainbow Predictions,rainbow-predictions,Interface,0.0,0.0,0.0,,,
HyperSwap Terminal,hyperswap-terminal,Interface,,,,,,
Jupiter Limit,jupiter-limit,DEX Aggregator,2.76,108.45000000000002,510.47,76.92,-88.5,
Omnipair,omnipair,Lending,0.0,0.0,0.0,,,
MineLoot,mineloot,Gamified Mining,0.0,0.0,0.0,,,
World Liberty Financial,world-liberty-financial,Lending,0.0,0.0,0.0,,,
Virtus Protocol AMM,virtus-protocol-amm,Dexs,0.0,0.0,0.0,,,
Virtus Protocol CL,virtus-protocol-cl,Dexs,42.72,161.11,1055.1299999999999,63.87,-35.52,
Edel,edel,Lending,0.0,0.0,0.0,,,
Kinetiq Markets,kinetiq-markets,Interface,0.0,0.0,0.0,,,
Arbitrage Inc,arbitrage-inc,DEX Aggregator,0.0,0.0,0.0,,,
Aave V4,aave-v4,Lending,0.0,0.0,0.0,,,
Lista DEX,lista-dex,Dexs,0.0,0.0,0.0,,,
AirNFTs,airnfts,NFT Marketplace,0.0,0.0,0.0,,,
Layer3,layer3,Foundation,0.0,0.0,0.0,,,
NFPrompt,nfprompt,NFT Marketplace,0.0,0.0,0.0,,,
Sushi Perps,sushi-perps,Interface,0.0,0.0,0.0,,,
Holoworld AI,holoworld-ai,Launchpad,0.0,0.0,0.0,,,
Saphyre RFQ,saphyre-rfq,Dexs,0.0,0.0,0.0,,,
DexFi Aggregator,dexfi-aggregator,Yield Aggregator,362.0,2493.0,13365.0,22.3,2.26,
THORWallet,thorwallet,DEX Aggregator,5292.0,39738.0,42637.0,3358.82,10484.0,
Auki,auki,DePIN,49.0,2234.0,3238.2799999999997,,88.46,
Anoncoin,anoncoin,Launchpad,0.0,0.0,0.0,,,
Rainbow Token Launchpad,rainbow-token-launchpad,Launchpad,0.0,0.0,0.0,,,
Paxos Stablecoin Issuer,paxos-stablecoin-issuer,Stablecoin Issuer,0.0,0.0,0.0,,,
Streamlock,streamlock,Launchpad,0.0,0.0,0.0,,,
Alchemix V3,alchemix-v3,Synthetics,0.0,0.0,0.0,,,
Flying Tulip Lend,flying-tulip-lend,Lending,0.0,0.0,0.0,,,
LayerZero V1,layerzero-v1,Bridge,0.0,0.0,0.0,,,
Flying Tulip ftUSD,flying-tulip-ftusd,Yield Aggregator,0.0,0.0,0.0,,,
ShapeSwap V2,shapeswap-v2,Dexs,0.0,0.0,0.0,,,
ShapeSwap V3,shapeswap-v3,Dexs,0.0,0.0,0.0,,,
Terminal,terminal,Telegram Bot,0.0,0.0,0.0,,,
Trust Wallet Perps,trust-wallet-perps,Interface,0.0,0.0,0.0,,,
Tempo Fee AMM,tempo-fee-amm,Dexs,0.0,0.0,0.0,,,
Dune Protocol,dune-protocol,Gamified Mining,0.0,0.0,0.0,,,
Tsunami V3,tsunami-v3,Dexs,,,,,,
Jade,jade,Gamified Mining,97.0,698.0,3488.0,-8.49,-41.57,
Land Bid,land-bid,Gamified Mining,,,,,,
Ready Cards,ready-cards,Physical TCG,0.0,0.0,0.0,,,
Yeet BGT Auction,yeet-bgt-auction,Gamified Mining,0.0,0.0,0.0,,,
aPriori,apriori,Liquid Staking,0.0,0.0,0.0,,,
Fidelity Digital Interest Token,fidelity-digital-interest-token,RWA,0.0,0.0,0.0,,,
Synthetix V4,synthetix-v4,Derivatives,0.0,0.0,0.0,,,
ClawdStrategy,clawdstrategy,AI Agents,0.0,13.0,78.0,-100.0,,
BendDAO Lending V2,benddao-lending-v2,NFT Lending,0.03,0.21,0.6700000000000003,50.0,50.0,
Reental,reental,RWA,0.0,0.0,0.0,,,
OpenChat,openchat,SoFi,0.0,0.0,0.0,,,
Silo V3,silo-v3,Lending,0.0,0.0,0.0,,,
Topaz CL,topaz-cl,Dexs,2285.0,21596.0,87349.0,-48.74,61.37,
Sky Money,sky-money,Risk Curators,0.0,0.0,0.0,,,
Venice,venice,Farm,17392.0,111541.0,820741.0,18.13,21.25,
DIEM Relay,diem-relay,Liquid Staking,45.0,437.0,1525.73,-8.16,60.71,
Telemetry,telemetry,Trading App,0.0,0.0,0.0,,,
lisAster,lisaster,Yield Aggregator,0.0,0.0,0.0,,,
Bond,bond,Dexs,0.0,0.0,0.0,,,
Alt Fun,alt-fun,Launchpad,0.0,0.0,0.0,,,
Clutch Anvil AMM,clutch-anvil-amm,Dexs,0.0,0.0,0.0,,,
DoubleZero Edge,doublezero-edge,Developer Tools,0.0,0.0,393.93,,-100.0,
hodl.dance,hodl.dance,Launchpad,0.0,0.0,0.0,,,
Kaskad,kaskad,Lending,0.0,0.0,0.0,,,
Ryze Protocol,ryze-protocol,Dexs,,,,,,
Blink Perps,blink-perps,Interface,0.0,0.0,0.0,,,
Topaz AMM,topaz-amm,Dexs,10.09,691.09,2819.2899999999995,-19.67,-54.47,
America.Fun,america.fun,Launchpad,0.0,2.2,19.99,,,
ZINC,zinc,Gamified Mining,3.86,59.3,3071.6599999999994,-86.24,-96.22,
ClaimRush,claimrush,Gamified Mining,0.0,0.67,45331.33,,-100.0,
Render Network BME,render-network-bme,DePIN,8617.0,47045.0,209864.0,138.57,145.64,
Near Perps,near-perps,Interface,0.0,0.0,0.0,,,
Curve LlamaLend V2,curve-llamalend-v2,Lending,0.0,0.0,0.0,,,
Piteas,piteas,DEX Aggregator,0.0,0.0,0.0,,,
Pharaoh DLMM,pharaoh-dlmm,Dexs,40177.0,377297.0,968124.0,57.35,3.86,
sTONks,stonks,Launchpad,0.0,0.0,0.0,,,
Avici,avici,Crypto Card Issuer,0.0,0.0,0.0,,,
Kinetiq Launch,kinetiq-launch,Liquid Staking,0.03,172.27,566.4799999999999,-99.84,-99.82,
Mercury,mercury,Gamified Mining,0.0,0.0,0.0,,,
sendfun Launchpad,sendfun-launchpad,Launchpad,0.0,0.0,0.0,,,
Sendfun DEX,sendfun-dex,Dexs,0.0,0.0,0.0,,,
FanVibe,fanvibe,Prediction Market,0.0,0.0,0.0,,,
Bloxwap,bloxwap,Interface,0.0,0.0,0.0,,,
Ramses Legacy V2,ramses-legacy-v2,Dexs,584.0,3175.74,97642.74,147.46,0.69,
Ramses CL V2,ramses-cl-v2,Dexs,8391.0,65337.0,434432.0,-15.69,64.43,
HookOS,hookos,Launchpad,0.0,0.0,0.0,,,
Jupiter Offerbook,jupiter-offerbook,Lending,0.0,0.0,0.0,,,
Atomic Perps,atomic-perps,Interface,0.0,0.0,0.0,,,
Tria Perps,tria-perps,Interface,0.0,0.0,0.0,,,
Defi App Perps,defi-app-perps,Interface,0.0,0.0,0.0,,,
Samsara,samsara,Onchain Capital Allocator,0.0,15.56,467.75,,,
XOXNO Lending,xoxno-lending,Lending,0.0,0.0,0.0,,,
Money Protocol,money-protocol,CDP,0.0,0.0,0.0,,,
TrueCurrent,truecurrent,Derivatives,1.04,13.68,83.61000000000001,-11.11,-65.56,
Kaito Capital Launchpad,kaito-capital-launchpad,Launchpad,0.0,0.0,0.0,,,
Wei Name Service,wei-name-service,Domains,35.08,4220.79,6302.58,,-57.06,
PEPTIDES,peptides,Interface,0.0,0.0,115.0,,,
Quainance DEX,quainance-dex,Dexs,0.0,0.0,0.0,,,
DropSwap,dropswap,DEX Aggregator,0.0,0.0,0.0,,,
FrothSwap,frothswap,Dexs,0.0,0.0,0.0,,,
SLVR,slvr,Gamified Mining,26052.0,293384.0,1346789.0,-50.63,73.98,
SwapHood V2,swaphood-v2,Dexs,0.0,0.0,145.10000000000002,,-100.0,
SwapHood V3,swaphood-v3,Dexs,54.77,216.54999999999998,1176.6799999999998,44.4,35.4,
1inch Aqua,1inch-aqua,Dexs,0.0,0.0,0.0,,,
Based Alpha,based-alpha,Launchpad,0.0,0.0,0.0,,,
flowr,flowr,Gamified Mining,0.0,0.0,0.0,,,
StableJack Perps,stablejack-perps,Interface,0.0,0.0,0.0,,,
Catnip,catnip,Dexs,0.0,0.0,0.0,,,
IMF,imf,Launchpad,0.0,0.0,0.0,,,
MiroShark x402 API,miroshark-x402-api,AI Agents,0.0,0.0,0.0,,,
aeon,aeon,AI Agents,0.0,0.0,0.0,,,
Pons V1,pons-v1,Launchpad,295215.0,1680917.0,16198469.0,110.43,693.82,
MiroShark Token,miroshark-token,AI Agents,0.0,0.0,0.0,,,
up v2,up-v2,Dexs,970.0,7747.0,42007.0,47.87,281.89,
up v3,up-v3,Dexs,38430.0,275223.0,1613829.0,9.71,17.78,
StonkBrokers Safety Deposit Box,stonkbrokers-safety-deposit-box,Token Locker,0.0,18082.0,182274.0,-100.0,-100.0,
bot.fun,bot.fun,Launchpad,41.38,226.81,1941.96,58.97,-40.87,
GIGA V2,giga-v2,Dexs,342.0,2694.87,47835.87,-47.79,,
GIGA V3,giga-v3,Dexs,3431.0,21467.0,120730.0,29.47,,
Peeps,peeps,Launchpad,0.0,0.0,0.0,,,
HoodMint,hoodmint,Launchpad,0.0,0.0,0.0,,,
Lighter Robinhood Perps,lighter-robinhood-perps,Derivatives,0.0,0.0,0.0,,,
Morpho Midnight,morpho-midnight,Lending,0.0,0.0,0.0,,,
MinePea,minepea,Gamified Mining,0.0,0.0,1847.97,,-100.0,
STEEL,steel,Gamified Mining,0.0,0.0,0.0,,,
Fake World Assets V1,fake-world-assets-v1,Luck Games,0.0,6599.0,259366.0,-100.0,-100.0,
Ramses DLMM,ramses-dlmm,Dexs,85.0,768.0,14032.0,-77.09,-83.62,
o1 Launchpad,o1-launchpad,Launchpad,0.0,0.0,0.0,,,
Jupiter Lend DEX,jupiter-lend-dex,Dexs,0.0,0.0,0.0,,,
AGNT,agnt,Launchpad,0.0,0.0,0.0,,,
Robhood,robhood,Gamified Mining,0.0,0.0,0.0,,,
Orchard,orchard,Gamified Mining,0.0,0.0,104.27,-100.0,-100.0,
LUNA,luna,Gamified Mining,0.0,0.0,0.0,,,
Lista Pre-IPO,lista-pre-ipo,Launchpad,0.0,0.0,0.0,,,
Sushi Launchpad,sushi-launchpad,Launchpad,0.0,0.0,0.0,,,
Boardwalk,boardwalk,Launchpad,0.0,0.0,0.0,,,
ROAR,roar,Gamified Mining,0.0,0.0,0.0,,,
DexLaunch,dexlaunch,Launchpad,0.0,0.0,43.91,,,
StockRip,stockrip,Gamified Mining,0.0,0.0,0.0,,,
Orvex,orvex,Dexs,360.0,2136.0,26110.0,-13.46,-53.96,
Pools,pools,Launchpad,0.0,0.0,0.0,,,
LetsCash,letscash,Launchpad,133.0,444.51,27180.439999999995,60.38,-93.34,
Kayen Finance LST,kayen-finance-lst,Liquid Staking,0.0,0.0,0.0,,,
Sat Rush,sat-rush,Gamified Mining,1510.0,17521.0,22631.0,31.19,,
LFJ POE,lfj-poe,Dexs,0.0,0.0,0.0,,,
Alandale V3,alandale-v3,Dexs,3134.0,19758.0,129796.0,52.65,-44.2,
pump.fun Mobile App,pump.fun-mobile-app,Interface,0.0,0.0,0.0,,,
Vultisig,vultisig,DEX Aggregator,0.0,0.0,0.0,,,
The Index,the-index,Indexes,0.0,23427.0,267965.0,,-100.0,
What The Hook,what-the-hook,Liquidity Automation,0.0,0.0,0.0,,,
MINER,miner,Gamified Mining,0.0,19.01,283.52,-100.0,-100.0,
SquadSwap Thanos,squadswap-thanos,Dexs,0.0,0.0,0.0,,,
prism,prism,DePIN,0.0,0.0,0.0,,,
StonkFun,stonkfun,Launchpad,287036.0,3993115.0,12441950.0,-48.08,2442.39,
Deepstate,deepstate,Dexs,0.0,23.63,10839.130000000001,-100.0,-100.0,
Rujira Trade,rujira-trade,Dexs,0.0,0.0,0.0,,,
Fake Wall Street,fake-wall-street,Luck Games,0.0,0.0,0.0,,,
lockin,lockin,Trading App,0.0,0.0,0.0,,,
token.select,token.select,Launchpad,0.0,0.0,0.0,,,
topblast.lol,topblast.lol,Launchpad,0.0,0.0,0.0,,,
Kintara,kintara,Gaming,0.0,0.0,9.059999999999999,-100.0,,
Robin Labs,robin-labs,Launchpad,0.0,0.0,0.0,,,
Ansem.io,ansem.io,Launchpad,5.84,82.66000000000001,2695.71,-48.23,-85.95,
Immunefi,immunefi,Services,0.0,0.0,0.0,,,
STONX,stonx,Dexs,677.0,8256.0,38389.0,-19.69,-52.09,
Umia,umia,Launchpad,0.0,0.0,0.0,,,
BidGrid,bidgrid,Gamified Mining,19691.0,240568.0,550099.0,-13.72,395.25,
Robin,robin,Domains,,,0.0,,,
Hookers,hookers,Launchpad,93.06,948.0,11035.0,-35.82,-48.87,
Raphael Exchange AMM,raphael-exchange-amm,Dexs,13.19,127.42000000000002,6544.26,-56.37,,
PAIR,pair,Launchpad,0.0,0.0,0.0,,,
Archade,archade,Launchpad,,,0.0,,,
SolStocker,solstocker,Launchpad,0.0,0.0,46.64,,,
Loopr,loopr,Yield,0.0,0.0,0.0,,,
Pez Family,pez-family,Launchpad,0.0,0.0,0.0,,,
Umbrae,umbrae,Dexs,0.0,0.0,0.0,,,
WESO DeFi,weso-defi,Dexs,0.0,0.0,0.0,,,
Jetbit,jetbit,Derivatives,0.0,0.0,0.0,,,
Bucket Shop,bucket-shop,Yield,1262.0,10309.0,41122.0,201.19,9.36,
Attention Mine,attention-mine,Gamified Mining,0.0,0.0,0.0,,,
World is Flat,world-is-flat,Onchain Voting,0.0,0.0,0.0,,,
Gage,gage,Lending,45.88,190.26999999999998,1614.86,313.71,,
Cook Market,cook-market,Launchpad,0.0,0.0,0.0,,,
LienFi,lienfi,RWA,0.0,0.0,0.0,,,
BaseStonk,basestonk,Launchpad,472.0,5449.0,139538.0,-19.45,-84.46,
Raphael Exchange CL,raphael-exchange-cl,Dexs,371.0,3129.0,12186.0,-28.38,,
HASHCATS,hashcats,Gamified Mining,347.0,7181.0,564071.0,-96.01,,
Route,route,DEX Aggregator,0.0,0.0,22332.0,,,
DexLab,dexlab,Launchpad,0.0,0.0,0.0,,,
SHROOM Token,shroom-token,Meme,294.0,22395.0,628270.0,-84.07,,
SHROOM Treasury,shroom-treasury,Liquidity Manager,0.0,0.0,0.0,,,
Hot Take,hot-take,Prediction Market,0.0,0.0,0.0,,,
Kinetiq Validators,kinetiq-validators,Liquid Staking,445.0,3369.0,13699.0,-10.82,-8.06,
Kinetiq KNTQ,kinetiq-kntq,Services,0.0,0.0,0.0,,,
copyfomo,copyfomo,Telegram Bot,281.0,11311.0,20033.0,-9.35,,
GuessOne,guessone,Gamified Mining,0.0,25.900000000000002,155.71,-100.0,,
Tolly,tolly,Launchpad,68.52,1229.53,2162.46,-7.32,,
ArcLotls,arclotls,Gamified Mining,1.8,59.9,70.7,-66.67,,
vibes.fun,vibes.fun,Launchpad,0.0,0.0,18.43,,,
REP369,rep369,Meme,0.0,0.0,0.0,,,
Foci,foci,Launchpad,1240.0,24842.0,25512.78,,,
TickerSpring Vaults,tickerspring-vaults,Liquidity Automation,2.52,90.06000000000002,136.35000000000002,-5.62,,
Argus World,argus-world,Launchpad,0.0,0.0,0.0,,,
DaWabLauncher,dawablauncher,Launchpad,0.0,0.0,0.0,,,
Mog,mog,Derivatives,0.57,1132.31,1746.31,-99.9,,
StonkBrokers Nightshades,stonkbrokers-nightshades,Launchpad,0.0,0.0,0.0,,,
StonkBrokers Smart LP,stonkbrokers-smart-lp,Liquidity Manager,80.72,515.84,2238.1200000000003,88.07,,
StonkBrokers Anvil,stonkbrokers-anvil,NftFi,1651.0,32548.0,268499.0,-93.89,-71.3,
StonkBrokers Broker Box,stonkbrokers-broker-box,Luck Games,0.0,0.0,0.0,,,
StonkBrokers Safe Launch,stonkbrokers-safe-launch,Launchpad,0.0,0.0,0.0,,,
Genius.fun,genius.fun,Launchpad,0.0,0.0,0.0,,,
LIFT V1,lift-v1,Launchpad,0.0,0.0,0.0,,,
LIFT V2,lift-v2,Launchpad,0.0,0.0,0.0,,,
Arctide DEX,arctide-dex,Dexs,247.0,2958.0,4102.09,-55.97,,
Kiltr,kiltr,Dexs,0.0,0.0,0.0,,,
Denaria GMX,denaria-gmx,Derivatives,0.0,0.0,0.0,,,
StonkBrokers Desks,stonkbrokers-desks,NftFi,0.0,0.0,0.0,,,
kicker,kicker,Yield,0.0,3.25,64.72,-100.0,,
Archery V3,archery-v3,Dexs,23.42,14.81,14.81,,,
Gas,gas,Gaming,508.0,8913.0,8913.0,,,
TartSwap Aggregator,tartswap-aggregator,DEX Aggregator,0.0,0.0,0.0,,,
Based Aggregator,based-aggregator,DEX Aggregator,0.0,0.0,0.0,,,
Hedge Fun,hedge-fun,Launchpad,0.0,0.0,0.0,,,
Puzzle Ranges,puzzle-ranges,Dexs,0.0,0.0,0.0,,,
Fake World Assets V2,fake-world-assets-v2,Luck Games,25771.0,83562.0,151248.0,765.09,,
HyperDex Aggregator,hyperdex-aggregator,DEX Aggregator,0.0,0.0,0.0,,,
BoneYard,boneyard,Gamified Mining,0.0,0.0,0.0,,,
TickerSpring Limit Orders,tickerspring-limit-orders,Trading App,0.0,0.0,0.0,,,
Packed,packed,Launchpad,97.0,26.0,26.0,,,
Archery V2,archery-v2,Dexs,0.0,0.0,0.0,,,
Injective,injective,Chain,7170.0,52152.0,206104.0,-1.33,-8.35,
Avalanche,avalanche,Chain,20623.0,149358.0,264802.0,2.76,489.9,
Solana,solana,Chain,114573.0,808437.0,2823203.0,11.12,24.35,
Ethereum,ethereum,Chain,358099.0,1952966.0,3622924.0,705.88,325.44,
Aptos,aptos,Chain,4713.0,33480.0,107927.0,16.43,47.56,
Movement,movement,Chain,,,,,,
Near,near,Chain,5792.0,28088.0,65015.0,86.3,418.53,
Provenance,provenance,Chain,0.0,0.0,0.0,,,
Sui,sui,Chain,3582.0,22930.0,58181.0,35.48,102.72,
Tezos,tezos,Chain,89.0,563.0,2528.0,15.58,89.36,
TON,ton,Chain,1581.0,8757.0,34629.0,67.66,36.06,
Algorand,algorand,Chain,22.0,122.0,455.0,0.0,15.79,
ICP,icp,Chain,5702.0,44193.0,186800.0,-2.01,1.31,
Tron,tron,Chain,521586.0,5047945.0,23390812.0,-20.65,-36.89,
BSC,bsc,Chain,68594.0,428961.0,2122150.0,12.09,30.37,
Monad,monad,Chain,13730.0,101714.0,359279.0,19.29,5.84,
Astar,astar,Chain,5.26,25.590000000000003,154.18999999999994,51.15,114.69,
Celo,celo,Chain,0.0,0.0,0.0,,,
EnergyWeb,energyweb,Chain,0.0,0.0,0.0,,,
Filecoin,filecoin,Chain,2072.0,14108.0,78734.0,15.69,91.32,
Rootstock,rootstock,Chain,0.0,0.0,0.0,,,
Somnia,somnia,Chain,248.0,1616.0,5176.0,20.98,90.77,
Unichain,unichain,Chain,132.0,2489.0,6956.0,-33.33,-61.63,
Plasma,plasma,Chain,1026.0,9080.0,17758.0,184.21,104.38,
Polkadot,polkadot,Chain,0.0,0.0,0.0,,,
Pendulum,pendulum,Chain,,,0.0,,,
Peaq,peaq,Chain,0.0,0.0,0.0,,,
NeuroWeb,neuroweb,Chain,,,0.0,,,
Mythos,mythos,Chain,1.33,6.34,26.43,118.03,22.02,
Moonbeam,moonbeam,Chain,,,,,,
Karura,karura,Chain,,,,,,
Kusama,kusama,Chain,0.0,0.0,0.0,,,
Robonomics,robonomics,Chain,0.0,0.0,0.0,,,
Darwinia,darwinia,Chain,0.0,0.0,0.0,,,
Acala,acala,Chain,,,0.0,,,
Hyperliquid L1,hyperliquid-l1,Chain,6963.0,127573.0,711464.0,-47.13,-84.01,
Kaia,kaia,Chain,75.0,428.0,1871.0,-14.77,7.14,
Babylon Genesis,babylon-genesis,Chain,0.0,0.0,0.0,,,
Bifrost,bifrost,Chain,0.02,0.22,1.2600000000000005,-33.33,-66.67,
Canton,canton,Chain,1881174.0,11560202.0,48714856.0,26.2,10.32,
CosmosHub,cosmoshub,Chain,0.0,0.0,0.0,,,
CSC,csc,Chain,0.0,0.0,0.0,,,
Gravity by Galxe,gravity-by-galxe,Chain,4.96,26.049999999999997,176.23,-41.85,313.33,
Neutron,neutron,Chain,,,0.0,,,
Noble,noble,Chain,0.0,0.0,0.0,,,
Osmosis,osmosis,Chain,0.0,0.0,0.0,,,
PulseChain,pulsechain,Chain,931.0,10016.0,47623.0,-24.68,-81.29,
Quai,quai,Chain,0.0,81427.0,230123.0,-100.0,,
Seda,seda,Chain,0.0,0.0,0.0,,,
SKALE,skale,Chain,0.0,0.0,0.0,,,
Gnosis,gnosis,Chain,0.0,0.0,0.0,,,
Eden,eden,Chain,0.0,0.0,0.0,,,
Heima,heima,Chain,,,,,,
Hydration,hydration,Chain,,,,,,
