fee_regime,fee_per_side,capital_usdt,leverage,trades,trades_per_day,final_balance,total_profit_pct,total_profit_usdt,cagr_pct,sharpe,sortino,calmar,sqn,profit_factor,winrate_pct,expectancy_pct,max_dd_pct,max_dd_usdt,max_dd_duration,long_trades,short_trades,funding_usdt,exit_stop_loss,exit_target_2r,exit_time_stop,liquidations,runtime_s
base,0.0005,500,1.0,954,0.74,700.13,40.03,200.13,9.95,1.824,14.614,9.095,4.0,1.375,37.74,20.9785,6.49,46.91,,0,954,0.318,564,322,68,0,29.2
base,0.0005,500,2.0,1084,0.84,681.98,36.4,181.98,9.14,1.088,14.955,3.34,2.239,1.216,22.79,16.7879,16.08,130.64,,0,1084,-2.061,831,234,19,0,24.5
base,0.0005,500,5.0,1257,0.97,498.96,-0.21,-1.04,-0.06,-0.005,-0.116,-0.01,-0.009,0.999,10.1,-0.0828,30.08,214.62,,0,1257,-4.242,1129,124,4,0,20.7
base,0.0005,500,10.0,1333,1.03,276.19,-44.76,-223.81,-15.4,-1.064,-21.408,-1.27,-1.975,0.783,5.03,-16.7898,52.01,299.28,,0,1333,-4.914,1266,66,1,0,19.1
base,0.0005,500,20.0,1376,1.06,187.73,-62.45,-312.27,-24.13,-1.086,-17.104,-1.318,-1.984,0.734,2.91,-22.6939,69.9,435.95,,0,1376,-6.237,1336,40,0,0,18.9
base,0.0005,1000,1.0,981,0.76,1413.57,41.36,413.57,10.25,1.873,15.053,9.279,4.051,1.373,37.82,42.1583,6.58,95.63,,0,981,1.529,579,331,71,0,30.4
base,0.0005,1000,2.0,1114,0.86,1384.27,38.43,384.27,9.6,1.134,15.163,3.449,2.302,1.22,23.07,34.4942,16.44,272.26,,0,1114,-3.708,851,244,19,0,25.2
base,0.0005,1000,5.0,1257,0.97,997.16,-0.28,-2.84,-0.08,-0.006,-0.168,-0.014,-0.012,0.999,10.1,-0.2262,30.61,439.9,,0,1257,-8.232,1129,124,4,0,20.7
base,0.0005,1000,10.0,1333,1.03,547.37,-45.26,-452.63,-15.62,-1.072,-22.67,-1.269,-1.99,0.782,5.03,-33.9557,52.61,607.54,,0,1333,-9.546,1266,66,1,0,19.0
base,0.0005,1000,20.0,1376,1.06,370.1,-62.99,-629.9,-24.43,-1.094,-17.2,-1.321,-1.998,0.732,2.91,-45.7775,70.35,878.19,,0,1376,-12.241,1336,40,0,0,18.6
base,0.0005,5000,1.0,1013,0.78,7128.39,42.57,2128.39,10.51,1.904,15.492,9.2,4.053,1.366,38.1,210.1074,6.83,503.77,,0,1013,11.673,594,345,74,0,30.7
base,0.0005,5000,2.0,1114,0.86,6964.11,39.28,1964.11,9.79,1.137,16.187,3.483,2.308,1.22,23.07,176.3115,16.64,1390.23,,0,1114,-16.676,851,244,19,0,25.5
base,0.0005,5000,5.0,1257,0.97,4969.76,-0.6,-30.24,-0.17,-0.013,-0.366,-0.029,-0.026,0.997,10.1,-2.4057,31.18,2252.09,,0,1257,-40.214,1129,124,4,0,20.9
base,0.0005,5000,10.0,1333,1.03,2717.93,-45.64,-2282.07,-15.79,-1.078,-23.221,-1.272,-2.001,0.781,5.03,-171.1982,52.95,3059.09,,0,1333,-46.738,1266,66,1,0,19.4
base,0.0005,5000,20.0,1376,1.06,1840.48,-63.19,-3159.52,-24.55,-1.097,-17.231,-1.322,-2.004,0.732,2.91,-229.6165,70.5,4398.15,,0,1376,-60.41,1336,40,0,0,19.1
stress,0.001745,500,1.0,951,0.73,636.76,27.35,136.76,7.05,1.305,10.326,5.661,2.867,1.253,37.43,14.3808,7.13,48.04,,0,951,0.388,562,321,68,0,29.3
stress,0.001745,500,2.0,1069,0.83,546.43,9.29,46.43,2.53,0.309,5.075,0.661,0.641,1.056,22.54,4.3433,20.72,142.79,,0,1069,-1.746,822,229,18,0,24.5
stress,0.001745,500,5.0,1249,0.96,265.9,-46.82,-234.1,-16.3,-1.356,-21.032,-1.277,-2.6,0.776,10.09,-18.7429,54.08,313.15,,0,1249,-2.332,1122,123,4,0,21.7
stress,0.001745,500,10.0,1308,1.01,75.01,-85.0,-424.99,-41.41,-2.985,-17.445,-1.475,-5.592,0.531,4.97,-32.4913,85.0,424.99,,0,1308,-1.854,1243,64,1,0,18.9
stress,0.001745,500,20.0,1317,1.02,15.11,-96.98,-484.89,-62.71,-2.903,-11.601,-1.475,-5.421,0.449,2.89,-36.818,96.99,487.49,,0,1317,-1.732,1279,38,0,0,18.0
stress,0.001745,1000,1.0,976,0.75,1284.58,28.46,284.58,7.31,1.35,10.765,5.822,2.928,1.253,37.6,29.1579,7.21,97.98,,0,976,1.642,576,330,70,0,29.5
stress,0.001745,1000,2.0,1114,0.86,1113.14,11.31,113.14,3.07,0.37,5.671,0.786,0.752,1.064,22.98,10.1559,21.24,300.16,,0,1114,-2.489,851,244,19,0,25.3
stress,0.001745,1000,5.0,1257,0.97,536.89,-46.31,-463.11,-16.08,-1.336,-19.755,-1.273,-2.554,0.78,10.1,-36.8421,53.66,621.79,,0,1257,-4.805,1129,124,4,0,20.3
stress,0.001745,1000,10.0,1332,1.03,144.49,-85.55,-855.51,-42.03,-3.01,-17.424,-1.475,-5.588,0.534,5.03,-64.2277,85.55,855.51,,0,1332,-3.455,1265,66,1,0,18.8
stress,0.001745,1000,20.0,1353,1.04,25.59,-97.44,-974.41,-64.41,-2.96,-11.612,-1.475,-5.453,0.447,2.81,-72.0188,97.45,979.37,,0,1353,-3.26,1315,38,0,0,18.1
stress,0.001745,5000,1.0,1013,0.78,6442.68,28.85,1442.68,7.41,1.357,11.066,5.73,2.889,1.244,37.81,142.417,7.43,508.44,,0,1013,12.229,594,345,74,0,30.3
stress,0.001745,5000,2.0,1114,0.86,5578.48,11.57,578.48,3.13,0.373,6.265,0.795,0.758,1.065,22.98,51.9282,21.46,1524.37,,0,1114,-11.385,851,244,19,0,27.3
stress,0.001745,5000,5.0,1257,0.97,2633.48,-47.33,-2366.52,-16.53,-1.356,-21.351,-1.277,-2.591,0.777,10.1,-188.2672,54.68,3177.49,,0,1257,-22.112,1129,124,4,0,23.2
stress,0.001745,5000,10.0,1333,1.03,705.62,-85.89,-4294.38,-42.41,-3.018,-17.408,-1.475,-5.6,0.534,5.03,-322.1592,85.89,4294.38,,0,1333,-16.501,1266,66,1,0,20.2
stress,0.001745,5000,20.0,1376,1.06,115.94,-97.68,-4884.06,-65.39,-2.995,-11.612,-1.475,-5.472,0.446,2.91,-354.9463,97.69,4909.54,,0,1376,-15.665,1336,40,0,0,20.1
