fee_regime,fee_per_side,capital_usdt,leverage,trades,trades_per_day,final_balance,total_profit_pct,total_profit_usdt,cagr_pct,sharpe,sortino,calmar,sqn,profit_factor,winrate_pct,expectancy_pct,max_dd_pct,max_dd_usdt,max_dd_duration,long_trades,short_trades,funding_usdt,lev_at_requested_pct,stop_dist_pct,exit_stop_loss,exit_target_2r,exit_time_stop,liquidations,runtime_s
base,0.0005,500,1.0,954,0.74,700.13,40.03,200.13,9.95,1.824,14.614,9.095,4.0,1.375,37.74,20.9785,6.49,46.91,,0,954,0.318,100.0,3.6,564,322,68,0,29.1
base,0.0005,500,2.0,997,0.77,964.73,92.95,464.73,20.35,1.686,9.907,10.406,3.618,1.325,38.01,46.6129,13.18,137.32,,0,997,0.953,100.0,3.6,585,338,74,0,30.8
base,0.0005,500,5.0,1013,0.78,1874.53,274.91,1374.53,45.13,1.131,4.091,13.275,2.406,1.212,38.1,135.6895,30.55,734.67,,0,1013,-6.797,100.0,3.6,594,345,74,0,30.8
base,0.0005,500,10.0,1013,0.78,2875.36,475.07,2375.36,63.73,0.551,1.548,13.111,1.172,1.102,38.1,234.488,53.46,2999.77,,0,1013,-53.794,100.0,3.6,594,345,74,0,30.6
base,0.0005,500,20.0,1013,0.78,881.51,76.3,381.51,17.33,0.048,0.112,1.273,0.103,1.009,38.1,37.6609,88.45,6752.08,,0,1013,-49.461,100.0,3.6,594,345,74,0,31.4
base,0.0005,1000,1.0,981,0.76,1413.57,41.36,413.57,10.25,1.873,15.053,9.279,4.051,1.373,37.82,42.1583,6.58,95.63,,0,981,1.529,100.0,3.6,579,331,71,0,31.7
base,0.0005,1000,2.0,1013,0.78,1916.97,91.7,916.97,20.13,1.679,9.881,10.29,3.575,1.318,38.1,90.5202,13.15,272.11,,0,1013,2.454,100.0,3.6,594,345,74,0,32.3
base,0.0005,1000,5.0,1013,0.78,3770.96,277.1,2770.96,45.37,1.127,4.08,13.358,2.399,1.211,38.1,273.5398,30.6,1483.56,,0,1013,-13.155,100.0,3.6,594,345,74,0,32.8
base,0.0005,1000,10.0,1013,0.78,5770.07,477.01,4770.07,63.89,0.55,1.545,13.151,1.171,1.102,38.1,470.8857,53.51,6039.84,,0,1013,-107.144,100.0,3.6,594,345,74,0,32.7
base,0.0005,1000,20.0,1013,0.78,1758.58,75.86,758.58,17.25,0.048,0.111,1.265,0.102,1.009,38.1,74.8848,88.48,13507.18,,0,1013,-97.323,100.0,3.6,594,345,74,0,32.9
base,0.0005,5000,1.0,1013,0.78,7128.39,42.57,2128.39,10.51,1.904,15.492,9.2,4.053,1.366,38.1,210.1074,6.83,503.77,,0,1013,11.673,100.0,3.6,594,345,74,0,33.0
base,0.0005,5000,2.0,1013,0.78,9709.28,94.19,4709.28,20.57,1.685,10.062,10.441,3.587,1.319,38.1,464.8846,13.31,1397.31,,0,1013,15.802,100.0,3.6,594,345,74,0,33.2
base,0.0005,5000,5.0,1013,0.78,18972.23,279.44,13972.23,45.62,1.126,4.077,13.437,2.397,1.211,38.1,1379.292,30.68,7487.3,,0,1013,-61.979,100.0,3.6,594,345,74,0,32.7
base,0.0005,5000,10.0,1013,0.78,28976.21,479.52,23976.21,64.09,0.55,1.544,13.219,1.171,1.102,38.1,2366.852,53.52,30346.2,,0,1013,-534.745,100.0,3.6,594,345,74,0,33.0
base,0.0005,5000,20.0,1013,0.78,8821.1,76.42,3821.1,17.35,0.048,0.112,1.274,0.102,1.009,38.1,377.2064,88.48,67774.89,,0,1013,-479.001,99.803,3.6,594,345,74,0,32.9
stress,0.001745,500,1.0,951,0.73,636.76,27.35,136.76,7.05,1.305,10.326,5.661,2.867,1.253,37.43,14.3808,7.13,48.04,,0,951,0.388,100.0,3.6,562,321,68,0,31.6
stress,0.001745,500,2.0,990,0.76,786.57,57.31,286.57,13.62,1.171,7.287,6.029,2.521,1.213,37.58,28.9466,14.02,125.09,,0,990,1.312,100.0,3.6,582,334,74,0,32.3
stress,0.001745,500,5.0,1013,0.78,1155.17,131.03,655.17,26.62,0.723,2.972,5.867,1.54,1.126,37.81,64.6762,32.95,556.0,,0,1013,-1.569,100.0,3.6,594,345,74,0,33.2
stress,0.001745,500,10.0,1013,0.78,1046.64,109.33,546.64,23.15,0.24,0.785,2.654,0.51,1.041,37.81,53.9627,60.77,1621.61,,0,1013,-10.492,100.0,3.6,594,345,74,0,33.1
stress,0.001745,500,20.0,1013,0.78,109.47,-78.11,-390.53,-34.83,-0.139,-0.322,-1.198,-0.297,0.976,37.81,-38.5522,96.17,2751.77,,0,1013,20.688,100.0,3.6,594,345,74,0,33.1
stress,0.001745,1000,1.0,976,0.75,1284.58,28.46,284.58,7.31,1.35,10.765,5.822,2.928,1.253,37.6,29.1579,7.21,97.98,,0,976,1.642,100.0,3.6,576,330,70,0,32.1
stress,0.001745,1000,2.0,1013,0.78,1572.55,57.26,572.55,13.61,1.171,7.329,5.904,2.492,1.208,37.81,56.5206,14.31,255.34,,0,1013,3.357,100.0,3.6,594,345,74,0,32.9
stress,0.001745,1000,5.0,1013,0.78,2283.18,128.32,1283.18,26.2,0.713,2.958,5.741,1.517,1.124,37.81,126.6709,32.97,1100.16,,0,1013,-1.463,100.0,3.6,594,345,74,0,32.7
stress,0.001745,1000,10.0,1013,0.78,2113.72,111.37,1113.72,23.49,0.242,0.791,2.701,0.515,1.041,37.81,109.9428,60.83,3283.02,,0,1013,-19.939,100.0,3.6,594,345,74,0,32.9
stress,0.001745,1000,20.0,1013,0.78,215.5,-78.45,-784.5,-35.12,-0.139,-0.32,-1.202,-0.296,0.976,37.81,-77.4435,96.27,5555.07,,0,1013,43.815,100.0,3.6,594,345,74,0,31.2
stress,0.001745,5000,1.0,1013,0.78,6442.68,28.85,1442.68,7.41,1.357,11.066,5.73,2.889,1.244,37.81,142.417,7.43,508.44,,0,1013,12.229,100.0,3.6,594,345,74,0,30.8
stress,0.001745,5000,2.0,1013,0.78,7917.14,58.34,2917.14,13.83,1.167,7.482,5.947,2.485,1.207,37.81,287.97,14.47,1304.6,,0,1013,19.78,100.0,3.6,594,345,74,0,31.1
stress,0.001745,5000,5.0,1013,0.78,11443.51,128.87,6443.51,26.28,0.71,2.952,5.749,1.512,1.123,37.81,636.0823,33.07,5540.35,,0,1013,-2.273,100.0,3.6,594,345,74,0,30.7
stress,0.001745,5000,10.0,1013,0.78,10569.01,111.38,5569.01,23.49,0.241,0.788,2.699,0.513,1.041,37.81,549.7538,60.89,16456.14,,0,1013,-96.391,100.0,3.6,594,345,74,0,30.7
stress,0.001745,5000,20.0,1013,0.78,1052.17,-78.96,-3947.83,-35.55,-0.141,-0.323,-1.209,-0.299,0.976,37.81,-389.7164,96.34,27715.64,,0,1013,224.797,100.0,3.6,594,345,74,0,30.7
